25 100 7 6
1.00100100100100099e-03 2.00000000000000000e+01
-2.18540996313095093e-01
-2.17058002948760986e-01
-2.22010001540184021e-01
-2.23199993371963501e-01
-2.18987002968788147e-01
-2.17574000358581543e-01
3.00000000000000000e+02
2.17326000332832336e-01
2.19111993908882141e-01
2.16815993189811707e-01
2.18274995684623718e-01
2.12775006890296936e-01
2.20480993390083313e-01
5.00000000000000000e+02
-3.74159795200000000e+09
-3.81811993600000000e+09
-3.73295104000000000e+09
-1.66913200000000000e+08
-1.63738208000000000e+08
-1.62822400000000000e+08
3.30285798400000000e+09
3.35393408000000000e+09
3.45006694400000000e+09
1.62844992000000000e+08
1.58698000000000000e+08
1.64503392000000000e+08
-2.32210680842399597e-02
1.10889095813035965e-02
-1.24406017363071442e-01
-1.55124559998512268e-01
-2.47167088091373444e-02
2.28656083345413208e-02
-4.62771318852901459e-02
1.54213979840278625e-01
-1.49266064167022705e-01
4.42395918071269989e-02
-1.19887180626392365e-02
-8.27993005514144897e-02
-2.19217419624328613e-01
-1.75637066364288330e-01
-3.39196398854255676e-02
1.27584144473075867e-01
1.62069305777549744e-01
2.13536709547042847e-01
-1.35443389415740967e-01
-1.15773081779479980e-01
1.34522080421447754e-01
2.26551830768585205e-01
5.69158196449279785e-02
8.56470912694931030e-02
-5.78379444777965546e-02
1.48123232647776604e-02
-4.37739416956901550e-02
-1.57509937882423401e-01
-1.76582876592874527e-02
-1.28927757032215595e-04
-1.03499442338943481e-01
1.91390514373779297e-01
-1.27858728170394897e-01
-1.18472792208194733e-01
-1.36780217289924622e-01
-1.54807791113853455e-01
-1.15043640136718750e-01
1.57379522919654846e-01
7.56999179720878601e-02
8.17944854497909546e-02
-7.20214918255805969e-02
7.42724072188138962e-03
1.01851187646389008e-02
-1.34320393204689026e-01
-2.16635197401046753e-01
-1.82024538516998291e-01
1.10925994813442230e-01
1.97937116026878357e-01
-1.21539644896984100e-02
1.35589987039566040e-01
3.99196110665798187e-02
5.36382533609867096e-02
6.43476024270057678e-02
9.86634567379951477e-02
1.22431308031082153e-01
-7.41217434406280518e-02
-3.17604802548885345e-02
6.68167695403099060e-03
-2.11931198835372925e-01
-1.81423068046569824e-01
6.35041445493698120e-02
7.46667534112930298e-02
-3.15979905426502228e-02
5.45208528637886047e-02
4.49799075722694397e-02
-1.30625180900096893e-02
2.53051035106182098e-02
7.15414807200431824e-02
1.33282780647277832e-01
2.18105465173721313e-01
-1.64981454610824585e-01
-1.34336531162261963e-01
5.79354614019393921e-02
1.04766637086868286e-01
1.17377504706382751e-01
1.50017097592353821e-01
-1.59987080842256546e-02
-1.02348320186138153e-01
7.80276656150817871e-02
-2.89864931255578995e-02
-1.34181275963783264e-01
7.24613592028617859e-02
7.05059543251991272e-02
-1.63756430149078369e-01
3.81575189530849457e-02
-2.35894620418548584e-02
-1.42760854214429855e-02
-1.36594980955123901e-01
1.03732764720916748e-01
-3.21795642375946045e-02
1.45797252655029297e-01
4.90218661725521088e-02
1.16998031735420227e-01
7.31095112860202789e-03
-6.57889619469642639e-02
-3.24489623308181763e-02
7.41036012768745422e-02
3.24594341218471527e-02
-1.28904461860656738e-01
-1.49445682764053345e-01
1.20925389230251312e-01
1.36427849531173706e-01
-1.16076171398162842e-01
-6.88562020659446716e-02
-1.22520528733730316e-01
-2.81386040151119232e-02
-1.53999775648117065e-01
-1.84709355235099792e-01
-4.77585382759571075e-02
3.30276489257812500e-02
2.29004546999931335e-02
1.62490099668502808e-01
-8.04046867415308952e-04
1.38131231069564819e-01
1.60410806536674500e-01
-1.06541901826858521e-01
-4.46054972708225250e-02
5.36512061953544617e-02
1.50493979454040527e-01
-1.03924795985221863e-01
8.48484262824058533e-02
2.77745239436626434e-02
-3.45451459288597107e-02
1.23372301459312439e-01
-1.73409968614578247e-01
-7.23224207758903503e-02
-7.95004069805145264e-02
4.26548160612583160e-02
-6.39945939183235168e-02
-1.40241131186485291e-01
-4.98366951942443848e-02
8.30401554703712463e-02
-1.29839569330215454e-01
-3.73757332563400269e-02
1.47045031189918518e-01
-7.40734040737152100e-02
-3.29206734895706177e-02
1.90869159996509552e-02
8.53878930211067200e-02
1.98200196027755737e-01
9.65676829218864441e-02
6.80111497640609741e-02
8.47099274396896362e-02
-1.39205958694219589e-02
-1.56106948852539062e-01
-4.99229356646537781e-02
-2.15919651091098785e-02
-3.20126898586750031e-02
-5.35542555153369904e-02
-1.39749079942703247e-01
-2.05119594931602478e-01
-3.33594381809234619e-02
-5.91782703995704651e-02
5.77324070036411285e-02
7.95187801122665405e-02
-1.95013523101806641e-01
1.00244253873825073e-01
-1.34909972548484802e-01
-1.58994097728282213e-03
-1.19163960218429565e-01
-3.51580530405044556e-02
-5.86585290729999542e-02
-2.15485289692878723e-01
-1.45393505692481995e-01
-5.84080407861620188e-04
1.59112121909856796e-02
-1.05901308357715607e-01
4.18247207999229431e-02
-1.32646828889846802e-01
-3.24970558285713196e-02
2.14144304394721985e-01
-8.98962914943695068e-02
1.65517285466194153e-01
5.74117563664913177e-02
-1.23577669262886047e-01
6.97581917047500610e-02
2.11773496121168137e-02
5.01958020031452179e-02
6.37420192360877991e-02
-1.50467187166213989e-01
5.62977232038974762e-02
-6.30634352564811707e-02
1.76241070032119751e-01
4.58115041255950928e-02
5.15756011009216309e-02
-1.47031890228390694e-02
-9.88826602697372437e-02
1.92139931023120880e-02
-9.47995260357856750e-02
1.33172214031219482e-01
5.06979487836360931e-02
1.94386705756187439e-01
-1.56049862504005432e-01
2.64114290475845337e-02
-1.07534885406494141e-01
-6.13158307969570160e-02
-7.45594352483749390e-02
1.57014071941375732e-01
-1.04910805821418762e-01
2.65097292140126228e-03
-2.25586183369159698e-02
1.20722398161888123e-01
-4.75310869514942169e-02
-7.58375898003578186e-02
-8.43501687049865723e-02
5.83661682903766632e-02
-2.41738241165876389e-02
1.48763880133628845e-01
5.81318028271198273e-02
9.34357866644859314e-02
-2.35829334706068039e-02
-7.63567462563514709e-02
5.88626004755496979e-02
7.62787740677595139e-03
1.26163288950920105e-02
2.28307656943798065e-02
-7.38774836063385010e-02
5.63230738043785095e-03
2.77055334299802780e-02
-1.63316443562507629e-01
5.90693322010338306e-04
1.06659397482872009e-01
9.56414043903350830e-02
4.53745089471340179e-02
-9.13848057389259338e-02
5.98915554583072662e-02
-1.36923491954803467e-01
-8.96236021071672440e-03
-5.02270981669425964e-02
-4.50328253209590912e-02
-3.19668799638748169e-02
1.35183319449424744e-01
-1.30693782120943069e-02
1.97959065437316895e-01
1.49740234017372131e-01
-6.11897669732570648e-02
4.95521351695060730e-02
-1.51895731687545776e-01
-1.20019301772117615e-01
1.87990944832563400e-02
5.91870807111263275e-02
1.87345892190933228e-01
-1.11458443105220795e-01
-5.03176935017108917e-02
1.00754104554653168e-01
-1.47182956337928772e-01
7.24078863859176636e-02
-3.83020117878913879e-02
-4.44969236850738525e-02
-3.91448736190795898e-02
-1.58415272831916809e-01
-1.26050999388098717e-02
1.17089606821537018e-01
3.02492617629468441e-03
-9.48394984006881714e-02
-3.92728485167026520e-02
-1.31990864872932434e-01
-2.17355875065550208e-04
-1.07538744807243347e-01
-1.75228044390678406e-01
-1.61504194140434265e-01
1.06175862252712250e-01
1.09386019408702850e-01
1.12385585904121399e-01
-3.85453812777996063e-02
1.65770296007394791e-03
-1.43049191683530807e-02
3.73680777847766876e-02
4.53025363385677338e-02
-1.61185059696435928e-02
-4.89300936460494995e-02
2.98163797706365585e-02
-1.05554498732089996e-01
1.30862414836883545e-01
-1.05777099728584290e-01
-1.67602121829986572e-01
1.35343745350837708e-01
-3.19785214960575104e-02
3.72742637991905212e-02
4.38836514949798584e-02
-4.25307080149650574e-02
-3.40838432312011719e-02
-1.93001180887222290e-01
7.90831968188285828e-02
3.58553454279899597e-02
1.13969855010509491e-01
-2.93084084987640381e-02
5.06170094013214111e-02
-2.32560373842716217e-02
-2.31265905313193798e-04
-3.79533655941486359e-02
7.99294635653495789e-02
8.61537232995033264e-02
-2.60008182376623154e-02
-3.97157706320285797e-02
-1.01268365979194641e-01
3.83976325392723083e-02
-1.44320249557495117e-01
8.08799862861633301e-02
-5.98220620304346085e-03
7.15491035953164101e-03
6.49094283580780029e-02
1.11657958477735519e-02
1.62200089544057846e-02
-1.76615417003631592e-02
-8.22897255420684814e-02
-7.35200345516204834e-02
3.12131065875291824e-02
1.11296027898788452e-01
-7.98670426011085510e-02
-1.05335667729377747e-01
-6.08188956975936890e-02
5.62252216041088104e-02
5.22737484425306320e-03
1.17427498102188110e-01
5.59482015669345856e-02
1.81252565234899521e-02
7.35538126900792122e-03
7.84133374691009521e-02
3.26954238116741180e-02
1.91690623760223389e-02
1.54743473976850510e-02
-1.21717728674411774e-01
6.23486638069152832e-02
1.59876376390457153e-01
1.59729629755020142e-01
1.44233137369155884e-01
-2.36855763942003250e-02
-2.43585556745529175e-02
-2.84610129892826080e-02
-1.56524956226348877e-01
-1.03017427027225494e-01
4.44392859935760498e-02
6.10328391194343567e-02
1.37160914018750191e-02
1.52591943740844727e-01
1.15737818181514740e-01
1.63470521569252014e-01
8.37246924638748169e-02
4.53773885965347290e-02
3.13604660332202911e-02
-2.56940666586160660e-02
1.22547708451747894e-01
2.14977134019136429e-02
-9.69200804829597473e-02
1.97039261460304260e-01
3.84735092520713806e-02
-3.96762080490589142e-02
-9.67772454023361206e-02
5.96868172287940979e-02
9.07355826348066330e-03
1.54817238450050354e-01
2.50310823321342468e-02
9.05088037252426147e-02
5.37025891244411469e-02
1.14144086837768555e-01
-9.04865711927413940e-02
1.66224777698516846e-01
-1.73796594142913818e-01
1.10537782311439514e-01
-1.30179682746529579e-02
-2.16348335146903992e-01
2.01488342136144638e-02
4.63330931961536407e-02
1.82159408926963806e-01
1.44019782543182373e-01
4.84674796462059021e-02
-1.81191816926002502e-01
-1.32499560713768005e-01
-1.96584481745958328e-02
-1.79650653153657913e-02
7.46652483940124512e-02
-1.36080756783485413e-02
-6.34799003601074219e-02
-1.37145012617111206e-01
-5.04269525408744812e-02
1.28873571753501892e-01
8.13684053719043732e-03
8.25080499053001404e-02
1.44432321190834045e-01
1.89019754528999329e-01
-5.51669001579284668e-02
5.34378252923488617e-02
2.62391213327646255e-02
7.12043493986129761e-02
1.97256773710250854e-01
1.03724457323551178e-01
1.32201418280601501e-01
-3.18809375166893005e-02
5.59991262853145599e-02
-1.50471040979027748e-02
2.46322713792324066e-02
-4.73242402076721191e-02
-9.33390557765960693e-02
-1.71608015894889832e-01
8.60561504960060120e-02
6.45706802606582642e-02
-4.22062128782272339e-02
-7.21131786704063416e-02
1.71547129750251770e-01
7.91742876172065735e-02
-4.20713573694229126e-02
-4.94049908593297005e-03
1.45357429981231689e-01
2.45661512017250061e-02
7.98827596008777618e-03
1.71198502182960510e-01
1.05115398764610291e-01
-6.87503591179847717e-02
8.72854813933372498e-02
-1.10120624303817749e-01
-3.38727235794067383e-02
1.44522741436958313e-01
-6.51330649852752686e-02
-4.95380051434040070e-02
-1.12494774162769318e-01
-4.63266745209693909e-02
-4.93510551750659943e-02
2.52993544563651085e-03
1.63153916597366333e-01
2.09223106503486633e-02
-1.04667879641056061e-01
1.47855118848383427e-03
2.15895269066095352e-02
1.28304809331893921e-01
-1.64155095815658569e-01
1.28937289118766785e-02
-5.95608390867710114e-02
2.77676042169332504e-02
1.13229177892208099e-01
-2.16480314731597900e-01
-5.81806562840938568e-02
9.19845923781394958e-02
-9.17938351631164551e-02
-7.37163051962852478e-02
-4.69494648277759552e-02
-1.26070557162165642e-02
-1.81485936045646667e-01
1.97385605424642563e-02
-2.51631475985050201e-02
-1.37281820178031921e-01
-2.34470844268798828e-01
2.39587686955928802e-02
1.74447640776634216e-01
-2.16564714908599854e-01
1.21789045631885529e-01
-1.16601087152957916e-01
3.49761731922626495e-02
3.76465450972318649e-03
-9.50689688324928284e-02
1.76327034831047058e-01
1.26918599009513855e-01
2.09917768836021423e-01
7.09876716136932373e-02
-1.15490756928920746e-01
1.26736938953399658e-01
1.64866074919700623e-02
5.43835051357746124e-02
-1.77969709038734436e-01
-4.76013906300067902e-02
-1.25585585832595825e-01
-2.69699431955814362e-02
1.39200538396835327e-01
-3.83048467338085175e-02
1.76009535789489746e-02
1.52101870626211166e-02
5.36202378571033478e-02
-5.63626065850257874e-02
-1.32992476224899292e-01
1.58738379832357168e-03
5.84066770970821381e-02
9.05715376138687134e-02
9.51452404260635376e-02
9.24444794654846191e-02
6.56090602278709412e-02
-1.72500297427177429e-01
-1.13237537443637848e-01
3.53520959615707397e-02
1.74202257767319679e-03
8.20766687393188477e-02
-1.59189343452453613e-01
-1.35219842195510864e-01
-1.29969939589500427e-01
2.18979474157094955e-02
2.27367486804723740e-02
1.56240537762641907e-01
1.31716400384902954e-01
5.24154445156455040e-03
-5.44174723327159882e-02
-1.77426841109991074e-02
3.31845246255397797e-02
9.47441160678863525e-02
1.31570398807525635e-02
-1.29400432109832764e-01
1.36513605713844299e-01
4.87818047404289246e-02
-1.21540442109107971e-01
-5.46000003814697266e-02
-2.10633613169193268e-02
2.73033604025840759e-02
-8.95694345235824585e-02
6.43625557422637939e-02
-1.41605352982878685e-02
6.54402226209640503e-02
1.03154987096786499e-01
-4.87788859754800797e-03
7.78855904936790466e-02
-1.90170370042324066e-02
-5.67028112709522247e-03
1.93088054656982422e-02
1.70073173940181732e-02
3.60794104635715485e-02
-1.41422385349869728e-02
-5.27125783264636993e-03
2.98496522009372711e-02
6.61999285221099854e-02
-1.70739680528640747e-01
-4.35233712196350098e-02
1.20372153818607330e-01
-3.53691615164279938e-02
7.99652114510536194e-02
-1.14124044775962830e-02
5.45732937753200531e-02
-6.90197497606277466e-02
-3.20079065859317780e-02
-4.28287312388420105e-02
3.19282375276088715e-02
-1.46300762891769409e-01
-7.36968358978629112e-03
-1.27552792429924011e-01
9.47032943367958069e-02
1.68070316314697266e-01
-1.14087149500846863e-01
-1.51591032743453979e-01
-1.19763188064098358e-01
7.58019909262657166e-02
-5.89077807962894440e-02
-1.37940526008605957e-01
7.29344263672828674e-02
4.94272261857986450e-02
-1.00393228232860565e-01
5.50987087190151215e-02
-7.86141008138656616e-02
-9.45947393774986267e-02
-1.01849259808659554e-02
1.12806484103202820e-01
-1.30322709679603577e-01
4.83360961079597473e-02
-1.03204458951950073e-01
2.00343191623687744e-01
-1.95077642798423767e-01
-9.29266810417175293e-02
1.34076282382011414e-01
-9.53051224350929260e-02
1.29147052764892578e-01
-4.56964559853076935e-02
-3.81151363253593445e-02
-5.47616071999073029e-02
1.03716164827346802e-01
2.91637815535068512e-02
-1.33114099502563477e-01
1.88981182873249054e-02
-6.19156733155250549e-02
-8.26293043792247772e-03
-4.71375957131385803e-02
1.12177342176437378e-01
-1.28193385899066925e-02
-5.69387003779411316e-02
1.37680456042289734e-01
9.27612408995628357e-02
7.74083957076072693e-02
4.71992380917072296e-02
-8.96403566002845764e-03
-9.92564186453819275e-02
6.01289421319961548e-02
1.13929606974124908e-01
-5.89111559092998505e-02
-1.96892470121383667e-01
2.96485442668199539e-02
1.22945845127105713e-01
-2.33103521168231964e-03
-1.36453077197074890e-01
-1.74434587359428406e-01
8.18997398018836975e-02
2.08396203815937042e-02
-9.51479896903038025e-02
9.43143516778945923e-02
2.48647499829530716e-02
2.10120871663093567e-01
1.30379348993301392e-01
-1.11577428877353668e-01
-2.43280157446861267e-01
-5.70319071412086487e-02
1.07939705252647400e-01
5.15511445701122284e-02
7.11683630943298340e-02
-1.03306427597999573e-01
5.07261306047439575e-02
5.30222468078136444e-02
1.81454688310623169e-01
-9.54619050025939941e-02
-1.39556765556335449e-01
-7.52496346831321716e-02
2.12958976626396179e-01
-9.69688221812248230e-02
3.60800996422767639e-02
-4.82317358255386353e-02
-2.17291023582220078e-02
-1.08094207942485809e-01
-1.06839187443256378e-01
-2.54505984485149384e-02
-2.13316053152084351e-01
1.94340839982032776e-01
-1.43428727984428406e-01
7.87422060966491699e-02
1.29312962293624878e-01
1.32977843284606934e-01
-4.11442033946514130e-02
5.23298457264900208e-02
-1.20588866993784904e-02
-2.58236024528741837e-02
2.08862602710723877e-01
5.62800839543342590e-02
-2.09977164864540100e-01
4.83127459883689880e-02
-1.86528623104095459e-01
2.45876923203468323e-01
1.00976400077342987e-01
-1.83817997574806213e-01
-4.70428802073001862e-02
8.92484709620475769e-02
-3.64050343632698059e-02
8.93335416913032532e-02
-5.74350692331790924e-02
1.11621797084808350e-01
6.64998069405555725e-02
-1.14027477800846100e-01
-1.26402765512466431e-01
-2.09541290998458862e-01
1.40551567077636719e-01
-8.41885805130004883e-02
2.91118156164884567e-02
3.45553085207939148e-02
-2.44049672037363052e-02
-1.34220421314239502e-01
1.96649447083473206e-01
-1.37099862098693848e-01
1.60389795899391174e-01
-1.60265982151031494e-01
-2.67888512462377548e-02
1.00925371050834656e-01
-8.23675766587257385e-02
7.14950188994407654e-02
-1.53416603803634644e-01
-6.58902972936630249e-02
5.01806437969207764e-02
3.23283486068248749e-02
2.62032449245452881e-01
-1.16422377526760101e-01
-2.62718517333269119e-02
-1.54315372928977013e-02
3.04831229150295258e-02
1.20200634002685547e-01
-9.95509922504425049e-02
-3.93870100378990173e-02
1.66567683219909668e-01
-1.38569742441177368e-01
9.82721075415611267e-02
3.13268750905990601e-02
1.26725226640701294e-01
-1.08022168278694153e-01
-2.89929267019033432e-02
1.19609991088509560e-02
7.50791281461715698e-02
1.04844592511653900e-01
1.59088775515556335e-01
-6.63559511303901672e-02
-6.58934861421585083e-02
1.24621048569679260e-01
2.57777478545904160e-02
1.57500192523002625e-01
-1.45497113466262817e-01
1.19029149413108826e-01
-2.19026692211627960e-02
1.63074284791946411e-01
1.52142658829689026e-01
-8.95973667502403259e-02
-2.75975048542022705e-01
-2.23057884722948074e-02
1.50981161277741194e-03
1.33560188114643097e-02
-2.76128500699996948e-02
1.29134342074394226e-01
5.42526319622993469e-02
-3.17538417875766754e-02
-3.81177626550197601e-02
1.31296873092651367e-01
-1.95129767060279846e-01
5.12404479086399078e-02
7.05550909042358398e-02
-2.67889518290758133e-02
3.57554964721202850e-02
-1.42665565013885498e-01
-3.79008501768112183e-02
-5.32863251864910126e-02
-9.14629176259040833e-03
6.01124987006187439e-02
2.00947344303131104e-01
-1.64080709218978882e-01
4.03704494237899780e-02
8.68266075849533081e-03
-7.32749179005622864e-02
-1.29074648022651672e-01
-1.08928747475147247e-01
1.28439664840698242e-01
-1.16542642936110497e-02
3.86140285991132259e-03
3.74284014105796814e-02
1.21122471988201141e-01
1.04316718876361847e-01
1.88651531934738159e-02
4.29198495112359524e-04
-6.49527162313461304e-02
-8.37419480085372925e-02
-8.91406182199716568e-03
2.00316379778087139e-03
1.62048578262329102e-01
-9.35768038034439087e-02
4.23345267772674561e-02
2.52490602433681488e-02
-1.45640317350625992e-02
2.00267545878887177e-02
2.32985317707061768e-02
1.30098164081573486e-02
-2.72193457931280136e-04
1.30020558834075928e-01
-3.53119075298309326e-02
-1.36837154626846313e-01
-1.61210745573043823e-02
-1.76824539899826050e-01
-1.73949107527732849e-01
6.39335624873638153e-03
1.55038714408874512e-01
3.41097190976142883e-02
2.75859832763671875e-02
1.84280276298522949e-01
1.00996859371662140e-01
-7.05810561776161194e-02
-3.47244590520858765e-02
-1.11570656299591064e-01
-1.92082285881042480e-01
-3.22777293622493744e-02
1.12153783440589905e-01
2.04891934990882874e-01
-4.51782578602433205e-03
-4.98287752270698547e-03
-5.59395737946033478e-02
1.41359880566596985e-01
-7.31117129325866699e-02
3.79290478304028511e-03
-4.42638881504535675e-02
2.05895397812128067e-02
-2.46536076068878174e-01
1.31017878651618958e-01
5.82804158329963684e-02
-5.87224327027797699e-02
-6.81715607643127441e-02
7.81749337911605835e-02
-1.45515963435173035e-01
-3.73359695076942444e-02
3.74779328703880310e-02
-1.41539916396141052e-01
1.12581603229045868e-01
1.06028921902179718e-01
1.33623406291007996e-01
-1.88923403620719910e-01
1.33519649505615234e-01
-8.36689993739128113e-02
1.39167429879307747e-02
-1.18353128433227539e-01
-2.01745629310607910e-01
1.02021910250186920e-01
1.00867226719856262e-01
1.36410787701606750e-01
-5.11891208589076996e-02
-1.18255019187927246e-01
2.03585941344499588e-02
-1.25980436801910400e-01
-2.82813776284456253e-02
7.07064419984817505e-02
7.60602504014968872e-02
-5.61684854328632355e-02
1.14897765219211578e-01
1.11927844583988190e-01
6.15676715970039368e-02
-9.68411639332771301e-02
-1.29650086164474487e-01
-1.32758766412734985e-01
2.58859880268573761e-02
6.89624994993209839e-03
5.18959835171699524e-02
-3.68386954069137573e-02
1.40297234058380127e-01
-1.39710217714309692e-01
2.47161053121089935e-02
1.75829380750656128e-01
1.70736238360404968e-01
-7.83643946051597595e-02
-4.86096367239952087e-02
7.35777467489242554e-02
-1.44372835755348206e-01
-3.66869866847991943e-02
-9.53440666198730469e-02
-1.65726944804191589e-01
6.98846206068992615e-02
1.98271259665489197e-01
-1.46234035491943359e-02
1.46289780735969543e-01
3.97933879867196083e-03
7.70372292026877403e-03
1.37253463268280029e-01
5.64684383571147919e-02
1.24744258821010590e-01
-8.29206407070159912e-02
-6.08673952519893646e-02
8.26636627316474915e-02
-7.51670524477958679e-02
-1.30467087030410767e-01
6.43134191632270813e-02
-2.68279947340488434e-02
1.28855898976325989e-01
-4.21406589448451996e-02
-3.39359194040298462e-02
-1.18292838335037231e-01
-1.37731775641441345e-01
8.59328284859657288e-02
5.03538027405738831e-02
-1.34706705808639526e-01
-5.04809282720088959e-02
1.99879445135593414e-02
-9.67018026858568192e-03
9.35798287391662598e-02
3.92771661281585693e-02
6.92780837416648865e-02
7.99346268177032471e-02
-4.01174882426857948e-03
8.23131352663040161e-02
3.28879877924919128e-02
-2.89488248527050018e-02
-5.79620385542511940e-03
-9.57275256514549255e-02
8.26004073023796082e-02
-8.18131938576698303e-02
-1.23951390385627747e-01
-1.29563761875033379e-02
-1.08041733503341675e-01
3.40885668992996216e-02
1.15052303299307823e-02
1.41930297017097473e-01
-1.59351021051406860e-01
7.58777335286140442e-02
1.36929243803024292e-01
5.04060238599777222e-02
3.63299921154975891e-02
1.81056484580039978e-01
-4.82596829533576965e-02
5.04129752516746521e-02
-8.10659825801849365e-02
3.56641560792922974e-02
5.30080534517765045e-02
3.04505601525306702e-02
5.80433681607246399e-02
-1.61739408969879150e-01
1.71273981686681509e-03
-4.14201207458972931e-02
-5.31095899641513824e-02
7.66500830650329590e-02
1.13211520016193390e-01
-1.77564956247806549e-02
5.64624071121215820e-02
-2.95380204916000366e-02
-5.47716394066810608e-02
-3.67126539349555969e-02
1.12483613193035126e-01
1.44166231155395508e-01
1.39142751693725586e-01
1.19984880089759827e-01
-1.67078688740730286e-01
1.64875965565443039e-02
1.58514380455017090e-01
-1.79666027426719666e-01
1.34068489074707031e-01
1.04094445705413818e-01
1.13481976091861725e-01
-4.27175611257553101e-02
4.88823615014553070e-02
-1.73479169607162476e-01
-7.78416870161890984e-03
2.62047443538904190e-02
5.22003732621669769e-02
1.61611258983612061e-01
2.52883106470108032e-01
1.57979071140289307e-01
4.46515120565891266e-02
1.50265753269195557e-01
-5.95301277935504913e-02
-7.39132314920425415e-02
-3.13125969842076302e-03
2.24120430648326874e-02
-3.90345379710197449e-02
1.46786302328109741e-01
1.22948989272117615e-01
-3.65987010300159454e-02
-2.04953756183385849e-02
9.99995395541191101e-02
-9.92510095238685608e-03
-1.03895902633666992e-01
-1.39423444867134094e-01
1.86466556042432785e-02
-5.89779987931251526e-02
1.03001140058040619e-01
-6.00003153085708618e-02
-4.80198562145233154e-02
9.55640748143196106e-02
1.19338445365428925e-01
-2.12601751089096069e-01
1.51490375399589539e-01
-1.69107913970947266e-01
1.34962633252143860e-01
1.29519566893577576e-01
1.54092729091644287e-01
-1.30944535136222839e-01
-2.40263268351554871e-01
6.18403926491737366e-02
1.36966183781623840e-01
1.34865596890449524e-01
6.12930133938789368e-02
-8.65897610783576965e-02
6.59505790099501610e-03
-1.95496216416358948e-01
-5.32425455749034882e-02
-1.60365134477615356e-01
-1.34538300335407257e-02
1.07595644891262054e-01
5.25813899002969265e-04
5.62149435281753540e-02
-2.19442378729581833e-02
-6.84617906808853149e-02
3.22221070528030396e-02
3.37431021034717560e-02
1.37024596333503723e-02
-8.47852379083633423e-02
-1.36068746447563171e-01
-3.01543585956096649e-02
2.90218926966190338e-03
2.77708955109119415e-02
3.75772640109062195e-03
-6.31569698452949524e-02
5.97752369940280914e-02
2.52600274980068207e-02
-5.38548454642295837e-02
4.16797697544097900e-02
1.24720863997936249e-01
-1.53902813792228699e-01
-1.76354572176933289e-01
-5.22372759878635406e-02
1.46308615803718567e-01
-7.50685157254338264e-03
-2.30982322245836258e-02
1.29660770297050476e-01
5.72126246988773346e-02
-2.75524109601974487e-02
1.31415575742721558e-01
6.05839751660823822e-02
-1.20705880224704742e-01
-3.73493097722530365e-02
1.17169238626956940e-01
2.33842507004737854e-01
-1.29327356815338135e-01
7.71485120058059692e-02
4.08264249563217163e-02
-1.30561307072639465e-01
3.55811975896358490e-02
-7.76250427588820457e-03
-2.17760019004344940e-02
-1.07078380882740021e-01
-2.22936078906059265e-01
-7.93257448822259903e-03
-1.52166970074176788e-02
1.65513426065444946e-01
-6.47600591182708740e-02
1.47529467940330505e-01
4.66872472316026688e-03
5.83443383220583200e-04
4.28793579339981079e-02
5.60795888304710388e-02
-1.48800376337021589e-03
-7.87914022803306580e-02
-8.70627164840698242e-03
5.56915719062089920e-03
1.12788654863834381e-01
-1.89182147383689880e-01
5.78665360808372498e-02
-1.33758604526519775e-01
1.43075168132781982e-01
1.73967853188514709e-01
-1.46671608090400696e-01
-2.38692358136177063e-01
-1.32209032773971558e-01
-1.30514681339263916e-01
4.26568239927291870e-02
7.51556828618049622e-02
5.09704463183879852e-02
-1.92988350987434387e-01
-7.87162184715270996e-02
1.23943574726581573e-01
1.29250094294548035e-01
-8.87606889009475708e-02
2.16446407139301300e-02
1.61225840449333191e-01
7.84363225102424622e-02
-9.86135154962539673e-02
-1.28634333610534668e-01
-1.71876233071088791e-02
-3.11613623052835464e-02
-1.78595408797264099e-01
-1.21233791112899780e-01
9.56877134740352631e-03
-7.91581422090530396e-02
1.44672811031341553e-01
1.32145673036575317e-01
-3.70906591415405273e-02
-4.60897460579872131e-02
-4.75667156279087067e-02
5.77079355716705322e-02
1.03735402226448059e-01
-1.30262017250061035e-01
-2.65078842639923096e-02
-1.24592579901218414e-01
1.34241327643394470e-01
-1.25996530055999756e-01
1.54939442873001099e-01
-1.00344754755496979e-01
-1.67621836066246033e-01
1.07838012278079987e-01
7.79886171221733093e-03
8.35956186056137085e-02
7.68889114260673523e-02
-1.35972455143928528e-01
7.97378942370414734e-02
-4.56123575568199158e-02
-7.21325725317001343e-02
1.37613222002983093e-01
4.42222654819488525e-02
-7.65039622783660889e-02
-2.12557390332221985e-02
1.50124266743659973e-01
1.19280338287353516e-01
1.68409168720245361e-01
-5.70362135767936707e-02
-1.36469230055809021e-01
7.38356932997703552e-02
7.27847963571548462e-02
2.25403368473052979e-01
-7.32951983809471130e-02
-6.36788979172706604e-02
-9.82828885316848755e-02
-2.00567439198493958e-01
-1.86347365379333496e-02
4.72988225519657135e-02
5.67155405879020691e-02
3.54463867843151093e-02
1.05383642017841339e-01
-8.02925415337085724e-03
1.80854618549346924e-01
-9.03644487261772156e-02
-1.25779107213020325e-01
2.67704315483570099e-02
1.61562874913215637e-01
-6.08535017818212509e-03
3.56070734560489655e-02
-1.95476915687322617e-02
-4.76456023752689362e-02
-6.28458335995674133e-02
7.95945450663566589e-02
1.29710152745246887e-01
7.93213322758674622e-02
-1.50130959227681160e-02
-2.11177244782447815e-02
-1.23492300510406494e-01
-6.05046115815639496e-02
1.46290317177772522e-01
-2.64598540961742401e-02
1.12544804811477661e-01
-9.34845134615898132e-02
-5.07407914847135544e-03
-5.79202361404895782e-02
-1.14592641592025757e-01
9.60061475634574890e-02
-2.16117184609174728e-02
7.46066123247146606e-03
-4.36251536011695862e-02
1.12159557640552521e-01
1.72073915600776672e-02
-4.89669442176818848e-02
1.40819609165191650e-01
-1.40280306339263916e-01
-1.20528429746627808e-01
1.15926772356033325e-01
-7.81100243330001831e-02
-1.25930741429328918e-01
-1.14399269223213196e-01
-8.85609164834022522e-03
4.27500791847705841e-02
-9.38138738274574280e-02
-2.16274350881576538e-01
7.36997788771986961e-03
-1.90571788698434830e-02
-8.19493383169174194e-02
4.23914119601249695e-02
1.10427374020218849e-02
-9.56221371889114380e-02
-8.57272148132324219e-02
7.08962837234139442e-03
-1.62256136536598206e-01
-2.73078009486198425e-02
-1.39400914311408997e-01
-1.98307916522026062e-01
7.60074928402900696e-02
-1.43619686365127563e-01
-4.98433783650398254e-03
1.46161064505577087e-01
8.05328041315078735e-02
1.65335506200790405e-01
-9.28248241543769836e-02
-1.46846428513526917e-01
-3.54897864162921906e-02
-6.19365423917770386e-02
5.32541871070861816e-02
-1.25333666801452637e-01
4.12850975990295410e-02
-4.19161468744277954e-02
-5.00683188438415527e-02
-3.48407179117202759e-02
8.14103186130523682e-02
-2.12685704231262207e-01
1.19623757898807526e-01
-3.83648760616779327e-02
6.90530166029930115e-02
-9.18151289224624634e-02
1.59130468964576721e-02
-5.80336265265941620e-02
-7.25102722644805908e-02
7.87019431591033936e-02
1.50562822818756104e-01
-1.77488490939140320e-01
-6.47043064236640930e-02
1.48572117090225220e-01
-9.23146679997444153e-02
7.29230791330337524e-02
-6.79207593202590942e-02
-3.25767584145069122e-02
7.21217095851898193e-02
1.15194655954837799e-01
6.77858293056488037e-02
-1.41344174742698669e-01
1.60869192332029343e-02
1.53131512925028801e-02
-6.81374743580818176e-02
5.98169341683387756e-02
-1.06718875467777252e-01
-6.91359490156173706e-03
-2.28914413601160049e-02
-1.05928279459476471e-01
-7.03551173210144043e-02
1.45809613168239594e-02
1.92929916083812714e-02
3.02235931158065796e-02
-5.42920753359794617e-02
-1.10557124018669128e-01
3.65535244345664978e-02
-3.53604219853878021e-02
1.62331163883209229e-01
-1.26055285334587097e-01
-1.83953180909156799e-01
-1.96835234761238098e-01
-7.27258101105690002e-02
1.59400597214698792e-01
1.01955622434616089e-01
-1.28153651952743530e-01
2.61587221175432205e-02
8.12073647975921631e-02
7.75146037340164185e-02
9.88239869475364685e-02
9.36212837696075439e-02
-9.47175025939941406e-02
1.93780720233917236e-01
6.92119868472218513e-03
-2.76048704981803894e-02
-1.67608216404914856e-01
1.50106055662035942e-02
8.65802317857742310e-02
9.67655032873153687e-02
-1.27406030893325806e-01
-7.21048414707183838e-02
-1.50054812431335449e-01
-1.13550148904323578e-01
2.07838773727416992e-01
2.10643131285905838e-02
-1.68224334716796875e-01
-4.35376651585102081e-02
1.16505026817321777e-02
3.81392762064933777e-02
-9.90402474999427795e-02
-2.13021427392959595e-01
-1.25282540917396545e-01
5.78685961663722992e-02
7.93922543525695801e-02
-6.79751411080360413e-02
5.09298369288444519e-02
1.06650061905384064e-01
5.44250197708606720e-03
-9.30836796760559082e-03
9.16726514697074890e-03
1.80027950555086136e-02
2.61515416204929352e-02
-1.38923838734626770e-01
3.99993136525154114e-02
1.15867488086223602e-01
-4.36992347240447998e-02
1.58466026186943054e-01
1.19473703205585480e-01
-9.05065312981605530e-02
-1.16020567715167999e-01
1.18781566619873047e-01
-3.01153194159269333e-02
2.78955288231372833e-02
3.76091152429580688e-02
1.20336629450321198e-01
-1.95108324289321899e-01
-4.46297377347946167e-02
7.62572214007377625e-02
1.13446466624736786e-01
-1.11165061593055725e-01
-8.58079493045806885e-02
-1.85861617326736450e-01
-6.26846775412559509e-02
-7.76299908757209778e-02
1.00679509341716766e-01
-3.52560589089989662e-03
6.37093782424926758e-02
1.81076988577842712e-01
1.23576752841472626e-01
-1.81700497865676880e-01
1.21362887322902679e-01
8.28905254602432251e-02
1.80173933506011963e-01
-1.63392469286918640e-01
9.27232578396797180e-02
1.38319104909896851e-01
-4.97183427214622498e-02
4.00703027844429016e-02
3.88730838894844055e-02
-2.02181831002235413e-01
-1.89162755850702524e-03
-1.94444227963685989e-02
6.88356161117553711e-02
1.86359450221061707e-01
1.12146914005279541e-01
7.63303413987159729e-02
-9.93875116109848022e-02
1.32453501224517822e-01
-8.02508071064949036e-02
-8.10783579945564270e-02
3.85479885153472424e-04
-1.06933517381548882e-02
1.17046847939491272e-01
3.68377678096294403e-02
8.48507955670356750e-02
2.18143612146377563e-02
-1.19676135480403900e-01
-5.22965192794799805e-02
-8.35488270968198776e-03
4.79057431221008301e-02
-2.59068701416254044e-03
-1.52049079537391663e-01
-5.43966591358184814e-02
8.71703997254371643e-02
7.15756267309188843e-02
-1.33537605404853821e-01
1.92795470356941223e-01
1.52650654315948486e-01
5.43407984077930450e-02
2.76485886424779892e-02
-1.33203253149986267e-01
-2.23969146609306335e-01
-5.07052130997180939e-02
-1.21127441525459290e-01
5.13729490339756012e-02
-5.65983057022094727e-02
-6.49929866194725037e-02
-9.39165800809860229e-02
-1.63153447210788727e-02
1.55804708600044250e-01
1.38245016336441040e-01
-3.77111285924911499e-02
4.10114154219627380e-02
-6.96193948388099670e-02
-2.00456455349922180e-01
-3.42349149286746979e-02
1.70207634568214417e-01
-4.69291321933269501e-02
-2.48751752078533173e-02
-7.62231796979904175e-02
3.35096120834350586e-02
1.28572762012481689e-01
-2.10729107260704041e-01
-1.15512393414974213e-01
1.56172290444374084e-01
2.45374515652656555e-02
8.63402988761663437e-03
4.77933250367641449e-02
-4.09117862582206726e-02
-6.18614330887794495e-02
-6.08821213245391846e-02
1.06638588011264801e-01
-1.19195014238357544e-01
-1.33108437061309814e-01
-5.11471889913082123e-02
-1.32445156574249268e-01
2.60519254952669144e-02
-4.33723777532577515e-02
7.18675777316093445e-02
2.99604013562202454e-02
-6.58949613571166992e-02
7.54618793725967407e-02
1.90867837518453598e-02
-1.00020192563533783e-01
1.53881208971142769e-02
8.16042646765708923e-02
-1.54964059591293335e-01
2.41789240390062332e-02
-6.93878158926963806e-02
3.76764759421348572e-02
-4.93970047682523727e-03
1.04660047218203545e-02
1.39935031533241272e-01
-2.13569685816764832e-01
-6.89867278560996056e-03
1.44433245062828064e-01
-1.03559143841266632e-01
1.86124414205551147e-01
8.37843045592308044e-02
1.58108159899711609e-01
3.51147800683975220e-02
6.02778419852256775e-02
-8.73909816145896912e-02
-9.32139605283737183e-02
8.74194204807281494e-02
7.45473131537437439e-02
7.39731863141059875e-02
2.65293538570404053e-01
-7.30307921767234802e-02
1.25965392217040062e-02
6.55013620853424072e-02
8.12693536281585693e-02
1.05843201279640198e-01
-8.97091552615165710e-02
-8.49728360772132874e-02
9.79946702718734741e-02
-1.55475303530693054e-01
6.18888884782791138e-02
-7.99941569566726685e-02
1.43559128046035767e-02
3.30564118921756744e-02
6.91211298108100891e-02
8.47508832812309265e-02
9.44070667028427124e-02
3.82963903248310089e-02
1.77069986239075661e-03
2.26201787590980530e-01
-1.13921858370304108e-01
2.32106875628232956e-02
-2.89901271462440491e-02
1.66428238153457642e-01
8.00344198942184448e-02
-3.21865379810333252e-02
-9.13033187389373779e-02
-2.63003744184970856e-02
1.64353907108306885e-01
3.31739373505115509e-02
7.60355815291404724e-02
7.56003409624099731e-02
6.88468292355537415e-02
1.96004852652549744e-01
-1.42237581312656403e-02
8.13339725136756897e-02
-7.74531066417694092e-02
9.53334569931030273e-02
-8.50210487842559814e-02
7.46397897601127625e-02
-9.37257781624794006e-02
-9.41527411341667175e-02
1.12850904464721680e-01
3.02942004054784775e-02
1.56779736280441284e-02
7.70214870572090149e-02
-1.10964300110936165e-02
3.77880930900573730e-02
-9.32194963097572327e-02
2.38237865269184113e-02
-8.02457146346569061e-03
1.61425024271011353e-01
1.76652163267135620e-01
1.91007256507873535e-01
-5.83202205598354340e-02
8.93060266971588135e-02
-2.24795654416084290e-01
-1.57075643539428711e-01
3.98095026612281799e-02
3.86400818824768066e-02
-4.23681326210498810e-02
-7.13095359969884157e-05
2.65168771147727966e-03
-1.44683569669723511e-01
-9.31914672255516052e-02
1.53394430875778198e-01
5.53453080356121063e-02
-3.76391895115375519e-02
-1.29695102572441101e-01
-6.53810501098632812e-02
-6.15191236138343811e-02
9.21285375952720642e-02
4.11704462021589279e-03
-3.64579935558140278e-03
-3.09303048998117447e-02
8.37623048573732376e-03
-1.64027050137519836e-01
-1.41243427991867065e-01
1.58699810504913330e-01
-1.19510799646377563e-01
-5.76066039502620697e-02
-3.34777943789958954e-02
-1.54390230774879456e-01
1.72502547502517700e-03
1.88297480344772339e-02
-1.43725842237472534e-01
-8.65424498915672302e-02
-2.88143232464790344e-02
-1.02957539260387421e-01
1.41235783696174622e-01
1.76120921969413757e-01
7.82501883804798126e-03
-7.67751485109329224e-02
4.63707298040390015e-02
-1.08923099935054779e-01
3.88844724511727691e-04
1.44648822024464607e-02
-1.28647014498710632e-01
-2.39408900961279869e-03
-7.30902925133705139e-02
-5.66444881260395050e-02
-6.52992054820060730e-02
-1.15797266364097595e-01
-3.02857346832752228e-02
-7.68665671348571777e-02
9.02970135211944580e-02
1.48330442607402802e-02
8.88887941837310791e-02
-2.11588684469461441e-02
2.41537895053625107e-02
9.50134620070457458e-02
1.66416689753532410e-01
1.50300860404968262e-01
-2.67056319862604141e-02
-1.36011406779289246e-01
-1.12921006977558136e-01
-5.57136088609695435e-02
1.74204424023628235e-01
7.57324919104576111e-02
9.63942036032676697e-02
1.15656912326812744e-01
-1.79473906755447388e-02
-6.66385069489479065e-02
1.17451503872871399e-01
8.53548869490623474e-02
-1.71080846339464188e-02
-6.20407462120056152e-02
7.93896690011024475e-02
4.70402010250836611e-05
1.22564941644668579e-01
8.53349640965461731e-02
6.66341111063957214e-02
-3.69718447327613831e-02
-9.03099849820137024e-02
1.57380700111389160e-01
-3.72578203678131104e-02
-1.20140068233013153e-01
9.84787661582231522e-03
1.98802724480628967e-02
1.17125384509563446e-01
-1.27700462937355042e-01
2.82969065010547638e-02
-1.45192787051200867e-01
-1.01648889482021332e-01
-5.09915240108966827e-02
-7.77081772685050964e-02
1.56523615121841431e-01
-4.80735208839178085e-03
5.01920133829116821e-02
5.94882555305957794e-02
-7.04182386398315430e-02
-1.23342752456665039e-01
-1.51707440614700317e-01
-2.12777554988861084e-02
-9.73284766077995300e-02
4.51284740120172501e-03
2.72129699587821960e-02
5.50081953406333923e-02
-4.86492365598678589e-02
3.70368286967277527e-02
8.48591178655624390e-02
-1.11836269497871399e-01
-6.47881478071212769e-02
1.52135655283927917e-01
6.91104605793952942e-02
-1.36312752962112427e-01
-1.31034618243575096e-02
-4.60689663887023926e-02
5.14501184225082397e-02
1.43865019083023071e-01
-9.63170826435089111e-02
1.77597403526306152e-01
2.86148674786090851e-02
2.06240937113761902e-02
-4.09004017710685730e-02
-1.22557869181036949e-02
8.27103927731513977e-02
9.47270467877388000e-02
-5.62345795333385468e-03
1.45031720399856567e-01
-1.23211726546287537e-01
1.02203339338302612e-01
1.24865829944610596e-01
6.36064559221267700e-02
8.35752785205841064e-02
-2.72566433995962143e-02
-9.24539268016815186e-02
-1.22222937643527985e-02
1.27830833196640015e-01
-8.88808146119117737e-02
-4.68303859233856201e-02
9.97760146856307983e-02
-7.17875286936759949e-02
7.99041017889976501e-02
1.18120379745960236e-01
-9.00247246026992798e-02
-1.57149598002433777e-01
-1.47084623575210571e-01
-9.51356217265129089e-02
6.59260526299476624e-02
-3.35364639759063721e-02
-1.21972206979990005e-02
-7.24222064018249512e-02
3.47199663519859314e-02
-1.14299297332763672e-01
-5.53980506956577301e-02
-1.37826234102249146e-01
-5.59164062142372131e-02
1.02855652570724487e-01
-1.30571320652961731e-01
-1.67395502328872681e-01
1.50852531194686890e-01
-1.13940320909023285e-01
-9.81068909168243408e-02
-4.57567861303687096e-03
1.13657392561435699e-01
-1.51849314570426941e-01
7.69724920392036438e-02
2.49438881874084473e-02
1.03637002408504486e-01
6.60300403833389282e-02
-1.40328869223594666e-01
-4.80030998587608337e-02
1.02327018976211548e-02
-5.03952801227569580e-02
-6.23781941831111908e-02
5.65606690943241119e-02
7.32782334089279175e-02
-8.34516659379005432e-02
2.37794406712055206e-02
6.86234310269355774e-02
-1.26270996406674385e-02
-8.33080410957336426e-02
1.15905016660690308e-01
1.08075745403766632e-01
-1.17763705551624298e-01
-3.07266297750174999e-03
2.73555284366011620e-03
-3.63517962396144867e-02
1.01952012628316879e-02
1.74499839544296265e-01
1.43456548452377319e-01
-1.34699512273073196e-02
-5.30831282958388329e-04
-6.82887285947799683e-02
5.88507093489170074e-02
7.36098960041999817e-02
-3.97239252924919128e-02
-3.77765414305031300e-03
2.09878943860530853e-02
-5.05346469581127167e-02
1.57753396779298782e-02
4.76069338619709015e-02
-9.69731807708740234e-02
-2.02553309500217438e-02
6.73932582139968872e-02
-7.68617074936628342e-03
-1.04772963095456362e-03
7.16898292303085327e-02
3.27343568205833435e-02
-1.15828953683376312e-01
-8.80402177572250366e-02
1.14700347185134888e-01
1.35849058628082275e-01
3.23219262063503265e-02
6.20266422629356384e-02
9.69230830669403076e-02
9.62872058153152466e-02
8.82986038923263550e-02
-3.62000018358230591e-02
-3.06242983788251877e-02
5.02116233110427856e-02
-3.33974361419677734e-02
-1.13992229104042053e-01
-1.22381150722503662e-01
8.19997936487197876e-02
1.44708126783370972e-01
1.76596656441688538e-01
-8.62828046083450317e-02
4.87658474594354630e-03
-1.22334927320480347e-01
-2.29368075728416443e-01
-8.56076031923294067e-02
-4.44782786071300507e-02
7.60840298607945442e-03
-1.37326493859291077e-02
1.77454590797424316e-01
-2.47297435998916626e-02
-1.22590698301792145e-01
5.72937913239002228e-02
-2.38089989870786667e-02
-6.44219219684600830e-02
-4.62858797982335091e-03
1.66786253452301025e-01
1.84796974062919617e-02
-2.90422141551971436e-02
1.51204294525086880e-03
5.05485124886035919e-02
-6.72966940328478813e-03
-1.24005205929279327e-01
-1.05192825198173523e-01
1.44164217635989189e-02
1.18533991277217865e-01
-7.58966207504272461e-02
8.25296640396118164e-02
-1.52170255780220032e-01
1.99740096926689148e-01
1.23383693397045135e-01
6.16017468273639679e-02
6.61919489502906799e-02
-2.24549770355224609e-02
-5.60370758175849915e-02
3.23119610548019409e-02
-1.25505868345499039e-02
4.26346510648727417e-02
1.09228923916816711e-01
-2.97727230936288834e-02
-7.26436674594879150e-02
-4.08411026000976562e-02
-1.21209859848022461e-01
2.94222943484783173e-02
-8.25434476137161255e-02
-5.21475076675415039e-02
-6.71474039554595947e-02
-1.31816208362579346e-01
-1.45132854580879211e-01
6.38525411486625671e-02
-1.05400830507278442e-01
9.09774675965309143e-02
1.95739999413490295e-01
-7.60062336921691895e-02
-8.69767833501100540e-03
-9.67933982610702515e-02
1.56131684780120850e-01
1.18526220321655273e-01
5.89792616665363312e-02
1.44393488764762878e-01
-1.15822605788707733e-01
4.38351789489388466e-03
-1.02121224626898766e-02
-6.59969598054885864e-02
8.06377232074737549e-02
-8.79223421216011047e-02
4.92770150303840637e-02
-7.20600634813308716e-02
2.33460087329149246e-02
-5.96681945025920868e-02
2.29467488825321198e-02
6.88229724764823914e-02
-6.44905343651771545e-02
-7.42994323372840881e-02
-5.61831658706068993e-03
-1.04540817439556122e-01
1.41356527805328369e-01
4.74553406238555908e-02
9.13437455892562866e-02
1.63720548152923584e-02
9.60119441151618958e-02
1.02982465177774429e-02
5.59677407145500183e-02
-1.47687420248985291e-01
1.39922825619578362e-02
6.37760385870933533e-02
-1.31244018673896790e-01
2.42563486099243164e-02
-7.29786755982786417e-04
-5.07091395556926727e-02
6.09215572476387024e-02
-1.24562479555606842e-01
-8.84548667818307877e-03
2.02423930168151855e-01
8.62679108977317810e-02
1.86224415898323059e-01
1.06973692774772644e-01
-1.15368634462356567e-01
1.85919012874364853e-02
-9.04300287365913391e-02
1.04990415275096893e-01
1.91251322627067566e-01
-1.31772130727767944e-01
1.69740617275238037e-01
1.77978649735450745e-02
1.01146988570690155e-01
-1.48103997111320496e-01
-1.08423501253128052e-01
-1.12043797969818115e-01
-1.25986039638519287e-01
-1.46318733692169189e-01
-5.56014105677604675e-02
-7.52675682306289673e-02
1.23639583587646484e-01
6.33098930120468140e-02
1.79654057137668133e-03
6.50429055094718933e-02
-8.53441730141639709e-02
-1.86354089528322220e-02
-1.20862103998661041e-01
1.70436799526214600e-02
-1.40331340953707695e-02
-1.35651752352714539e-01
-2.85914801061153412e-02
-4.37114164233207703e-02
-1.11671499907970428e-01
1.80607900023460388e-01
-7.10728317499160767e-02
2.14698724448680878e-02
1.26497849822044373e-01
6.75391554832458496e-02
-1.16562962532043457e-01
-1.19494646787643433e-01
-4.82506565749645233e-02
-5.02412486821413040e-03
1.12207956612110138e-01
1.76358055323362350e-02
9.70154255628585815e-02
-6.97399526834487915e-02
-1.25439748167991638e-01
8.63241478800773621e-02
1.39663085341453552e-01
1.29756882786750793e-01
-4.26376843824982643e-03
-2.11288426071405411e-02
-1.43501922488212585e-01
1.30800962448120117e-01
-4.98211048543453217e-02
1.08739389106631279e-02
-8.33013504743576050e-02
-1.74556106328964233e-01
6.55366182327270508e-02
-1.17627335712313652e-02
1.49163573980331421e-01
1.01506493985652924e-01
9.44712832570075989e-02
1.06440886855125427e-01
2.67136432230472565e-02
1.03768728673458099e-01
1.10095188021659851e-01
9.97541993856430054e-02
1.10091287642717361e-02
3.32816913723945618e-02
-3.13976928591728210e-02
-2.14778259396553040e-01
1.13966949284076691e-02
-1.19420222938060760e-01
1.01672574877738953e-01
-6.19788561016321182e-03
4.18738052248954773e-02
-1.13603718578815460e-01
1.32857952266931534e-02
-2.76406630873680115e-02
9.42024961113929749e-02
6.70073479413986206e-02
1.86367109417915344e-01
5.75886443257331848e-02
5.72351040318608284e-04
1.44568592309951782e-01
1.22086845338344574e-01
1.00545883178710938e-01
-1.24038986861705780e-01
-3.33017148077487946e-02
-7.62019604444503784e-02
7.58245289325714111e-02
-1.07332125306129456e-01
-8.22543874382972717e-02
-4.19428292661905289e-03
4.15798611938953400e-02
1.70717105269432068e-01
-1.62860468029975891e-01
2.56223101168870926e-02
-2.43186369538307190e-01
-1.39380320906639099e-01
-3.74273285269737244e-02
1.10806403681635857e-02
1.46718814969062805e-01
-4.05995287001132965e-02
6.54666423797607422e-02
8.53315889835357666e-02
-1.10833719372749329e-03
8.20945873856544495e-02
-9.10531803965568542e-02
-1.11662433482706547e-03
-1.01594030857086182e-01
-3.58369871973991394e-02
-1.00943699479103088e-01
-1.24027572572231293e-01
-2.08518151193857193e-02
4.71546500921249390e-02
9.55464094877243042e-02
-1.76810361444950104e-02
8.91934037208557129e-02
-1.08649991452693939e-01
7.34913796186447144e-02
-5.10250069200992584e-02
1.52216136455535889e-01
-7.47162895277142525e-03
1.55743017792701721e-01
1.05253554880619049e-01
4.69564013183116913e-02
1.44266605377197266e-01
-4.44517806172370911e-02
1.12730510532855988e-01
2.12297216057777405e-01
1.90265282988548279e-01
-2.52446439117193222e-02
-9.63889211416244507e-02
-5.58630190789699554e-02
3.12712676823139191e-02
8.32172930240631104e-02
6.99302405118942261e-02
1.47205993533134460e-01
-3.51585191674530506e-03
-7.92293623089790344e-02
-2.78032701462507248e-02
1.03164799511432648e-01
-1.84777881950139999e-02
-7.52481445670127869e-03
-3.79640907049179077e-02
-6.34498223662376404e-02
-8.58240500092506409e-02
1.35707229375839233e-01
-1.00092589855194092e-02
-6.52761757373809814e-02
-1.32055535912513733e-01
4.26956154406070709e-02
-1.75504222512245178e-01
9.22651588916778564e-02
-1.74845799803733826e-01
-1.21980160474777222e-01
-7.75156021118164062e-02
1.58134959638118744e-02
1.51534870266914368e-01
1.64433926343917847e-01
1.48765938356518745e-02
-1.78616777062416077e-01
-9.82751473784446716e-02
-1.73041857779026031e-02
-1.29454597830772400e-01
5.79269528388977051e-02
1.24154098331928253e-01
1.49728775024414062e-01
1.27283632755279541e-01
3.88559745624661446e-03
-4.00626771152019501e-02
-4.74691502749919891e-02
-1.73893794417381287e-01
-4.69438508152961731e-02
-2.27250577881932259e-03
-1.71805992722511292e-01
3.24371866881847382e-02
-6.59068450331687927e-02
-1.46636873483657837e-01
1.63116395473480225e-01
-7.52666441258043051e-04
1.50225996971130371e-01
1.76087379455566406e-01
3.83399054408073425e-02
-3.32888774573802948e-02
6.94160163402557373e-02
6.42228573560714722e-02
-9.46000739932060242e-02
-1.45217731595039368e-01
-5.95748908817768097e-02
7.93327018618583679e-02
-1.57519578933715820e-02
1.29006579518318176e-01
-2.27425489574670792e-02
5.51387816667556763e-02
-7.66471549868583679e-02
-5.94368390738964081e-02
-7.93667882680892944e-02
-1.11724056303501129e-01
-1.25108417123556137e-02
1.00695706903934479e-01
1.55162215232849121e-01
8.94194617867469788e-02
-3.70024405419826508e-02
6.67916312813758850e-02
-2.27737322449684143e-01
-2.04973846673965454e-01
-8.30562338232994080e-02
2.82964780926704407e-02
-1.34155631065368652e-01
-9.29137766361236572e-02
-3.04532190784811974e-03
1.58445417881011963e-01
3.80303412675857544e-02
1.06340721249580383e-01
2.51113116741180420e-01
-1.63905128836631775e-01
3.33283320069313049e-02
-1.38411270454525948e-02
1.32434830069541931e-01
-2.60437745600938797e-02
-6.07876479625701904e-02
-1.24804928898811340e-01
1.76785498857498169e-01
-4.80391606688499451e-02
-8.78493413329124451e-02
1.03218391537666321e-01
2.10244730114936829e-01
-5.83686791360378265e-02
-1.80181890726089478e-01
6.41635283827781677e-02
-2.38108076155185699e-02
-2.61051207780838013e-02
-4.35570925474166870e-02
-4.46481965482234955e-02
-9.38803032040596008e-02
-1.65849477052688599e-01
-2.76856776326894760e-03
4.39752452075481415e-02
2.76793148368597031e-02
-6.37040212750434875e-02
5.74740543961524963e-02
-1.52474805712699890e-01
1.09453566372394562e-01
1.11952774226665497e-01
7.98901692032814026e-02
-1.95504166185855865e-02
-1.23518221080303192e-01
-1.14517055451869965e-01
2.56219040602445602e-02
6.10053353011608124e-02
4.51870262622833252e-02
-2.35837716609239578e-02
3.14654484391212463e-02
-1.44689306616783142e-01
4.47559952735900879e-02
2.08772197365760803e-01
-2.05099388957023621e-01
-6.84939101338386536e-02
1.03261381387710571e-01
-8.96501764655113220e-02
-1.24536328017711639e-01
3.44327539205551147e-02
-8.42272769659757614e-04
5.49232475459575653e-02
4.06844317913055420e-02
1.87522396445274353e-01
1.00327670574188232e-01
-1.40290921553969383e-02
7.88555443286895752e-02
4.96384650468826294e-02
7.23068416118621826e-02
-6.62021990865468979e-03
2.55459677428007126e-02
-3.39832752943038940e-02
-2.30186600238084793e-02
1.58696547150611877e-01
-4.67838868498802185e-02
1.03681981563568115e-01
-8.28857272863388062e-02
-9.85373649746179581e-03
1.13797284662723541e-01
2.84035895019769669e-02
-3.52022908627986908e-02
5.70949614048004150e-02
-1.59187167882919312e-01
-1.57960832118988037e-01
-1.66851148009300232e-01
-1.59504011273384094e-01
-2.68487688153982162e-02
1.22194634750485420e-02
-6.37260265648365021e-03
5.90733028948307037e-02
7.55718499422073364e-02
-1.41522198915481567e-01
-7.47366622090339661e-02
3.39955054223537445e-02
-7.30748698115348816e-02
6.65621384978294373e-02
2.41594258695840836e-02
8.10445100069046021e-02
3.17879505455493927e-02
9.42583903670310974e-02
2.19096727669239044e-02
-2.49547045677900314e-02
1.53332725167274475e-01
2.58714128285646439e-02
-5.10654672980308533e-02
-3.45294661819934845e-02
-3.11081018298864365e-02
1.29770115017890930e-01
1.06960870325565338e-02
9.15435701608657837e-02
-3.07627837173640728e-04
3.09129990637302399e-02
-1.14437744021415710e-01
-6.03431798517704010e-02
-1.44089430570602417e-01
9.63896512985229492e-02
4.42022867500782013e-02
-2.50714868307113647e-02
2.67627574503421783e-02
-5.68785406649112701e-02
9.26221758127212524e-02
1.40639394521713257e-01
-5.92891797423362732e-02
1.10969848930835724e-01
7.74400159716606140e-02
8.53142738342285156e-02
-5.27907162904739380e-02
-2.63125896453857422e-02
-8.84584803134202957e-03
7.00982511043548584e-02
-1.40007451176643372e-01
-6.06536455452442169e-02
-8.61127451062202454e-02
-1.25099167227745056e-01
-5.47168701887130737e-02
1.38070419430732727e-01
-8.26768055558204651e-02
1.95542052388191223e-02
1.45760625600814819e-01
-7.59753435850143433e-02
6.62796106189489365e-03
-6.55585005879402161e-02
3.06043680757284164e-02
-8.26786458492279053e-02
-8.82782638072967529e-02
-1.36059775948524475e-01
-1.52683496475219727e-01
1.79512873291969299e-01
-9.43099055439233780e-03
-1.12145297229290009e-01
-6.88534080982208252e-02
9.81279537081718445e-02
-8.13921466469764709e-02
-6.70891031622886658e-02
-4.94569167494773865e-02
-1.28103867173194885e-01
1.73445761203765869e-01
-8.99959504604339600e-02
1.11146792769432068e-02
-1.08120717108249664e-01
-4.43202489987015724e-03
2.20575295388698578e-02
-1.74162179231643677e-01
1.40058398246765137e-01
-1.18543580174446106e-01
-5.02603687345981598e-02
-4.66435924172401428e-02
-5.40275871753692627e-03
1.02594964206218719e-01
8.49297046661376953e-02
7.26741775870323181e-02
-8.56233835220336914e-02
1.37938931584358215e-01
1.15506261587142944e-01
4.28694225847721100e-02
-6.25128857791423798e-03
-7.85847567021846771e-03
1.38706192374229431e-01
3.98662220686674118e-03
1.28425341099500656e-02
-1.57729357481002808e-01
-6.19438961148262024e-02
1.53201445937156677e-01
7.81868472695350647e-02
-3.09868697077035904e-02
8.60435590147972107e-02
-6.53260126709938049e-02
-1.62367522716522217e-02
7.26775405928492546e-03
4.22166362404823303e-02
3.71067672967910767e-02
7.39436177536845207e-03
1.09568580985069275e-01
-7.75016322731971741e-02
-4.72936555743217468e-02
2.72380672395229340e-02
-7.32584297657012939e-02
3.47570516169071198e-02
-1.45929172635078430e-01
1.71015083789825439e-01
7.38041773438453674e-02
-1.31533309817314148e-01
8.06724652647972107e-03
6.05470351874828339e-02
-9.79124903678894043e-02
1.60459056496620178e-01
-1.49958774447441101e-01
-1.67079955339431763e-01
-3.77283357083797455e-02
-1.18503831326961517e-02
6.70462613925337791e-03
-3.01745180040597916e-02
-1.85419604182243347e-01
-1.24735885765403509e-03
1.22305750846862793e-01
1.61284610629081726e-01
3.41864153742790222e-02
6.11476264894008636e-02
6.52986913919448853e-02
-1.11123681068420410e-01
5.47024570405483246e-02
-1.91276580095291138e-01
-1.23004205524921417e-01
-6.61931410431861877e-02
1.14675648510456085e-01
9.76289585232734680e-02
-7.24530294537544250e-02
4.61958465166389942e-04
-8.22084546089172363e-02
-1.39145851135253906e-02
3.30493301153182983e-02
1.05781950056552887e-01
-9.02159065008163452e-02
3.88058274984359741e-02
-2.15068697929382324e-01
-8.53627249598503113e-02
1.42757236957550049e-01
7.87496864795684814e-02
-5.93220479786396027e-02
3.71945723891258240e-02
5.98373785614967346e-02
-1.83100737631320953e-02
-7.52028375864028931e-02
-1.08296032994985580e-02
7.35434591770172119e-02
1.33655704557895660e-02
6.15495629608631134e-02
-1.87163352966308594e-01
-2.59669888764619827e-02
1.12825676798820496e-01
1.61225870251655579e-02
1.29399344325065613e-01
6.83037042617797852e-02
-9.65610984712839127e-03
-1.17041304707527161e-01
-3.19951362907886505e-02
-3.71332727372646332e-02
-1.20117671787738800e-01
-2.45493389666080475e-02
4.57014851272106171e-02
-5.78742660582065582e-02
-1.14271633327007294e-01
-8.64548459649085999e-02
6.54810965061187744e-02
4.60948003455996513e-03
-1.34610548615455627e-01
1.36788100004196167e-01
7.10156336426734924e-02
-1.68731972575187683e-01
9.78302061557769775e-02
-1.55445352196693420e-01
-1.95163711905479431e-02
-1.41157522797584534e-01
-1.88266515731811523e-01
-4.88870702683925629e-02
-7.83969238400459290e-02
1.10760264098644257e-01
-1.01947180926799774e-01
1.88603088259696960e-01
4.12595868110656738e-02
1.41821771860122681e-01
-7.57286101579666138e-02
-5.78731000423431396e-02
-7.19807296991348267e-02
1.66374117136001587e-01
-1.56798660755157471e-02
-6.06331676244735718e-02
-6.55555874109268188e-02
2.37901136279106140e-02
-1.81307449936866760e-01
1.08913145959377289e-01
-1.03206753730773926e-01
1.25563442707061768e-01
-1.04440219700336456e-01
-7.02071338891983032e-02
-1.89980827271938324e-02
1.96082293987274170e-02
-7.41580873727798462e-02
-7.07673057913780212e-02
1.85712322592735291e-01
1.03324308991432190e-01
7.37296938896179199e-02
4.12649698555469513e-02
4.61552403867244720e-02
-3.56714203953742981e-02
-1.46701842546463013e-01
-1.58493176102638245e-01
-9.88807082176208496e-02
-3.40721718966960907e-02
8.06878283619880676e-02
-1.06414496898651123e-01
-1.26185104250907898e-01
8.87560658156871796e-03
-1.16001673042774200e-01
-3.26256752014160156e-02
1.67752504348754883e-01
1.06600254774093628e-01
1.34394586086273193e-01
3.73829156160354614e-03
2.75254379957914352e-02
1.15655049681663513e-01
-8.75292047858238220e-02
-3.13240773975849152e-02
1.13589227199554443e-01
-1.99649240821599960e-02
-1.34638026356697083e-01
1.67856007814407349e-01
-2.26824693381786346e-02
5.25362193584442139e-02
-1.38401985168457031e-01
1.21739558875560760e-01
1.18141889572143555e-01
-5.51249533891677856e-02
-3.06810941547155380e-02
5.99905028939247131e-02
2.01444268226623535e-01
7.09683150053024292e-02
8.83336812257766724e-02
1.66266988962888718e-02
1.15659408271312714e-01
4.15385002270340919e-03
-3.75981181859970093e-02
1.37365072965621948e-01
5.89836090803146362e-02
1.20367519557476044e-01
-5.25364987552165985e-02
1.45444851368665695e-02
3.06421983987092972e-02
1.56144127249717712e-01
-7.82615095376968384e-02
-2.15206012129783630e-01
-4.01200875639915466e-02
-1.41001746058464050e-01
-1.18525564670562744e-01
9.24735739827156067e-02
5.91584965586662292e-02
1.04226805269718170e-01
1.64670497179031372e-02
-7.61239528656005859e-02
1.07195131480693817e-01
3.72461229562759399e-02
-2.81355780316516757e-04
1.12197846174240112e-01
-5.75742572546005249e-02
-5.12982979416847229e-02
-2.05930501222610474e-01
-6.31026327610015869e-02
-8.06855112314224243e-02
-1.68175280094146729e-01
-1.48021697998046875e-01
5.31681291759014130e-02
-1.52512356638908386e-01
7.43848979473114014e-02
6.35162219405174255e-02
9.89555045962333679e-02
2.38156858831644058e-02
-1.56286999583244324e-01
8.51522237062454224e-02
-6.66181519627571106e-02
-5.67224398255348206e-02
-1.92323029041290283e-02
2.26743817329406738e-02
-2.05848701298236847e-02
6.26224800944328308e-02
-4.50631119310855865e-02
9.63965654373168945e-02
1.02574698626995087e-01
-6.77714645862579346e-02
-1.37510940432548523e-01
-1.52646005153656006e-02
1.08252011239528656e-01
3.97598482668399811e-02
-5.77630475163459778e-02
5.45879229903221130e-02
2.42813657969236374e-02
-2.82520353794097900e-02
-7.67950937151908875e-02
-1.03884406387805939e-01
-9.22593846917152405e-02
1.34236246347427368e-01
-3.41235566884279251e-03
1.15240819752216339e-01
-3.16788256168365479e-02
-1.08280427753925323e-01
5.80169633030891418e-02
-1.82854738086462021e-02
-6.77699297666549683e-02
1.80702820420265198e-01
2.04433426260948181e-02
1.42777651548385620e-01
-5.52778281271457672e-02
-1.32034644484519958e-01
1.11316151916980743e-01
-1.01732157170772552e-01
-8.67532566189765930e-02
-2.23693009465932846e-02
1.79377332329750061e-01
-8.82659703493118286e-02
1.13624215126037598e-01
2.91277952492237091e-02
5.20587638020515442e-02
7.47005045413970947e-02
6.96879848837852478e-02
1.21258407831192017e-01
-5.75446337461471558e-02
-1.03379853069782257e-01
-1.73079390078783035e-02
-2.70727034658193588e-02
-1.46346166729927063e-01
9.50587391853332520e-02
-1.68208688497543335e-01
4.36184220016002655e-02
6.41077458858489990e-02
-5.68145886063575745e-02
-1.31731897592544556e-01
-7.47843086719512939e-02
1.57661050558090210e-01
3.70163619518280029e-02
-8.78717005252838135e-02
4.38080076128244400e-03
8.69340449571609497e-02
-1.52925089001655579e-01
5.19384779036045074e-02
1.02958075702190399e-01
1.34728297591209412e-01
1.14880770444869995e-01
-8.50614253431558609e-03
-4.84507307410240173e-02
4.17308285832405090e-02
-1.44811362028121948e-01
9.48934704065322876e-02
-9.26076471805572510e-02
-1.30884185433387756e-01
2.89647132158279419e-02
3.86042781174182892e-02
-1.51888474822044373e-01
-4.25135344266891479e-02
8.13155770301818848e-02
8.05294290184974670e-02
-1.34991213679313660e-01
4.00241725146770477e-02
1.51778319850564003e-02
-5.45228198170661926e-02
-3.26690115034580231e-02
1.36535882949829102e-01
-1.70701593160629272e-02
-8.43865051865577698e-02
1.35047748684883118e-01
-2.00534425675868988e-02
1.21573274955153465e-02
-1.08783788979053497e-01
-5.39667606353759766e-02
-1.00172348320484161e-01
-1.32791642099618912e-02
4.38689067959785461e-02
1.80797114968299866e-01
1.11399129033088684e-01
-6.60226866602897644e-02
-9.57577838562428951e-04
-2.53986924886703491e-01
-1.60183116793632507e-01
9.27221253514289856e-02
-2.46310919523239136e-01
6.44636601209640503e-02
7.72226452827453613e-02
-2.12536424398422241e-01
-2.68756061792373657e-01
1.30669057369232178e-01
1.06670327484607697e-01
-5.26806153357028961e-02
-1.37916237115859985e-01
-1.20041735470294952e-01
4.36167977750301361e-02
-1.11671886406838894e-03
7.85273909568786621e-02
-6.32053762674331665e-02
2.38661486655473709e-02
1.19710355997085571e-01
1.36250093579292297e-01
1.67283102869987488e-01
1.72148242592811584e-01
-2.82943826168775558e-02
-9.78764891624450684e-02
-7.80028030276298523e-02
1.06388300657272339e-01
-1.92196145653724670e-02
2.12573762983083725e-02
-5.37919700145721436e-02
-4.75629307329654694e-02
2.24670246243476868e-01
3.35723385214805603e-02
-1.10587906092405319e-02
-1.50655850768089294e-01
-2.00757354497909546e-01
3.07511091232299805e-02
1.02370478212833405e-01
-1.33759111166000366e-01
-6.38415068387985229e-02
7.27321133017539978e-02
-1.27075120806694031e-01
-2.78053283691406250e-02
1.97527892887592316e-02
2.60625749826431274e-01
8.14407095313072205e-02
2.99452170729637146e-02
-1.30738064646720886e-01
1.58653289079666138e-01
-1.46757945418357849e-01
1.13164909183979034e-01
6.63513615727424622e-02
-5.09498268365859985e-03
5.10284258052706718e-03
-1.63618102669715881e-01
1.90745115280151367e-01
1.10052041709423065e-01
-4.21706810593605042e-02
-1.44105166196823120e-01
2.05926247872412205e-03
1.35052978992462158e-01
-9.53033044934272766e-02
1.30120709538459778e-01
-1.45834937691688538e-01
-1.72347813844680786e-01
6.21519237756729126e-02
-8.21183621883392334e-02
8.22257250547409058e-02
-2.13324353098869324e-02
-1.05253346264362335e-02
-6.65664449334144592e-02
-1.14160574972629547e-01
1.86216086149215698e-02
6.43410161137580872e-02
-9.86084863543510437e-02
-7.99239892512559891e-03
-2.35542833805084229e-01
-1.10638083424419165e-03
1.07706643640995026e-01
1.51098608970642090e-01
-7.86647051572799683e-02
-7.58921205997467041e-02
1.21376156806945801e-01
1.68390378355979919e-01
-4.26884330809116364e-02
1.40369161963462830e-01
6.59101083874702454e-02
1.08520358800888062e-01
-1.53895884752273560e-01
1.51331454515457153e-01
-4.31913398206233978e-02
-1.65152043104171753e-01
3.91158908605575562e-02
9.68608930706977844e-02
-8.39466676115989685e-02
8.64744335412979126e-02
1.02368734776973724e-01
7.75867849588394165e-02
2.97229699790477753e-02
2.33741439878940582e-02
-1.04570418596267700e-01
-1.80403608828783035e-02
7.03716278076171875e-02
-1.04810431599617004e-01
7.75346241425722837e-04
-1.61991074681282043e-01
7.55817964673042297e-02
1.27776056528091431e-01
-3.18009965121746063e-02
-1.32556930184364319e-01
1.49328202009201050e-01
-2.45497852563858032e-01
1.99539139866828918e-01
-1.52823299169540405e-01
-4.62229549884796143e-03
5.62730655074119568e-02
4.91838157176971436e-02
-6.97995871305465698e-02
-1.08573976904153824e-02
8.86021703481674194e-02
2.03549712896347046e-01
-1.13366469740867615e-01
-4.28406894207000732e-03
-3.45933809876441956e-03
-9.91454161703586578e-03
-5.64017817378044128e-02
3.95239591598510742e-02
-5.09076006710529327e-02
-1.95585623383522034e-01
-1.57107368111610413e-01
-1.36487275362014771e-01
-1.97935104370117188e-01
1.10398404300212860e-01
1.08181059360504150e-01
-8.42836573719978333e-02
-2.43213754147291183e-02
1.17844548076391220e-02
1.47030174732208252e-01
-9.53891724348068237e-02
-8.97507667541503906e-02
1.20472230017185211e-01
2.05407842993736267e-01
-1.76385402679443359e-01
-6.59403428435325623e-02
-8.65854173898696899e-02
-1.18734605610370636e-01
-9.64309349656105042e-02
-2.32937075197696686e-02
8.99219438433647156e-02
-9.46252793073654175e-02
-2.59826425462961197e-02
4.86285686492919922e-02
-1.43276974558830261e-01
-6.60656318068504333e-02
7.14503601193428040e-02
-9.73257869482040405e-02
3.14292870461940765e-02
-2.76226885616779327e-02
3.31102833151817322e-02
9.64693576097488403e-02
3.51687669754028320e-02
-2.00072792358696461e-03
-4.45343777537345886e-02
5.47750294208526611e-02
4.05379720032215118e-02
-6.30638673901557922e-02
-1.12505599856376648e-01
4.78745736181735992e-02
4.51742634177207947e-02
-2.85723917186260223e-02
-3.09145729988813400e-02
-2.71677002310752869e-02
1.40528768301010132e-01
1.00114822387695312e-01
-6.34947493672370911e-02
1.34990796446800232e-01
8.59470851719379425e-03
1.16059631109237671e-01
-1.67786583304405212e-01
-4.41519394516944885e-02
-1.27917543053627014e-01
1.85598611831665039e-01
1.44008606672286987e-01
1.11326418817043304e-01
1.00262530148029327e-01
-4.81323003768920898e-02
1.15791827440261841e-01
-1.22438624501228333e-01
-5.77039234340190887e-02
-5.55556677281856537e-02
2.45941057801246643e-02
8.24143663048744202e-02
6.78034424781799316e-02
-6.50094226002693176e-02
-7.59297534823417664e-02
-2.05200701951980591e-01
-1.01207286119461060e-01
-2.39690933376550674e-02
-9.02612209320068359e-02
-3.22505868971347809e-02
-1.30843922495841980e-01
-1.52013033628463745e-01
2.69859321415424347e-02
-4.46763671934604645e-02
2.11461886763572693e-01
1.26085624098777771e-01
-6.43412843346595764e-02
-3.55996154248714447e-02
8.59866365790367126e-02
4.18653525412082672e-02
-2.22561564296483994e-02
-1.69849455356597900e-01
9.31841284036636353e-02
-1.35437533259391785e-01
-5.98336383700370789e-02
-2.86212824285030365e-02
-1.11296363174915314e-01
-9.26475971937179565e-03
-1.16933129727840424e-01
9.00340080261230469e-03
-1.82457603514194489e-02
4.48967404663562775e-02
-4.90802191197872162e-02
9.91511493921279907e-02
-4.18264083564281464e-02
-7.70230442285537720e-02
3.56152802705764771e-02
3.34480069577693939e-02
5.41568920016288757e-02
-2.69940011203289032e-02
7.26720392704010010e-02
1.41349032521247864e-01
9.07486677169799805e-02
6.62256255745887756e-02
5.70906624197959900e-02
-3.86984385550022125e-02
-7.51354172825813293e-03
1.22787214815616608e-01
1.24101690948009491e-01
-6.87555894255638123e-02
-4.22482751309871674e-02
7.27101415395736694e-02
5.00159263610839844e-02
-7.48657435178756714e-02
1.15691803395748138e-01
1.95810809731483459e-01
-1.19436003267765045e-01
1.03846617043018341e-01
1.47279798984527588e-01
3.31553034484386444e-02
-4.90068309009075165e-02
1.37450620532035828e-01
6.07497617602348328e-02
3.15956510603427887e-02
5.35628385841846466e-03
1.53403934091329575e-02
-1.29953175783157349e-02
1.45809454843401909e-02
-2.20875069499015808e-03
9.23664942383766174e-02
-1.65313825011253357e-01
2.72077438421547413e-03
1.57132446765899658e-01
4.64744977653026581e-02
-7.31481462717056274e-02
2.13166937232017517e-01
-1.51148945093154907e-01
-2.63874512165784836e-02
-1.03208348155021667e-01
6.97548016905784607e-02
-7.12128803133964539e-02
-7.10343988612294197e-03
-9.40522179007530212e-02
-8.30559208989143372e-02
7.74485021829605103e-02
-3.85970063507556915e-02
1.67821884155273438e-01
-3.86125892400741577e-02
-1.06377623975276947e-01
-3.64073328673839569e-02
8.43662247061729431e-02
8.36055167019367218e-03
1.15198716521263123e-01
-6.01304061710834503e-02
-1.72674153000116348e-02
1.27465188503265381e-01
-2.66003049910068512e-02
-3.27978879213333130e-02
8.55182036757469177e-02
1.18419220671057701e-02
-1.32572203874588013e-01
-4.05820794403553009e-02
-2.05865968018770218e-02
8.80693122744560242e-02
3.85955050587654114e-02
1.57664850354194641e-01
-1.13611698150634766e-01
-1.36175453662872314e-01
-1.23663343489170074e-01
1.34480491280555725e-01
-8.19471627473831177e-02
-2.15952530503273010e-01
-6.23074769973754883e-02
-2.06951215863227844e-01
5.36654517054557800e-02
-2.00723677873611450e-01
-9.93593260645866394e-02
1.52587905526161194e-01
-6.96021551266312599e-03
1.69022053480148315e-01
3.75674292445182800e-02
1.86855643987655640e-02
-7.19251856207847595e-02
-1.54328852891921997e-01
-7.54987001419067383e-02
1.31599321961402893e-01
-2.18502059578895569e-02
-7.18418508768081665e-02
1.24352402985095978e-01
2.45835781097412109e-02
-8.28282311558723450e-02
-1.02321177721023560e-01
-1.32485419511795044e-01
-2.12843090295791626e-01
5.12781888246536255e-02
8.45690444111824036e-02
-2.60449703782796860e-02
-1.61869347095489502e-01
-1.57067209482192993e-01
-1.46609127521514893e-01
7.10726678371429443e-02
7.87184946238994598e-03
8.70549008250236511e-02
-1.12620197236537933e-01
3.38337719440460205e-02
3.68520505726337433e-02
9.55835580825805664e-02
-9.12538841366767883e-02
-6.86433836817741394e-02
-8.22978168725967407e-02
-1.05040743947029114e-01
1.98223099112510681e-01
-7.45357200503349304e-02
1.29257395863533020e-01
-1.27072706818580627e-01
-4.68999287113547325e-03
3.63843031227588654e-02
-1.50070235133171082e-01
1.71509504318237305e-01
-1.18512727320194244e-01
5.91991133987903595e-02
-6.56478805467486382e-03
8.83424803614616394e-02
6.81227222084999084e-02
-1.74081400036811829e-02
1.14991664886474609e-02
-9.34795662760734558e-02
9.94797982275485992e-03
-1.34424800053238869e-02
-2.87629943341016769e-03
-8.57826843857765198e-02
6.30064457654953003e-02
1.69139415025711060e-01
5.72000555694103241e-02
6.83599039912223816e-02
2.49596722424030304e-02
-1.26203909516334534e-01
6.73446953296661377e-02
2.92211417108774185e-02
5.49998506903648376e-02
-5.13063706457614899e-02
-6.60992190241813660e-02
-1.64314061403274536e-01
1.12224757671356201e-01
-1.16274729371070862e-01
-2.04331725835800171e-02
7.27986842393875122e-02
-9.20072384178638458e-03
-6.20909109711647034e-02
-1.44014447927474976e-01
-2.79172547161579132e-02
1.75631269812583923e-01
-3.17527614533901215e-02
9.18338894844055176e-02
-3.07493237778544426e-03
-1.47164627909660339e-01
-6.78458958864212036e-02
-1.32173210382461548e-01
2.11745221167802811e-02
3.56927746906876564e-03
-1.74221619963645935e-02
2.26404936984181404e-03
2.96168569475412369e-02
5.86601495742797852e-02
-2.65156328678131104e-02
-4.96997162699699402e-02
2.31975615024566650e-02
5.99902309477329254e-02
-1.32140129804611206e-01
1.17127068340778351e-01
-6.61500468850135803e-02
-3.83830405771732330e-02
-1.75867781043052673e-01
-1.37096375226974487e-01
-4.70232218503952026e-02
-1.13350460305809975e-02
-1.98509261012077332e-01
1.01461745798587799e-01
4.13760170340538025e-03
3.16451229155063629e-02
8.30054432153701782e-02
-8.01548138260841370e-02
2.65475101768970490e-02
-4.61488105356693268e-02
2.46437694877386093e-02
-5.01072779297828674e-02
-1.70680433511734009e-02
-3.24108265340328217e-02
1.52714075520634651e-02
2.09693789482116699e-01
2.95638386160135269e-02
-3.87618020176887512e-02
7.17475730925798416e-03
-4.27884720265865326e-02
6.54207170009613037e-02
2.30226176790893078e-03
3.77498604357242584e-02
-8.67135673761367798e-02
-1.27838537096977234e-01
1.54777048155665398e-02
-3.32347303628921509e-02
-1.78550723940134048e-02
-1.50334462523460388e-01
1.64875596761703491e-01
5.41880019009113312e-02
-4.87408861517906189e-02
-2.39512789994478226e-02
5.23100234568119049e-02
-9.14325267076492310e-02
1.22855678200721741e-01
-1.41873145475983620e-02
-9.22643393278121948e-03
3.00401523709297180e-02
-3.98746468126773834e-02
1.42279922962188721e-01
2.45083168148994446e-01
1.16404667496681213e-02
1.72357987612485886e-02
-1.90548166632652283e-01
-4.80679385364055634e-02
1.53937470167875290e-02
-5.84861896932125092e-02
-2.75278463959693909e-02
-1.66533276438713074e-01
-2.64445543289184570e-02
-1.23506434261798859e-01
-2.64787763357162476e-01
7.90455043315887451e-02
-1.60239860415458679e-01
-1.23843476176261902e-02
8.68131592869758606e-03
-1.96163490414619446e-01
-1.93230365402996540e-03
-3.59800308942794800e-02
7.53603428602218628e-02
-2.29285702109336853e-01
-6.57752715051174164e-03
8.62158238887786865e-02
9.20729711651802063e-02
2.74207554757595062e-02
1.39560867100954056e-02
1.67024999856948853e-01
-6.68252035975456238e-02
1.71968877315521240e-01
1.02838069200515747e-01
-1.51492267847061157e-01
9.83263477683067322e-02
2.53793485462665558e-02
-2.01946478337049484e-02
4.27110455930233002e-02
9.04868394136428833e-02
1.25565573573112488e-01
-4.39526140689849854e-02
1.27527127042412758e-02
7.58634209632873535e-02
3.00102829933166504e-02
1.78669735789299011e-01
3.99633310735225677e-02
-2.23012641072273254e-03
8.54809489101171494e-03
7.20118954777717590e-02
5.42444363236427307e-02
1.11703565344214439e-02
-1.44184038043022156e-01
8.62195193767547607e-02
-8.89675095677375793e-02
9.66303125023841858e-02
-1.97976663708686829e-01
7.14414268732070923e-02
-1.73288851976394653e-01
3.42408046126365662e-02
1.06109984219074249e-01
-1.56420603394508362e-01
1.43166199326515198e-01
-1.63299918174743652e-01
-4.92067001760005951e-02
6.91152736544609070e-02
-2.30683293193578720e-02
1.50265738368034363e-01
-5.52750267088413239e-02
-1.76051892340183258e-02
-8.79346802830696106e-02
4.55267541110515594e-03
1.35395824909210205e-01
6.79209157824516296e-02
4.48938086628913879e-02
-6.23740777373313904e-02
-1.48023843765258789e-01
5.41902147233486176e-02
-5.91294579207897186e-02
-1.33646707981824875e-02
-1.37053668498992920e-01
1.13270670175552368e-01
1.13652400672435760e-01
1.13050445914268494e-01
-3.22842039167881012e-02
-1.21452547609806061e-01
6.30211234092712402e-02
7.45366141200065613e-02
1.20973095297813416e-01
-3.92840728163719177e-02
-1.13146454095840454e-01
6.95350840687751770e-02
1.67190536856651306e-01
-1.86452232301235199e-02
4.27438132464885712e-02
-4.88773062825202942e-02
4.73432689905166626e-02
7.98575729131698608e-02
-1.57958537340164185e-01
1.63889542222023010e-01
1.02620214223861694e-01
1.19429238140583038e-01
-2.85140648484230042e-02
3.37899252772331238e-02
-1.63955777883529663e-01
2.80755851417779922e-02
-9.00885462760925293e-02
-6.30057649686932564e-03
-4.38127778470516205e-02
8.37646052241325378e-02
5.37062361836433411e-02
1.21001498773694038e-02
4.21648398041725159e-02
1.08366586267948151e-01
4.70111072063446045e-02
1.27374470233917236e-01
5.62292933464050293e-02
-8.91151800751686096e-02
-6.83191185817122459e-03
-7.83825851976871490e-03
-1.32187515497207642e-01
6.03368878364562988e-02
4.14003469049930573e-02
5.11369146406650543e-02
1.31420806050300598e-01
9.60815027356147766e-02
8.95546451210975647e-02
-3.59632857143878937e-02
-1.21311195194721222e-01
-9.60456654429435730e-02
-4.24744524061679840e-02
2.96283271163702011e-02
-5.95339089632034302e-02
6.73368796706199646e-02
1.96618974208831787e-01
1.99721902608871460e-01
3.69726940989494324e-02
-1.60508856177330017e-01
-1.39380142092704773e-01
-4.89963293075561523e-02
-1.25373169779777527e-01
1.29314243793487549e-01
-8.56742486357688904e-02
-1.85190483927726746e-01
-1.85655951499938965e-01
5.37733063101768494e-02
1.09176248311996460e-01
5.42237721383571625e-02
9.08787697553634644e-02
2.24110290408134460e-01
-2.78895616531372070e-01
1.06717906892299652e-01
-1.01000607013702393e-01
1.67069837450981140e-01
7.48009141534566879e-03
9.57531854510307312e-02
-1.16793001070618629e-02
-2.58899908512830734e-02
9.16563645005226135e-02
-1.63255333900451660e-01
1.69139236211776733e-01
1.57226413488388062e-01
-7.70645290613174438e-02
5.87783455848693848e-02
6.83976039290428162e-02
1.12980559468269348e-01
4.26807999610900879e-02
3.31601575016975403e-02
-9.25406292080879211e-02
-4.19115507975220680e-03
-8.73252674937248230e-02
8.68384838104248047e-02
-1.79685768671333790e-03
4.44587729871273041e-02
-1.26011455431580544e-02
-3.74948233366012573e-02
-2.37572230398654938e-02
1.09420023858547211e-01
-1.05374949052929878e-02
7.63892661780118942e-03
7.96401798725128174e-02
-3.25301364064216614e-02
-1.20728515088558197e-01
7.83565267920494080e-02
-1.44909173250198364e-01
-3.18164750933647156e-02
-9.01858359575271606e-02
-6.95925429463386536e-02
-8.58489498496055603e-02
-5.50990067422389984e-02
-5.30684664845466614e-02
1.30707725882530212e-01
1.65864080190658569e-02
-1.74897968769073486e-01
-1.34112671017646790e-01
-2.53320988267660141e-02
2.94460114091634750e-02
-6.92764893174171448e-02
7.69779831171035767e-02
1.22805722057819366e-01
1.26354202628135681e-01
1.20148986577987671e-01
1.79278731346130371e-01
-6.29673451185226440e-02
-4.59284186363220215e-02
1.74409300088882446e-01
-3.82910817861557007e-02
9.86129865050315857e-02
-5.84703348577022552e-02
-1.78607538342475891e-01
7.28694424033164978e-02
-1.88642106950283051e-02
-5.92021271586418152e-02
1.12369537353515625e-01
9.58011746406555176e-02
-4.72679324448108673e-02
1.40303760766983032e-01
1.31373494863510132e-01
1.58840313553810120e-01
-1.04615651071071625e-01
-7.48084411025047302e-02
9.19165313243865967e-02
-7.43870511651039124e-02
3.42556601390242577e-03
3.47054116427898407e-02
7.31076821684837341e-02
9.27399322390556335e-02
6.87946751713752747e-02
5.33392094075679779e-02
5.12631647288799286e-02
5.78183569014072418e-02
-2.88517102599143982e-02
-1.55893296003341675e-01
-7.22831934690475464e-02
1.22037708759307861e-01
3.23142968118190765e-02
1.55346617102622986e-01
6.08440749347209930e-02
-1.96343772113323212e-02
-1.40340268611907959e-01
9.21869128942489624e-02
-5.04370294511318207e-02
-4.67258021235466003e-02
-9.43718105554580688e-02
1.29855915904045105e-01
-1.90848976373672485e-01
9.85828321427106857e-03
-1.71797145158052444e-02
-5.57006662711501122e-03
1.05909571051597595e-01
-1.02373421192169189e-01
-4.99494373798370361e-02
1.10075369477272034e-01
7.47471749782562256e-02
1.28744691610336304e-01
-1.06208533048629761e-01
-1.22219279408454895e-01
-5.51388561725616455e-02
-2.39363703876733780e-02
9.79084223508834839e-02
-4.09684292972087860e-02
-4.75839897990226746e-03
1.31870675832033157e-02
2.17330172657966614e-01
1.01389009505510330e-02
6.80147185921669006e-02
-7.58931636810302734e-02
-1.18351161479949951e-01
-1.40965193510055542e-01
1.44619986414909363e-01
-1.45437180995941162e-01
-1.84631031006574631e-02
-1.34242415428161621e-01
1.96898505091667175e-01
1.07392400503158569e-01
-2.36292909830808640e-02
-3.43659743666648865e-02
7.00394138693809509e-02
-1.78352952003479004e-01
1.39714986085891724e-01
1.12565480172634125e-01
2.13241130113601685e-02
-3.93176339566707611e-02
-6.68204575777053833e-02
1.12185098230838776e-01
-6.91887438297271729e-02
2.18863561749458313e-01
1.85168087482452393e-01
-4.16299328207969666e-03
-1.08298659324645996e-01
-9.87148880958557129e-02
-4.62660714983940125e-02
2.39188641309738159e-01
-2.03533917665481567e-01
-1.81469708681106567e-01
-3.49060930311679840e-02
9.91375073790550232e-02
-1.57023981213569641e-01
-9.66633781790733337e-02
-7.09434971213340759e-02
-1.10096938908100128e-01
1.03083148598670959e-01
3.61483842134475708e-02
-2.01728627085685730e-01
-4.14260886609554291e-02
4.43985089659690857e-02
1.51521638035774231e-02
-6.64993673563003540e-02
-3.16739343106746674e-02
-2.96586900949478149e-02
4.03515435755252838e-02
7.36152157187461853e-02
-1.22490368783473969e-01
-1.37252792716026306e-01
5.39650814607739449e-03
-1.89802631735801697e-01
-5.73731511831283569e-02
2.76811216026544571e-02
-1.13860927522182465e-01
9.15576964616775513e-02
-1.77200034260749817e-01
7.71738663315773010e-02
-3.21024209260940552e-02
2.49487105756998062e-02
-1.26986399292945862e-01
7.88424685597419739e-02
1.41473248600959778e-01
-8.17490071058273315e-02
-5.34348282963037491e-03
2.61547397822141647e-02
-9.44989360868930817e-03
-6.10909983515739441e-03
4.76802214980125427e-02
-1.03286199271678925e-01
-7.68946781754493713e-02
7.71245807409286499e-02
-1.72157973051071167e-01
9.05005708336830139e-02
2.48745158314704895e-02
1.75628736615180969e-01
1.93269237875938416e-01
-8.20911005139350891e-02
4.57406751811504364e-02
-7.19019100069999695e-02
-2.37431060522794724e-02
-6.33158758282661438e-02
-3.32190990447998047e-02
-7.01289176940917969e-02
-1.38120636343955994e-01
-1.06920868158340454e-01
-1.98796726763248444e-02
-5.79690262675285339e-02
-1.46894857287406921e-01
5.60019053518772125e-02
7.16919228434562683e-02
1.40821039676666260e-01
9.95870605111122131e-02
-1.05003602802753448e-01
-4.40819635987281799e-02
-8.34485590457916260e-02
4.68143373727798462e-02
6.48379996418952942e-02
1.50124236824922264e-04
6.40797913074493408e-02
7.84139037132263184e-02
-9.93003249168395996e-02
1.25381305813789368e-01
1.01782597601413727e-01
2.60845534503459930e-02
-1.34168848395347595e-01
-8.32974463701248169e-02
3.86646986007690430e-02
6.30832538008689880e-02
1.57390683889389038e-01
1.08990289270877838e-01
6.37084767222404480e-02
-8.35461448878049850e-03
1.25727936625480652e-01
-3.32264713943004608e-02
6.44743293523788452e-02
-9.33788120746612549e-02
-4.54915408045053482e-03
7.69531428813934326e-02
7.99199268221855164e-02
-2.62612458318471909e-02
-1.03480881080031395e-02
-7.80940204858779907e-02
6.90981373190879822e-02
8.90520662069320679e-02
6.16884976625442505e-02
-1.41847625374794006e-01
-1.12487517297267914e-01
1.21230378746986389e-01
-2.99008917063474655e-02
6.72497451305389404e-02
1.23270981013774872e-01
-4.51843626797199249e-02
-5.42452968657016754e-02
-1.25595405697822571e-01
6.46810680627822876e-02
7.21317753195762634e-02
-2.17577591538429260e-02
-1.50113701820373535e-01
-1.05260677635669708e-01
-3.21151465177536011e-02
5.49479424953460693e-02
-6.24455288052558899e-02
-1.27524554729461670e-01
-8.97484645247459412e-02
1.39210000634193420e-01
5.97019605338573456e-02
-1.21195957064628601e-01
-8.08034911751747131e-02
-1.10215067863464355e-01
2.41741091012954712e-02
-6.24210536479949951e-02
-1.27596193924546242e-02
-4.23426590859889984e-02
-1.16632960736751556e-01
-1.62593111395835876e-01
-1.31726041436195374e-01
-6.02592118084430695e-02
3.67297641932964325e-02
-8.95970165729522705e-02
-2.52008643001317978e-02
-2.73321270942687988e-02
1.43269076943397522e-01
-7.07337185740470886e-02
1.72763124108314514e-01
-9.39086228609085083e-02
-1.18908703327178955e-01
3.37746106088161469e-02
-7.41168186068534851e-02
7.38977566361427307e-02
-7.31305107474327087e-02
1.45111203193664551e-01
1.56775429844856262e-01
1.63852740079164505e-02
3.33446934819221497e-02
1.48532524704933167e-01
9.30804610252380371e-02
-1.39917925000190735e-01
-2.32988614588975906e-02
-1.40563890337944031e-01
1.36613085865974426e-01
7.17141432687640190e-03
7.98781439661979675e-02
-9.04175639152526855e-02
-4.28473129868507385e-02
8.64884257316589355e-02
7.85571634769439697e-02
-8.66223871707916260e-03
2.65473201870918274e-02
1.16334147751331329e-01
4.93736527860164642e-02
1.52620188891887665e-02
2.08582449704408646e-03
2.19702441245317459e-02
1.04873128235340118e-01
-1.64779443293809891e-02
1.44220702350139618e-03
2.43135616183280945e-02
-2.13040076196193695e-02
1.78369358181953430e-02
-3.10023967176675797e-02
6.93673491477966309e-02
-2.43212543427944183e-02
4.39001880586147308e-02
1.41786143183708191e-01
7.78635144233703613e-02
3.05025558918714523e-02
4.35024276375770569e-02
-2.92118992656469345e-02
-1.68314948678016663e-02
-4.82866093516349792e-02
6.26448690891265869e-02
2.05070246011018753e-02
7.57816433906555176e-02
-7.21626356244087219e-02
-1.11043594777584076e-01
-4.74898740649223328e-02
-3.01471948623657227e-02
-1.23017979785799980e-02
1.56045788899064064e-02
-4.94673661887645721e-03
5.47736957669258118e-02
4.99352142214775085e-02
-1.02227367460727692e-01
-1.01712152361869812e-01
-5.83992302417755127e-02
-2.92584882117807865e-03
5.60632459819316864e-02
8.02563130855560303e-02
-2.98503078520298004e-02
-2.25210674107074738e-02
-4.36491370201110840e-02
1.21961914002895355e-01
1.17078786715865135e-02
5.81330507993698120e-02
5.67751042544841766e-02
4.91708852350711823e-02
-1.60681549459695816e-02
1.90458428114652634e-02
3.36510874330997467e-02
9.75981540977954865e-03
2.79672630131244659e-02
-7.87406936287879944e-02
-9.50365215539932251e-02
-4.82559204101562500e-02
-3.03077530115842819e-02
1.92406754940748215e-02
3.27367782592773438e-02
1.32193183526396751e-02
4.76478748023509979e-02
2.92239375412464142e-02
6.62229284644126892e-02
-2.28974483907222748e-02
4.36787903308868408e-02
-5.20981363952159882e-02
2.27826125919818878e-02
-2.57324203848838806e-02
-3.80207449197769165e-02
9.38034057617187500e-02
-8.44438448548316956e-02
1.44754312932491302e-02
7.02747143805027008e-04
1.26024499535560608e-01
3.77965345978736877e-02
1.20828086510300636e-02
-4.19432576745748520e-03
2.97790654003620148e-02
3.96598540246486664e-02
7.13111758232116699e-02
8.53343009948730469e-02
5.96532858908176422e-02
-9.91645008325576782e-02
-6.47035315632820129e-02
-7.49942809343338013e-02
-4.36226986348628998e-02
-1.20972702279686928e-02
2.33213715255260468e-02
1.54031133279204369e-02
1.01590733975172043e-02
6.26892820000648499e-02
1.24227225780487061e-01
-1.47457169368863106e-02
-2.81228292733430862e-02
-1.95492327213287354e-01
-1.23809576034545898e-01
8.26560035347938538e-02
-3.44263501465320587e-02
-4.96873110532760620e-02
8.85529741644859314e-02
4.58244048058986664e-02
-4.78215180337429047e-02
3.99110056459903717e-02
-3.11322920024394989e-02
4.71989773213863373e-02
1.66930407285690308e-01
-9.43273529410362244e-02
6.71579167246818542e-02
5.87527230381965637e-02
-1.35634168982505798e-01
-9.37396064400672913e-02
1.47562529891729355e-02
-6.19994513690471649e-02
-6.29447996616363525e-02
9.74674150347709656e-03
3.50953713059425354e-02
1.14976458251476288e-01
3.06969434022903442e-02
-4.40072529017925262e-02
8.31907466053962708e-02
-2.12293397635221481e-02
4.72598895430564880e-02
-2.29605659842491150e-03
9.82705652713775635e-02
5.08960746228694916e-02
1.11056126654148102e-01
-5.04839271306991577e-02
4.83697168529033661e-02
-1.49568496271967888e-02
-2.68696174025535583e-02
-8.68812352418899536e-02
7.42780091241002083e-03
2.94891465455293655e-02
1.99949651956558228e-01
-1.38423383235931396e-01
-1.11705258488655090e-01
2.44893468916416168e-02
2.30099596083164215e-02
6.87862411141395569e-02
-1.26990396529436111e-02
-4.13235090672969818e-02
2.96897487714886665e-05
-7.63051509857177734e-02
-2.24464219063520432e-02
-1.10620697960257530e-02
6.12421035766601562e-02
4.29144576191902161e-02
-8.91496334224939346e-03
-3.34823355078697205e-02
-5.00833317637443542e-02
1.28395091742277145e-02
-1.15722320973873138e-01
-3.46376709640026093e-02
-2.98693869262933731e-02
-5.96949905157089233e-02
-4.68182750046253204e-02
-5.09392172098159790e-02
-4.25932668149471283e-02
4.24613729119300842e-02
2.70863883197307587e-02
1.64975803345441818e-02
1.21650286018848419e-01
-9.74641144275665283e-02
1.06828108429908752e-01
2.65237540006637573e-02
-5.94017729163169861e-02
-3.40880751609802246e-02
-1.92084647715091705e-02
-7.14456513524055481e-02
-2.10614525713026524e-03
-5.22494725883007050e-02
1.42429441213607788e-01
1.35236773639917374e-02
-6.97821155190467834e-02
3.59868668019771576e-02
-1.28251975402235985e-02
1.39327913522720337e-01
-1.15415401756763458e-01
-1.26710444688796997e-01
3.54298949241638184e-02
-6.57859221100807190e-02
2.63370126485824585e-02
-9.77387875318527222e-02
-4.69833537936210632e-02
8.00059456378221512e-03
-8.87042284011840820e-02
-1.09395608305931091e-01
2.66677513718605042e-02
-8.18952620029449463e-02
-8.24989825487136841e-02
1.04249212890863419e-02
-2.32266671955585480e-02
7.34108239412307739e-02
-3.23511660099029541e-04
-2.52691321074962616e-02
-3.71837690472602844e-02
-9.44810286164283752e-02
6.22404143214225769e-02
-2.48603289946913719e-03
7.41186887025833130e-02
-1.97882205247879028e-02
-1.73993632197380066e-02
-5.42650558054447174e-02
4.33061446528881788e-04
9.49408020824193954e-03
-1.18588469922542572e-03
-2.07677688449621201e-02
-2.04847590066492558e-03
-5.87386079132556915e-02
4.46043945848941803e-02
8.14539417624473572e-02
-7.39438086748123169e-02
1.16518303751945496e-01
5.88789246976375580e-02
-1.02101154625415802e-02
-2.03617867082357407e-02
-5.16407154500484467e-02
2.52004880458116531e-02
-1.11160613596439362e-02
1.15784466266632080e-01
-1.15622822195291519e-02
-3.99324819445610046e-02
-3.34964282810688019e-02
-8.17171707749366760e-02
-1.32451001554727554e-02
8.17583799362182617e-02
3.97946909070014954e-02
-4.38195541501045227e-02
-9.68723148107528687e-02
-1.38620762154459953e-02
-7.04348534345626831e-02
-6.78992047905921936e-02
-7.30860829353332520e-02
1.19166292250156403e-01
-1.57208722084760666e-02
-5.08118122816085815e-02
-8.43735262751579285e-02
4.91484515368938446e-02
-2.84490715712308884e-02
-7.40044051781296730e-04
-1.63723155856132507e-02
-6.24646991491317749e-02
3.82934845983982086e-02
-3.40656265616416931e-02
-1.50762293487787247e-02
2.64236191287636757e-03
-9.23332571983337402e-02
-5.36383390426635742e-02
6.84461891651153564e-02
5.93367917463183403e-03
-5.30193410813808441e-02
-1.14035867154598236e-01
-4.39796550199389458e-03
-1.06795221567153931e-01
-3.27199660241603851e-02
1.00236468017101288e-01
4.75967954844236374e-03
5.32633922994136810e-02
1.25516736879944801e-02
-7.04697147011756897e-02
-6.98875337839126587e-02
-1.13491587340831757e-01
-6.03596530854701996e-02
-1.68002210557460785e-02
-5.78532032668590546e-02
8.75502303242683411e-02
-7.68843069672584534e-02
-5.26841580867767334e-02
8.16873535513877869e-02
-7.63569846749305725e-02
9.02878716588020325e-02
-4.29477393627166748e-02
-7.64622241258621216e-02
4.08638976514339447e-02
-6.19189161807298660e-03
-2.08810362964868546e-02
-7.35432654619216919e-02
-6.95482641458511353e-02
7.67491087317466736e-02
-8.42281058430671692e-02
7.12496861815452576e-02
-4.68210354447364807e-02
2.63760201632976532e-02
7.10149109363555908e-03
5.44005446135997772e-02
6.01700413972139359e-03
2.61675193905830383e-02
-2.87405382841825485e-02
-7.34314173460006714e-02
5.11256642639636993e-02
-7.25802481174468994e-02
-8.16293582320213318e-02
-5.51883429288864136e-02
-1.34420469403266907e-02
-1.00927717983722687e-01
6.01495876908302307e-02
8.47994163632392883e-02
-3.20032574236392975e-02
3.15873138606548309e-02
4.00032922625541687e-02
-8.17430242896080017e-02
-3.88306193053722382e-02
9.21673327684402466e-03
-8.35581794381141663e-02
4.48980592191219330e-02
-5.07984645664691925e-02
-6.28900527954101562e-02
-2.15481016784906387e-02
-3.26873958110809326e-02
6.40239939093589783e-02
3.78618240356445312e-02
2.99406461417675018e-02
1.02340476587414742e-02
8.00145491957664490e-02
9.94237232953310013e-03
-5.68092800676822662e-02
5.22514171898365021e-02
-3.70463505387306213e-02
-6.85332491993904114e-02
5.90660236775875092e-03
-9.49249640107154846e-02
5.66222779452800751e-02
5.22041544318199158e-02
-1.73139572143554688e-02
3.31687442958354950e-02
4.72167581319808960e-02
-3.75368148088455200e-02
-1.19452565908432007e-01
-7.94428437948226929e-02
-1.21333589777350426e-02
-4.57101464271545410e-02
-2.89205666631460190e-02
-5.23519255220890045e-02
8.41337814927101135e-03
-7.59192407131195068e-02
6.41134008765220642e-02
1.05391614139080048e-01
-9.85223129391670227e-02
6.92648962140083313e-02
-4.30728197097778320e-02
1.32266888394951820e-02
4.11808565258979797e-02
4.07725460827350616e-02
-6.22735843062400818e-02
8.80104079842567444e-02
2.59570544585585594e-03
-5.66903389990329742e-02
-7.39065334200859070e-02
1.27142995595932007e-01
-2.27661337703466415e-02
9.34697091579437256e-02
1.07849966734647751e-02
-1.98866259306669235e-02
-3.37441675364971161e-02
-5.62195144593715668e-02
7.04828873276710510e-02
-6.15654438734054565e-02
3.89226526021957397e-02
5.32818324863910675e-02
9.21256616711616516e-02
-6.90522938966751099e-02
-6.76567852497100830e-03
-2.46951468288898468e-02
4.07148525118827820e-02
5.67140895873308182e-03
5.80870695412158966e-02
-1.11959218978881836e-01
-4.49458770453929901e-02
2.89662592113018036e-02
1.02331593632698059e-01
7.92369917035102844e-02
2.19850987195968628e-03
-9.71537549048662186e-03
-6.75180777907371521e-02
-3.08991763740777969e-02
1.04920938611030579e-02
9.42294374108314514e-02
-1.45870279520750046e-02
9.75779723376035690e-03
8.11928883194923401e-02
1.35521795600652695e-02
-1.49026932194828987e-02
-4.75661410018801689e-03
-9.25466269254684448e-02
1.41276130452752113e-02
-4.02857437729835510e-02
-9.33698713779449463e-02
7.23338797688484192e-02
-2.18437593430280685e-02
-9.17037948966026306e-02
-7.06193596124649048e-02
-1.35835140943527222e-01
-1.19649134576320648e-02
-7.01555237174034119e-02
-1.57458577305078506e-02
-9.81884151697158813e-02
7.95571729540824890e-02
-7.16240555047988892e-02
3.40231508016586304e-03
6.94036260247230530e-02
-8.16162973642349243e-02
6.58184215426445007e-02
-9.68939587473869324e-02
1.02192945778369904e-01
6.51335641741752625e-02
-1.06654882431030273e-01
-3.91437858343124390e-03
6.85449456796050072e-03
7.26004689931869507e-03
7.75718390941619873e-02
-7.90079385042190552e-02
-8.13784822821617126e-02
8.52364674210548401e-02
1.59410431981086731e-01
7.25230127573013306e-02
-7.11404234170913696e-02
-9.36815589666366577e-02
-7.48160183429718018e-02
-3.32464054226875305e-02
4.35035265982151031e-02
3.33222448825836182e-02
3.98396402597427368e-02
8.80544483661651611e-02
1.11530423164367676e-01
-9.14657264947891235e-02
-1.26069812104105949e-02
-2.79067503288388252e-03
-8.56271479278802872e-03
-2.28670728392899036e-03
2.77824085205793381e-02
5.21806590259075165e-02
1.58256571739912033e-02
4.59229834377765656e-02
1.90008208155632019e-02
1.92256085574626923e-02
4.33866493403911591e-02
-2.91354376822710037e-02
-5.54864034056663513e-02
6.18566274642944336e-02
-4.44878078997135162e-02
7.98538401722908020e-02
-7.71675556898117065e-02
1.00791230797767639e-01
1.95056572556495667e-02
-1.22197112068533897e-02
6.53260350227355957e-02
-1.33039075881242752e-02
-2.00867094099521637e-02
6.08767941594123840e-02
4.10365387797355652e-02
5.48288300633430481e-02
-1.04762380942702293e-02
-2.28050202131271362e-02
3.77956777811050415e-02
6.93714106455445290e-03
2.70190201699733734e-02
4.90846894681453705e-02
-5.42151071131229401e-02
-1.97183936834335327e-02
-1.29615399055182934e-03
7.40362331271171570e-02
-9.17323529720306396e-02
-8.94330516457557678e-02
2.81671974807977676e-02
-1.09054245054721832e-01
-7.71790966391563416e-02
5.07316775619983673e-02
6.04304522275924683e-02
-1.96037944406270981e-02
2.13836953043937683e-02
6.64291232824325562e-02
-3.04846521466970444e-02
-1.04295618832111359e-01
2.72066649049520493e-02
-4.92168813943862915e-02
1.34949356317520142e-01
-5.98011352121829987e-02
-1.05357579886913300e-02
-9.63831320405006409e-03
-8.54935124516487122e-02
5.37471882998943329e-02
8.06665420532226562e-02
9.66206118464469910e-02
-4.35720793902873993e-02
1.14220529794692993e-01
1.46548122167587280e-01
-2.68355086445808411e-02
-2.88439393043518066e-02
5.47747947275638580e-02
7.24652409553527832e-02
-8.73481482267379761e-02
5.00217676162719727e-02
-8.21358636021614075e-02
2.47902013361454010e-02
-6.74752742052078247e-02
-9.52394828200340271e-02
-3.86632271111011505e-02
1.77977848798036575e-02
-6.18128515779972076e-02
5.12449704110622406e-02
2.05422509461641312e-02
4.17272523045539856e-02
-1.33812688291072845e-02
-4.27996739745140076e-02
-4.13475707173347473e-02
-2.22330410033464432e-02
1.08125872910022736e-01
1.15090990439057350e-02
-7.78998946771025658e-03
-1.36749282479286194e-01
1.66472587734460831e-02
-1.05504579842090607e-01
-1.33149428293108940e-02
1.09101705253124237e-01
-1.98257938027381897e-02
3.32188196480274200e-02
-2.11619753390550613e-02
-7.11381584405899048e-02
-5.80310672521591187e-02
2.35720351338386536e-02
-7.30304867029190063e-02
3.30917909741401672e-02
5.31878788024187088e-03
1.04196988046169281e-01
-1.54604716226458549e-02
8.27349275350570679e-02
-6.94637820124626160e-02
-2.31120754033327103e-02
2.72426404990255833e-03
4.78617697954177856e-02
-7.24275186657905579e-02
3.67812961339950562e-02
-3.98853123188018799e-02
-3.79617325961589813e-02
-8.44569057226181030e-02
5.85707388818264008e-02
3.63979078829288483e-02
5.35059021785855293e-03
-3.07012572884559631e-02
1.43612399697303772e-01
4.54094447195529938e-03
3.34999561309814453e-02
-1.42972953617572784e-02
2.26421281695365906e-02
7.16350078582763672e-02
8.08762758970260620e-02
1.06970869004726410e-01
1.50726903229951859e-02
3.83071266114711761e-02
-8.25553666800260544e-03
8.34211185574531555e-02
5.21824657917022705e-02
1.04475088417530060e-01
-6.09920769929885864e-02
-1.26296818256378174e-01
4.55058692023158073e-03
4.55072633922100067e-02
1.25661879777908325e-01
5.16425073146820068e-02
4.89515364170074463e-02
9.09238830208778381e-02
-5.22984191775321960e-03
8.69303569197654724e-02
1.02236792445182800e-01
8.65623876452445984e-02
4.01092395186424255e-02
-5.69329969584941864e-02
1.06270343065261841e-01
8.69919881224632263e-02
-5.42177408933639526e-02
-3.32853794097900391e-02
-3.90237271785736084e-02
-3.19385156035423279e-02
5.14079928398132324e-02
3.91911417245864868e-02
3.27518582344055176e-02
-8.29481109976768494e-02
7.29540437459945679e-02
5.41463568806648254e-02
1.46249402314424515e-02
8.95417481660842896e-02
8.79643931984901428e-02
-4.34818752110004425e-02
-8.28496366739273071e-03
5.57711832225322723e-02
2.08718199282884598e-02
-5.10044321417808533e-02
-1.57040581107139587e-02
-5.85716366767883301e-02
7.08772838115692139e-02
-1.29747809842228889e-02
-2.24168822169303894e-02
6.57817721366882324e-02
7.54785835742950439e-02
-3.37342843413352966e-02
7.21135884523391724e-02
3.02802529186010361e-02
3.51321697235107422e-02
6.61121085286140442e-02
-4.27822396159172058e-02
5.85085563361644745e-02
-2.15442571789026260e-03
3.78092527389526367e-02
-2.82214749604463577e-02
4.02138009667396545e-02
2.49429829418659210e-02
-2.62284446507692337e-02
1.56824469566345215e-01
-3.23855131864547729e-02
-1.29132851958274841e-01
-1.02785311639308929e-01
1.38928756117820740e-01
-9.87283214926719666e-02
-3.25226187705993652e-02
2.61701475828886032e-02
1.17082223296165466e-02
1.14887885749340057e-01
-1.62068586796522141e-02
3.38259227573871613e-02
9.83202736824750900e-03
-2.70574935711920261e-03
1.92065332084894180e-02
1.20078399777412415e-01
-3.92512604594230652e-02
6.58068582415580750e-02
2.29739397764205933e-02
-5.17510101199150085e-02
-7.30893835425376892e-02
-5.58073930442333221e-02
9.87541973590850830e-02
-8.71563777327537537e-02
-3.39896045625209808e-02
-6.97821825742721558e-02
8.12927335500717163e-02
-9.81158837676048279e-02
-3.08378096669912338e-02
1.04417636990547180e-01
-2.87472754716873169e-02
-2.95092016458511353e-02
4.00506018195301294e-04
-3.82254901342093945e-03
-3.03448196500539780e-02
2.25569587200880051e-02
9.35045927762985229e-02
-2.04848032444715500e-02
1.26104667782783508e-01
4.12116348743438721e-02
1.10512590035796165e-02
3.70994210243225098e-02
-2.00355425477027893e-02
-4.80857081711292267e-02
-8.83593037724494934e-02
-9.27169248461723328e-02
7.58285401389002800e-04
-3.56878675520420074e-02
6.38512149453163147e-02
-2.06979736685752869e-02
9.20996814966201782e-02
6.88653588294982910e-02
-2.13412605226039886e-02
5.97500614821910858e-03
1.50741755962371826e-01
4.07958179712295532e-02
3.28663103282451630e-02
1.63090985734015703e-03
-4.18859682977199554e-02
8.09847563505172729e-02
-1.04545243084430695e-01
5.61022106558084488e-03
-2.40396391600370407e-02
-7.61563926935195923e-02
-3.11989411711692810e-02
-4.38519008457660675e-02
1.03286929428577423e-01
-7.19820931553840637e-02
2.90190111845731735e-02
-7.50978663563728333e-02
2.08052783273160458e-03
-1.19407407939434052e-01
-1.96993956342339516e-03
-3.91902513802051544e-02
-6.71079903841018677e-02
-4.52498830854892731e-02
-1.32858976721763611e-01
-1.55069436877965927e-02
-4.06042747199535370e-02
5.73853915557265282e-03
1.50137171149253845e-01
7.31821432709693909e-02
-9.01920348405838013e-02
2.61483918875455856e-02
1.49278059601783752e-01
2.02128533273935318e-02
-2.78537254780530930e-02
8.90166461467742920e-02
-9.04713049530982971e-02
1.14400409162044525e-01
-9.82223264873027802e-03
-1.00743368268013000e-01
-8.62700343132019043e-02
8.39696601033210754e-02
8.28431472182273865e-02
1.03671802207827568e-02
-6.57417252659797668e-02
6.49373680353164673e-02
1.15763330832123756e-02
-8.21262877434492111e-03
7.58109167218208313e-02
4.23351041972637177e-02
-1.55984854791313410e-03
1.65510158985853195e-02
-7.65300765633583069e-02
-4.86270822584629059e-02
4.17001210153102875e-02
3.45889106392860413e-03
-3.44249270856380463e-02
8.56544524431228638e-02
7.50034078955650330e-02
-1.40361204743385315e-01
1.59069728106260300e-02
4.53525856137275696e-02
-5.00665754079818726e-02
-1.48393702693283558e-03
-5.67804649472236633e-03
-5.17784766852855682e-02
-6.70486018061637878e-02
2.97939050942659378e-02
-8.70584622025489807e-02
1.82929299771785736e-02
7.15645402669906616e-02
-1.94824319332838058e-02
-1.07182487845420837e-02
-1.23329609632492065e-01
3.28681133687496185e-02
-9.29807722568511963e-02
1.32333831861615181e-02
7.12241604924201965e-02
-3.25947664678096771e-02
9.98201817274093628e-02
3.97055596113204956e-02
1.70636158436536789e-02
-7.12348818778991699e-02
6.04381561279296875e-02
-4.13815863430500031e-03
5.88093735277652740e-02
8.22346005588769913e-03
1.10110208392143250e-01
-6.17046765983104706e-02
2.96301320195198059e-02
-2.85639818757772446e-02
-1.43719669431447983e-02
4.79455962777137756e-02
9.39625687897205353e-03
9.37840715050697327e-03
4.42444160580635071e-02
3.33702638745307922e-02
-2.51182746142148972e-02
-1.69598367065191269e-02
-2.04311534762382507e-02
-8.02502930164337158e-02
3.52045558393001556e-02
-3.87765392661094666e-02
-9.13398414850234985e-02
7.82290250062942505e-02
1.10642425715923309e-01
-5.00779487192630768e-02
-1.14048775285482407e-02
-7.45127126574516296e-02
5.16630709171295166e-02
6.85570985078811646e-02
2.55775023251771927e-02
1.23802378773689270e-01
-7.84381702542304993e-02
5.07676089182496071e-03
-6.12392798066139221e-02
8.10979306697845459e-02
1.07525900006294250e-01
9.01924148201942444e-02
2.75635160505771637e-02
7.55489617586135864e-02
-1.07919126749038696e-01
-4.85208109021186829e-02
1.96930486708879471e-02
-1.30654543638229370e-01
4.04497571289539337e-02
1.01363793015480042e-01
-1.42997764050960541e-02
-6.81184753775596619e-02
7.49018415808677673e-02
-2.50165853649377823e-02
1.59139409661293030e-02
3.44291478395462036e-02
-3.12160626053810120e-02
-3.32111045718193054e-02
-2.78275031596422195e-02
-1.06886409223079681e-01
1.23815946280956268e-01
6.52074441313743591e-02
3.48791666328907013e-02
5.30844777822494507e-02
-5.98188005387783051e-02
-2.24326513707637787e-02
-9.44213941693305969e-02
-6.51457682251930237e-02
-1.21341019868850708e-01
6.57214373350143433e-02
-2.63580288738012314e-02
7.95028731226921082e-02
-1.12906098365783691e-02
3.45138385891914368e-02
-9.89957153797149658e-03
2.41337232291698456e-02
4.71218861639499664e-03
8.23735818266868591e-02
-7.95755758881568909e-02
1.00776180624961853e-01
-3.16817150451242924e-03
3.15084494650363922e-02
-2.53968145698308945e-02
-3.61888706684112549e-02
-7.14458599686622620e-02
-6.83642700314521790e-02
-2.32816226780414581e-02
7.87694752216339111e-03
-2.84419059753417969e-02
-8.90492051839828491e-02
5.61804585158824921e-02
5.36970235407352448e-02
-9.80188921093940735e-02
7.38832056522369385e-02
8.49710404872894287e-03
2.46567428112030029e-02
6.60295188426971436e-02
1.33362123742699623e-02
9.83249302953481674e-03
-4.85405288636684418e-02
-5.30507601797580719e-02
5.88075183331966400e-02
-3.06697078049182892e-02
6.82283639907836914e-02
1.16856567561626434e-01
-5.97636550664901733e-02
-4.74450290203094482e-02
8.19727629423141479e-02
1.54394693672657013e-02
1.40296714380383492e-02
-4.68833884224295616e-03
7.05513283610343933e-02
-6.07553310692310333e-02
-8.61914595589041710e-04
7.94822946190834045e-02
-1.02751394733786583e-02
-5.40916621685028076e-02
3.40769160538911819e-03
-8.66034999489784241e-02
-1.64307784289121628e-02
8.34098756313323975e-02
5.73510080575942993e-02
-4.56328466534614563e-02
-2.19852514564990997e-02
2.38468273892067373e-04
1.81783139705657959e-02
-1.96136739104986191e-02
-2.45328098535537720e-02
7.95136764645576477e-02
3.14853675663471222e-02
1.81762203574180603e-02
8.04720520973205566e-02
-4.93380054831504822e-02
4.39159460365772247e-02
4.85114613547921181e-03
1.94858871400356293e-02
-7.46930986642837524e-02
7.21422359347343445e-02
-9.25546288490295410e-02
2.23289113491773605e-02
-8.24579820036888123e-02
-1.71715673059225082e-02
4.38831150531768799e-02
-5.78860826790332794e-02
7.85956531763076782e-02
-3.07062882930040359e-02
6.76413699984550476e-02
1.53654869645833969e-02
-3.76287326216697693e-02
1.84308867901563644e-02
-1.01847492158412933e-01
-2.43306308984756470e-02
-5.14145717024803162e-02
1.26034775748848915e-02
2.01784688979387283e-02
8.53673741221427917e-03
6.14874996244907379e-02
-3.58148105442523956e-03
-2.38528326153755188e-02
2.58481260389089584e-02
-2.87009663879871368e-02
1.96762755513191223e-02
-1.21814170852303505e-02
-3.11005748808383942e-02
-1.07998084276914597e-02
7.39658251404762268e-02
-5.44283390045166016e-02
-4.47117462754249573e-02
-2.08568330854177475e-02
-5.80880418419837952e-02
2.48869955539703369e-02
1.03721776977181435e-02
-7.29305446147918701e-02
1.97943598031997681e-02
9.85949933528900146e-02
1.39173179864883423e-01
-7.78456181287765503e-02
6.59936740994453430e-02
-6.69410005211830139e-02
-7.39158764481544495e-02
6.41340538859367371e-02
7.09509775042533875e-02
6.59259855747222900e-02
3.83443422615528107e-02
-9.51476953923702240e-03
2.72730346769094467e-02
-7.84972980618476868e-02
1.90623644739389420e-02
7.75667699053883553e-03
1.72319896519184113e-02
-9.04351696372032166e-02
-2.39246655255556107e-02
-5.45955039560794830e-02
5.04126437008380890e-02
1.33910598233342171e-02
-8.41648653149604797e-02
-2.44673155248165131e-03
2.67357341945171356e-02
-2.78254374861717224e-02
7.07894042134284973e-02
1.63679458200931549e-02
6.86182081699371338e-02
-5.37653304636478424e-02
9.37322806566953659e-03
1.48636158555746078e-02
8.38771834969520569e-02
4.18041907250881195e-02
-4.01009134948253632e-02
-8.35701376199722290e-02
-8.23763534426689148e-02
-1.56717188656330109e-02
3.44272442162036896e-02
8.80356952548027039e-02
-1.56274836626835167e-05
2.57355682551860809e-02
1.00471496582031250e-01
-4.53660916537046432e-03
2.44103036820888519e-02
8.78387615084648132e-02
5.40674291551113129e-02
-4.52505163848400116e-02
1.55520467087626457e-02
-1.02206982672214508e-01
-2.40187197923660278e-02
2.59948018938302994e-02
9.14516672492027283e-03
2.95492187142372131e-02
1.58783737570047379e-02
-6.00516470149159431e-03
6.27411454916000366e-02
-6.09015673398971558e-02
-9.29917469620704651e-02
6.90136244520545006e-03
-1.31403058767318726e-01
9.88462641835212708e-02
-2.99539305269718170e-02
-3.03205866366624832e-02
4.01321351528167725e-02
-2.77000982314348221e-02
-5.43560087680816650e-02
6.02806173264980316e-02
-1.12661449238657951e-02
4.02900576591491699e-02
3.85278984904289246e-02
-1.05544820427894592e-01
6.27968227490782738e-03
4.79738563299179077e-02
-3.36030125617980957e-02
3.38992886245250702e-02
7.86944776773452759e-02
-1.62128880620002747e-02
1.14584788680076599e-02
-9.91136133670806885e-02
7.00787752866744995e-02
3.43120656907558441e-02
2.18778178095817566e-02
2.71275602281093597e-02
-6.67804777622222900e-02
-6.52640312910079956e-02
-2.24093515425920486e-02
4.48486842215061188e-02
-4.83531467616558075e-02
7.09720607846975327e-03
-2.01253164559602737e-02
1.32253021001815796e-01
-8.49512144923210144e-02
-1.93439964205026627e-02
2.87274606525897980e-02
-5.54924495518207550e-02
2.83662285655736923e-02
-7.21025280654430389e-04
5.54795823991298676e-02
5.87411820888519287e-02
5.11713605374097824e-03
-7.11329653859138489e-02
2.91987676173448563e-02
6.89371163025498390e-03
1.09901733696460724e-01
1.24759448226541281e-03
4.18139435350894928e-02
4.35043461620807648e-02
1.02193713188171387e-01
7.08289667963981628e-02
-6.00837767124176025e-02
-3.13598588109016418e-02
-3.95216234028339386e-02
7.65594691038131714e-02
9.84718948602676392e-02
-1.70711167156696320e-02
-6.88303436618298292e-04
1.63995567709207535e-02
6.64988160133361816e-02
-8.98393318057060242e-02
7.36375376582145691e-02
-4.26035746932029724e-02
-5.04774227738380432e-02
2.18321699649095535e-02
8.40195566415786743e-02
-9.03239008039236069e-03
-1.02114617824554443e-01
-6.89133778214454651e-02
-7.61850699782371521e-02
9.57099050283432007e-02
-6.75963088870048523e-02
4.03646938502788544e-03
-2.49948110431432724e-02
3.40794511139392853e-02
5.59449456632137299e-02
-3.11249103397130966e-02
3.98729294538497925e-02
6.11991547048091888e-02
-9.09226015210151672e-03
-4.26997616887092590e-02
-2.57798982784152031e-03
-6.21363483369350433e-02
-8.91421884298324585e-02
-3.93523201346397400e-02
-9.59483087062835693e-02
2.11757253855466843e-02
3.22325117886066437e-02
7.78281316161155701e-02
-2.85885073244571686e-02
2.89636943489313126e-02
6.27691596746444702e-02
4.68720449134707451e-03
2.11551715619862080e-03
-9.67897698283195496e-02
1.47919639945030212e-01
8.51915031671524048e-02
-7.39761590957641602e-02
-2.65376083552837372e-02
-1.13561591133475304e-02
-8.90888422727584839e-02
1.16856627166271210e-01
5.31336059793829918e-04
5.41955120861530304e-02
-1.05094024911522865e-02
1.23966038227081299e-02
3.05158756673336029e-02
-1.07755316421389580e-02
3.65296453237533569e-02
-8.37142094969749451e-02
-8.80018770694732666e-02
-8.09092447161674500e-03
4.29017329588532448e-03
-5.81115446984767914e-02
-2.97004394233226776e-02
-2.15614680200815201e-02
-2.43744328618049622e-02
-1.44930053502321243e-02
5.31354881823062897e-02
-4.79937996715307236e-03
-3.03368922322988510e-02
-1.15612007677555084e-01
-4.42506261169910431e-02
-1.43154747784137726e-02
-1.64407938718795776e-01
-9.86825451254844666e-02
6.54916241765022278e-02
-1.84450894594192505e-02
1.02132759988307953e-01
1.02479532361030579e-02
-7.20889940857887268e-02
-6.23505376279354095e-02
-4.65709418058395386e-02
-2.40432694554328918e-02
-1.79819799959659576e-02
5.64265102148056030e-02
-5.98168559372425079e-02
-7.78787136077880859e-02
-9.42336618900299072e-02
1.21096037328243256e-02
7.65110328793525696e-02
1.03606611490249634e-01
-2.85427155904471874e-03
-7.88307413458824158e-02
-5.91069273650646210e-02
-1.20179057121276855e-02
2.82669793814420700e-02
-1.60546481609344482e-01
3.82194444537162781e-02
-1.32239297032356262e-01
-6.15978427231311798e-02
-3.68794202804565430e-02
-5.82932345569133759e-02
-7.43976514786481857e-03
1.47229935973882675e-02
1.56417429447174072e-01
-3.08903050608932972e-04
-5.17817325890064240e-02
7.91048407554626465e-02
1.05898752808570862e-01
-1.82185359299182892e-02
-2.51928772777318954e-02
3.89745682477951050e-02
3.76175940036773682e-02
6.04567714035511017e-02
4.99870590865612030e-02
-2.68697235733270645e-02
-3.40772233903408051e-02
1.50599908083677292e-02
5.25286197662353516e-02
-1.12647160887718201e-01
5.81311620771884918e-02
-5.96838258206844330e-02
-2.93861906975507736e-02
3.92763875424861908e-02
-3.13138402998447418e-02
1.23217655345797539e-02
-3.75758223235607147e-02
5.03568053245544434e-02
4.42581661045551300e-02
-1.49661712348461151e-02
1.12998507916927338e-01
-8.78621116280555725e-02
1.06680892407894135e-01
5.44688515365123749e-02
4.06134761869907379e-02
-8.15908517688512802e-03
-6.18375744670629501e-03
-5.53440360818058252e-04
1.06596611440181732e-01
6.11672326922416687e-02
-1.16095252335071564e-01
5.75013533234596252e-02
5.13320863246917725e-02
2.28010024875402451e-02
-3.90161201357841492e-02
-5.58671131730079651e-02
-6.88985809683799744e-02
4.54501695930957794e-02
-3.36033552885055542e-02
1.12189665436744690e-01
-4.99243102967739105e-02
1.08330652117729187e-01
4.22916337847709656e-02
-5.71601279079914093e-03
-4.35105934739112854e-02
-4.73131686449050903e-02
-3.85898426175117493e-02
3.53739149868488312e-02
8.08098614215850830e-02
1.50712681934237480e-02
-1.37753272429108620e-02
-7.78048904612660408e-03
-4.21257875859737396e-02
9.38161611557006836e-02
6.52060518041253090e-03
1.42692223191261292e-01
2.05192431807518005e-01
4.82661463320255280e-02
1.41965355724096298e-02
-7.30705112218856812e-02
7.69001320004463196e-02
4.39405478537082672e-02
6.58095348626375198e-03
-1.00354235619306564e-02
-2.82933916896581650e-02
4.13951016962528229e-02
3.62412557005882263e-02
5.37091828882694244e-02
-1.13354966044425964e-01
3.87374795973300934e-02
1.62873417139053345e-03
4.05745618045330048e-02
4.19227220118045807e-02
1.08576208353042603e-01
9.72271487116813660e-02
-2.98271179199218750e-02
-8.56668800115585327e-02
7.32660964131355286e-02
-9.81338415294885635e-03
-2.58649867027997971e-02
4.06477376818656921e-02
2.80882064253091812e-02
9.21051725745201111e-02
-6.50108307600021362e-02
-4.16185706853866577e-02
4.51375544071197510e-02
4.72267754375934601e-02
5.98620995879173279e-02
7.81999230384826660e-02
-3.59347760677337646e-02
7.98590574413537979e-03
-4.68451529741287231e-02
4.27514016628265381e-02
-8.63612517714500427e-02
-9.41989645361900330e-02
-4.24183942377567291e-02
5.77934458851814270e-02
-2.69582942128181458e-02
-3.99401709437370300e-02
-6.87609845772385597e-03
-1.35874161496758461e-02
1.37897217646241188e-02
-4.19609360396862030e-02
-6.30226507782936096e-02
-7.71541297435760498e-02
-1.19149098172783852e-02
1.10121577978134155e-01
-3.17525602877140045e-02
1.98824852705001831e-02
-6.37407749891281128e-02
-1.59664843231439590e-02
6.05313666164875031e-02
4.54910397529602051e-02
9.73699390888214111e-02
5.92193640768527985e-02
-2.76508629322052002e-02
-4.02640141546726227e-02
6.00578486919403076e-02
-1.85595378279685974e-02
-5.66050829365849495e-03
-1.12869367003440857e-01
1.03801703080534935e-02
-5.52487671375274658e-02
-9.96550917625427246e-03
7.91888162493705750e-02
4.79392670094966888e-02
-4.93508353829383850e-02
-5.08883781731128693e-02
-5.34201860427856445e-02
3.80479581654071808e-02
6.79647922515869141e-03
-1.75907313823699951e-02
-2.71762739866971970e-02
-2.44287531822919846e-02
5.48703148961067200e-02
5.79224191606044769e-02
-4.50109168887138367e-02
5.85889257490634918e-02
-3.86051684617996216e-02
-1.31737887859344482e-02
-5.78877888619899750e-02
5.81428259611129761e-02
7.83217996358871460e-02
2.76330821216106415e-02
1.58485461724922061e-04
-1.26638472080230713e-01
-7.05484300851821899e-02
-6.81033656001091003e-02
-4.32332828640937805e-02
-5.44968694448471069e-02
6.76155015826225281e-02
-1.35853737592697144e-01
2.27500647306442261e-02
9.19872373342514038e-02
-2.32367385178804398e-02
-8.33812281489372253e-02
1.28002204000949860e-02
2.11328286677598953e-02
4.85212095081806183e-02
-3.31973023712635040e-02
-5.67808039486408234e-02
-3.79337780177593231e-02
-2.83388681709766388e-02
4.35594469308853149e-02
-8.70795473456382751e-02
-6.39276280999183655e-02
-7.07029225304722786e-03
6.69684112071990967e-02
9.20978561043739319e-02
-7.77235627174377441e-02
9.87550541758537292e-02
7.04073831439018250e-02
7.27194845676422119e-02
-2.22031604498624802e-02
5.76183386147022247e-02
5.50788529217243195e-02
-6.15443987771868706e-03
-5.37978634238243103e-02
-2.22410503774881363e-02
-2.14271284639835358e-02
-3.80243100225925446e-02
1.07542149722576141e-01
1.87916923314332962e-02
9.05561447143554688e-02
8.32794308662414551e-02
-3.09195518493652344e-02
7.01096728444099426e-02
-1.20244650170207024e-02
-7.08479573950171471e-03
-3.10719329863786697e-02
5.13620600104331970e-02
-1.15219764411449432e-01
1.05756253004074097e-01
9.15469974279403687e-02
6.11076802015304565e-02
2.38525234162807465e-02
6.34993687272071838e-02
-3.67183685302734375e-02
-6.41023665666580200e-02
-3.75048369169235229e-02
8.29849988222122192e-02
-1.08074396848678589e-02
2.35925689339637756e-02
1.05979397892951965e-01
5.74843510985374451e-02
4.84637580811977386e-02
6.89739827066659927e-03
-1.74970421940088272e-02
-3.21086421608924866e-02
-1.72357559204101562e-02
-6.39176294207572937e-02
5.03353364765644073e-02
9.28533971309661865e-02
3.77016291022300720e-02
-1.52728687971830368e-02
-2.93882433325052261e-02
-8.58397036790847778e-02
-5.05671165883541107e-02
-7.61163309216499329e-02
-8.50291252136230469e-02
-1.86767044942826033e-03
-2.35612653195858002e-02
2.62086037546396255e-02
-6.20425641536712646e-02
4.84265461564064026e-02
-1.00234284996986389e-01
-2.89105921983718872e-02
-3.55110056698322296e-02
3.76918055117130280e-02
4.48796637356281281e-02
-1.22768618166446686e-02
1.26604670658707619e-02
-4.07860204577445984e-02
-4.36933338642120361e-02
2.33521331101655960e-02
-7.21017410978674889e-03
-7.26087093353271484e-02
-5.56467436254024506e-02
1.04449234902858734e-01
2.52320654690265656e-02
1.77380647510290146e-02
-6.55526015907526016e-03
-7.00814044103026390e-03
8.97877942770719528e-03
-8.69020000100135803e-02
-2.95462179929018021e-02
-5.37767931818962097e-02
-8.52568447589874268e-02
-2.72837001830339432e-03
7.19100795686244965e-03
7.91262462735176086e-02
2.49485410749912262e-02
-1.96032598614692688e-02
-1.86378583312034607e-02
5.74507638812065125e-02
1.06060924008488655e-02
-4.98370118439197540e-02
-2.96543855220079422e-02
-8.70202332735061646e-02
-7.60185578837990761e-03
-8.15799310803413391e-02
-6.69760331511497498e-02
-5.61963282525539398e-02
7.70173668861389160e-02
-7.84260630607604980e-02
1.05753809213638306e-01
7.35398754477500916e-02
-8.16390514373779297e-02
1.26251414418220520e-01
-1.25764301046729088e-02
-7.28788375854492188e-02
-1.37811098247766495e-02
5.32901883125305176e-02
-4.98133338987827301e-02
1.43534177914261818e-02
3.59819643199443817e-02
-1.48541452363133430e-02
1.22811608016490936e-02
-3.22837494313716888e-02
-8.99771079421043396e-02
1.06403909623622894e-01
-5.90287148952484131e-02
3.13724800944328308e-02
1.14991804584860802e-02
-9.37263742089271545e-02
5.43723963201045990e-02
-8.64531621336936951e-02
8.67295935750007629e-02
2.71829776465892792e-02
-1.61689855158329010e-02
-6.32742717862129211e-02
9.95340757071971893e-03
3.18817398510873318e-03
-6.48878589272499084e-02
-6.85058161616325378e-03
-7.29705914855003357e-02
-9.64804366230964661e-02
5.86822023615241051e-03
1.09527416527271271e-01
1.57986357808113098e-02
-2.18412335962057114e-02
-2.29241661727428436e-02
-6.73549398779869080e-02
-1.62219740450382233e-02
-5.70542663335800171e-02
7.59837403893470764e-02
5.05236610770225525e-02
-7.40242525935173035e-02
6.27306923270225525e-02
-6.28914982080459595e-02
-7.63011649250984192e-02
-4.27287742495536804e-02
-2.24087908864021301e-02
-6.61714896559715271e-02
1.04310149326920509e-02
3.75190563499927521e-02
3.76317626796662807e-03
-2.34756749123334885e-02
2.99908891320228577e-02
-6.49055838584899902e-02
4.85600233078002930e-02
6.17810674011707306e-02
1.96953509002923965e-02
-2.74404678493738174e-02
1.01387031376361847e-01
1.16509154438972473e-01
-4.33966703712940216e-02
-6.36116340756416321e-02
-9.81381684541702271e-02
4.42396476864814758e-02
5.42188175022602081e-02
-4.00911681354045868e-02
1.49786425754427910e-02
7.52435699105262756e-02
-1.31314978003501892e-01
1.86233781278133392e-02
5.16307316720485687e-02
1.62460356950759888e-02
-5.10970316827297211e-02
5.70750683546066284e-02
3.01478747278451920e-02
6.07740655541419983e-02
-6.42419513314962387e-03
7.98647180199623108e-02
-2.00077928602695465e-02
9.01647433638572693e-02
-9.64797586202621460e-02
-9.05994400382041931e-02
3.07545810937881470e-02
5.40091395378112793e-02
2.60796081274747849e-02
4.54680062830448151e-02
-4.26971679553389549e-03
3.20932529866695404e-02
4.76504340767860413e-02
-5.08650019764900208e-02
1.07620293274521828e-02
2.58201435208320618e-02
2.28547099977731705e-02
-7.33078196644783020e-02
2.78392024338245392e-02
3.95654812455177307e-02
-1.88425928354263306e-02
6.71307891607284546e-02
1.40502564609050751e-02
4.83318492770195007e-02
-1.27915469929575920e-02
-8.43167155981063843e-02
-5.49763552844524384e-02
-1.64547506719827652e-02
-4.84527945518493652e-02
4.65563647449016571e-02
-5.94966262578964233e-02
-4.95671294629573822e-02
-2.64018531888723373e-02
1.06651552021503448e-01
-1.28197306767106056e-02
1.18347227573394775e-01
3.24897728860378265e-02
-1.99524834752082825e-02
6.92398995161056519e-02
4.81168515980243683e-02
4.66891739051789045e-04
-1.18312761187553406e-02
5.76694197952747345e-02
5.81351183354854584e-02
-6.52052089571952820e-02
-1.63232740014791489e-02
5.53007833659648895e-02
6.12763781100511551e-03
1.89048405736684799e-02
-1.64032187312841415e-02
-8.27453806996345520e-02
-4.93489354848861694e-02
3.92721034586429596e-02
-5.79681172966957092e-02
-4.92444783449172974e-02
-4.05635237693786621e-02
8.12634006142616272e-02
-6.02790154516696930e-02
-1.25755622982978821e-01
6.18526488542556763e-02
9.21235084533691406e-02
-9.76668149232864380e-02
-8.48000273108482361e-02
-3.48915867507457733e-02
8.53636562824249268e-02
-4.56473045051097870e-02
1.80936865508556366e-02
7.60318785905838013e-02
-4.52003516256809235e-02
-2.78187207877635956e-02
-7.65334293246269226e-02
2.05162633210420609e-03
1.06785722076892853e-01
3.50920520722866058e-02
9.30089130997657776e-02
8.24332702904939651e-03
-1.85826290398836136e-02
6.50319736450910568e-03
5.90261854231357574e-02
-1.03123188018798828e-02
-5.35298436880111694e-02
-3.54406833648681641e-02
5.70037476718425751e-02
1.23385578393936157e-01
-7.50919710844755173e-03
-1.04909598827362061e-01
-9.91721525788307190e-02
-5.85659630596637726e-02
2.80140452086925507e-02
7.94621929526329041e-02
1.87308993190526962e-02
4.40013743937015533e-02
4.86078597605228424e-02
6.79737403988838196e-02
5.85550181567668915e-02
4.67219017446041107e-02
-4.12250794470310211e-02
1.18434481322765350e-01
-7.46694803237915039e-02
-6.07298314571380615e-02
3.31806801259517670e-02
5.03051877021789551e-02
-8.03772062063217163e-02
-4.05331701040267944e-02
-8.90230908989906311e-02
8.39003399014472961e-02
6.40941336750984192e-02
-5.61667568981647491e-02
3.61397266387939453e-02
-3.86923812329769135e-02
6.19983263313770294e-02
-8.62559676170349121e-02
-8.00254195928573608e-02
-5.53472526371479034e-02
6.48060813546180725e-02
-5.28827309608459473e-02
2.65930816531181335e-02
2.71030683070421219e-02
-4.88466247916221619e-02
-1.81532241404056549e-02
-5.24922199547290802e-02
8.34456458687782288e-02
-2.33212392777204514e-02
2.21420191228389740e-02
6.55101016163825989e-02
-9.76048707962036133e-02
-3.29759297892451286e-03
-6.62940070033073425e-02
5.70677444338798523e-02
3.76308485865592957e-02
-1.44365141168236732e-02
-4.28112670779228210e-02
-1.13906584680080414e-01
-5.03544025123119354e-02
-9.07898843288421631e-02
-8.85159745812416077e-02
-1.09006911516189575e-01
-5.72039671242237091e-02
-9.55214798450469971e-02
5.73740992695093155e-03
1.21241018176078796e-01
1.00401453673839569e-02
-9.36755836009979248e-02
4.02838410809636116e-03
5.08084334433078766e-02
6.19728602468967438e-02
-2.09856289438903332e-03
-1.96563825011253357e-02
2.57411110214889050e-03
2.42627728730440140e-02
1.04093246161937714e-01
5.88955245912075043e-02
-8.11883509159088135e-02
-5.75678534805774689e-02
1.28198163583874702e-02
-1.81580856442451477e-02
-7.77602046728134155e-02
5.06066530942916870e-02
-6.67341798543930054e-02
-1.90823450684547424e-02
-2.00071204453706741e-02
-6.84966519474983215e-02
-9.39066782593727112e-02
1.19174182415008545e-01
9.81319099664688110e-02
1.89344156533479691e-02
9.23053771257400513e-02
1.01487383246421814e-01
-1.06953591108322144e-01
-1.43817812204360962e-03
-5.08180297911167145e-02
5.42313717305660248e-02
3.09377666562795639e-02
-5.67655190825462341e-02
8.50768983364105225e-02
-7.30608925223350525e-02
-2.12640408426523209e-02
-3.09966392815113068e-02
-9.72170308232307434e-02
8.79703983664512634e-02
-5.95204159617424011e-02
-6.16100803017616272e-02
1.10111936926841736e-01
-4.13670530542731285e-03
-4.40756790339946747e-02
4.21530045568943024e-02
-1.13324701786041260e-01
-4.61617410182952881e-02
-1.04961460456252098e-02
1.82502053212374449e-03
3.52991223335266113e-02
5.00856824219226837e-02
-7.35031217336654663e-02
9.84494462609291077e-02
-4.66157160699367523e-02
5.79958967864513397e-02
-9.56275612115859985e-02
-4.41242568194866180e-02
8.52330699563026428e-02
-1.09091341495513916e-01
2.81538907438516617e-02
5.56737333536148071e-02
4.44416254758834839e-02
-5.90251684188842773e-02
-3.02410516887903214e-02
9.44024771451950073e-02
-1.24697372317314148e-01
-2.11357958614826202e-02
-9.40068513154983521e-02
-1.01116495206952095e-02
-1.22180916368961334e-01
3.76223511993885040e-02
-4.23508509993553162e-02
-2.36637964844703674e-02
-3.33714745938777924e-02
-7.23938271403312683e-03
-2.67245899885892868e-02
-6.21996447443962097e-02
-5.26883266866207123e-02
3.94666421925649047e-04
-4.55931834876537323e-02
9.39000174403190613e-02
-5.84863089025020599e-02
3.55103984475135803e-03
2.17547137290239334e-02
-9.30444523692131042e-02
-5.50234084948897362e-03
-4.22774925827980042e-02
-7.25565254688262939e-02
-2.75269225239753723e-02
8.90278369188308716e-02
4.48153689503669739e-02
9.72130820155143738e-02
1.80471688508987427e-02
-3.73249724507331848e-02
1.11898072063922882e-01
-5.41225858032703400e-02
-1.32127404212951660e-01
5.62427714467048645e-02
5.98646365106105804e-02
-3.43692041933536530e-02
4.48510386049747467e-02
-3.05576063692569733e-02
1.62671989528462291e-04
-5.63727840781211853e-02
-1.75787694752216339e-02
-8.74617919325828552e-02
1.46783217787742615e-02
3.09639470651745796e-03
1.16251841187477112e-01
3.53445461951196194e-03
-1.19209870696067810e-01
-7.22108408808708191e-02
-7.39228427410125732e-02
4.83614243566989899e-02
-4.05791439116001129e-02
-7.48011693358421326e-02
1.89935136586427689e-02
-8.00954774022102356e-02
-1.59665029495954514e-02
7.65880048274993896e-02
-5.75319416821002960e-02
-5.47062419354915619e-02
6.61525502800941467e-02
2.34937015920877457e-02
7.36719816923141479e-02
-6.39113709330558777e-02
2.38546002656221390e-02
5.66577631980180740e-03
-4.49459403753280640e-02
-5.21821901202201843e-02
-8.70070308446884155e-02
5.71530982851982117e-02
-1.49269849061965942e-02
-7.83934444189071655e-02
8.11304822564125061e-02
6.53965994715690613e-02
4.82860691845417023e-02
9.27291885018348694e-02
8.41690227389335632e-02
1.26207515597343445e-01
1.48782953619956970e-01
1.17480739951133728e-01
6.42228573560714722e-02
-2.85827787593007088e-04
-1.05599081143736839e-02
-3.32569852471351624e-02
2.76099722832441330e-02
-2.16095298528671265e-02
8.34156759083271027e-03
-7.17112049460411072e-02
-3.48797328770160675e-02
3.42398844659328461e-02
5.39162138011306524e-04
4.31075654923915863e-02
-5.38381449878215790e-02
-7.24221840500831604e-02
7.50642418861389160e-02
-4.62166443467140198e-02
1.45871594548225403e-01
-6.46984502673149109e-02
9.41303968429565430e-02
-8.73114261776208878e-03
4.06558588147163391e-02
-1.19856551289558411e-01
9.78454854339361191e-03
-6.52962774038314819e-02
-5.20752221345901489e-02
-5.11088855564594269e-02
3.29628679901361465e-03
-1.84104908257722855e-02
2.28677205741405487e-02
-2.77826073579490185e-03
8.54137763381004333e-02
1.63677394390106201e-01
4.14331927895545959e-02
5.36352097988128662e-02
-1.10840024426579475e-02
-1.86298566404730082e-05
1.16670345887541771e-02
3.95058952271938324e-02
-4.22704741358757019e-02
-1.32874622941017151e-01
6.90041631460189819e-02
-5.08350692689418793e-03
-9.57665964961051941e-02
6.78387656807899475e-02
8.12759064137935638e-03
-5.86347579956054688e-02
-1.00916974246501923e-01
1.07325531542301178e-01
2.24807132035493851e-02
1.92503295838832855e-02
2.76722013950347900e-03
-1.95211265236139297e-02
5.14177419245243073e-02
-1.20717003941535950e-01
-3.61274136230349541e-03
9.41029563546180725e-02
9.51168313622474670e-02
4.56749200820922852e-02
-3.04736886173486710e-02
-5.30497953295707703e-02
3.98538485169410706e-02
3.52364312857389450e-03
-5.71733899414539337e-02
-1.43342584371566772e-01
3.01552508026361465e-02
-9.07102823257446289e-02
-6.89809992909431458e-02
-1.25630460679531097e-02
-4.57870364189147949e-02
5.80921918153762817e-02
-2.74462644010782242e-02
-3.59663665294647217e-02
7.78820067644119263e-02
-5.76168810948729515e-03
9.64548140764236450e-02
2.54167951643466949e-02
8.84451270103454590e-02
-1.40097495168447495e-02
2.78219766914844513e-02
-2.84981988370418549e-02
1.25800073146820068e-01
2.61822603642940521e-02
6.76287291571497917e-03
-3.43821458518505096e-02
1.95794478058815002e-02
-1.02958507835865021e-01
5.49681410193443298e-02
9.68006327748298645e-02
2.61507034301757812e-02
-1.40491306781768799e-01
6.55413344502449036e-02
4.91946861147880554e-02
3.40232364833354950e-02
3.86138670146465302e-02
-2.07703746855258942e-03
1.78692825138568878e-02
-8.16555693745613098e-02
9.82041731476783752e-02
3.72656621038913727e-02
4.48110476136207581e-02
3.84803451597690582e-02
3.95122617483139038e-02
-8.80876854062080383e-02
-5.30913434922695160e-02
-6.37916475534439087e-02
7.33907846733927727e-03
1.61782782524824142e-02
-1.37842252850532532e-01
4.92326915264129639e-03
-2.66672652214765549e-02
-2.97781229019165039e-02
1.05937272310256958e-01
1.36155709624290466e-02
-2.94220298528671265e-02
4.77110333740711212e-02
-7.84259364008903503e-02
4.02777222916483879e-03
3.34454067051410675e-02
2.81134285032749176e-02
3.31068783998489380e-02
6.11440762877464294e-02
-2.97179333865642548e-02
2.87830177694559097e-02
9.22093726694583893e-03
1.00759603083133698e-01
-2.78542339801788330e-02
2.87117380648851395e-02
9.67778339982032776e-02
-2.04590670764446259e-02
1.25386670231819153e-01
1.11167177557945251e-01
-1.02655729278922081e-02
9.61382463574409485e-02
-1.46514952182769775e-01
3.64581160247325897e-02
3.25231179594993591e-02
-1.36355400085449219e-01
3.94172668457031250e-02
-6.67065232992172241e-02
6.75571784377098083e-02
6.77684023976325989e-02
1.18088349699974060e-03
1.13968551158905029e-01
-2.27807797491550446e-02
3.51242045871913433e-03
-2.77602784335613251e-02
1.69846788048744202e-02
-3.82634485140442848e-03
-3.38755548000335693e-02
-5.90243786573410034e-02
-3.44424024224281311e-02
5.82408756017684937e-02
3.05597744882106781e-02
-1.18980798870325089e-02
-4.61029894649982452e-02
-5.31666300958022475e-05
-7.79837071895599365e-02
1.09694525599479675e-02
-1.13108798861503601e-01
1.00602522492408752e-01
5.35343550145626068e-02
-8.25586691498756409e-02
-5.19169829785823822e-02
-4.40864041447639465e-02
-3.45032010227441788e-03
-5.66906780004501343e-02
3.54493246413767338e-03
-2.60618068277835846e-02
-5.76963927596807480e-03
1.41378091648221016e-02
3.37927266955375671e-02
-7.14626908302307129e-02
-3.56852188706398010e-02
8.39187577366828918e-02
-8.85903686285018921e-02
1.11696109175682068e-01
4.31163124740123749e-02
2.12696660310029984e-02
4.84014488756656647e-02
-3.06400954723358154e-02
-3.54156978428363800e-02
1.37550374493002892e-02
9.69140008091926575e-02
-5.39885386824607849e-02
-3.07740718126296997e-02
-3.81818576715886593e-03
-4.77263070642948151e-02
-6.11385190859436989e-03
-7.40766301751136780e-02
-1.12379798665642738e-02
-4.26764367148280144e-03
9.83286276459693909e-03
7.25365281105041504e-02
-7.03322663903236389e-02
-1.15104764699935913e-02
-4.45356918498873711e-03
-2.36552320420742035e-02
4.06894609332084656e-02
7.70603716373443604e-02
-2.92659029364585876e-02
1.19552128016948700e-02
3.96765284240245819e-02
-1.91096588969230652e-02
7.51073751598596573e-03
3.31790111958980560e-02
-7.95994140207767487e-03
-2.69762948155403137e-02
9.83724817633628845e-02
1.79352983832359314e-02
-2.57500633597373962e-02
-4.07497026026248932e-02
4.76887375116348267e-02
2.76057142764329910e-02
3.04963476955890656e-02
7.48031437397003174e-02
1.00771188735961914e-02
3.30374576151371002e-02
7.15729743242263794e-02
-4.02358919382095337e-02
1.13071739673614502e-01
-5.75302094221115112e-02
-2.58380286395549774e-02
5.14721833169460297e-02
-1.25141795724630356e-02
3.22477892041206360e-02
1.01739047095179558e-02
-1.65306162089109421e-02
-7.34848668798804283e-04
4.43491563200950623e-02
-4.31584976613521576e-02
5.30045926570892334e-02
1.22521877288818359e-01
6.30077272653579712e-02
6.26439675688743591e-02
-7.95233994722366333e-02
-3.40266302227973938e-02
8.89248400926589966e-03
1.00446399301290512e-02
6.89312443137168884e-02
6.21993057429790497e-02
2.19500362873077393e-02
1.76161006093025208e-02
2.05857865512371063e-02
1.15159332752227783e-01
5.46244643628597260e-02
-3.59291657805442810e-02
-2.60945204645395279e-02
2.85947062075138092e-02
1.57271709758788347e-03
-8.20369124412536621e-02
-9.88602936267852783e-02
3.08095384389162064e-02
-1.92943997681140900e-02
-3.49817126989364624e-02
1.02542247623205185e-02
8.43420699238777161e-02
8.25529024004936218e-02
1.91377233713865280e-02
-3.86062189936637878e-02
1.31615977734327316e-02
3.61395478248596191e-02
5.52443340420722961e-02
-3.01181785762310028e-02
6.58239005133509636e-03
-4.40482050180435181e-02
-1.84912554686889052e-04
-8.46278481185436249e-03
-4.57347044721245766e-03
-8.50564911961555481e-02
8.15503392368555069e-03
-3.12146171927452087e-02
-7.61256814002990723e-02
4.77397590875625610e-02
-6.14331625401973724e-02
9.30877104401588440e-02
9.99887138605117798e-02
-3.11679597944021225e-02
-1.67299397289752960e-02
-5.50753101706504822e-02
1.25024942681193352e-02
1.98842342942953110e-02
-6.32550790905952454e-02
3.05461306124925613e-02
-4.46380581706762314e-03
-2.99547053873538971e-02
-1.83393433690071106e-03
-1.01180352270603180e-01
-8.63516926765441895e-02
-4.58531593903899193e-03
9.30177420377731323e-02
-5.54768517613410950e-02
5.70302829146385193e-02
-3.47331806551665068e-04
-4.44185473024845123e-02
-5.46669494360685349e-03
2.20196563750505447e-02
1.05223739519715309e-02
7.58895054459571838e-02
-3.42680625617504120e-02
-3.62685397267341614e-02
8.00689905881881714e-02
-2.88856942206621170e-02
5.79177886247634888e-02
6.98293149471282959e-02
1.09477490186691284e-02
-6.75958469510078430e-02
-8.64887833595275879e-02
4.71753664314746857e-02
2.32707504183053970e-02
1.51285799220204353e-02
-6.65225461125373840e-02
-1.53042990714311600e-02
9.94684919714927673e-02
7.18369260430335999e-02
4.99162748456001282e-02
8.51151198148727417e-02
4.13725059479475021e-03
-8.33535492420196533e-02
-5.43884374201297760e-02
2.65922527760267258e-02
-2.62386873364448547e-02
-1.24119967222213745e-02
2.72097857668995857e-03
3.33512760698795319e-02
6.63080438971519470e-02
4.31164763867855072e-02
3.43311689794063568e-02
5.18362559378147125e-02
-5.40736690163612366e-02
-3.49111258983612061e-02
-9.85384569503366947e-04
-5.08319176733493805e-02
6.87408000230789185e-02
-2.21942476928234100e-02
3.46555784344673157e-02
2.20123995095491409e-02
5.57770312298089266e-04
-3.90712507069110870e-02
5.17193824052810669e-02
-2.83502731472253799e-02
-2.36801784485578537e-02
1.04802697896957397e-01
-9.32924747467041016e-02
3.93995195627212524e-02
4.01603430509567261e-02
-8.31101164221763611e-02
1.36222019791603088e-02
1.58434342592954636e-02
1.01780600845813751e-01
3.52418608963489532e-02
8.94995555281639099e-02
-1.21490387246012688e-02
6.87127858400344849e-02
3.13830263912677765e-02
-1.35924741625785828e-01
1.89694836735725403e-02
-8.83553251624107361e-02
1.76891814917325974e-02
6.95505514740943909e-02
-1.11239857971668243e-01
7.48895155265927315e-03
2.17619650065898895e-02
-6.88436850905418396e-02
2.53966245800256729e-02
4.05489578843116760e-02
4.39346618950366974e-02
6.06632977724075317e-03
5.75613044202327728e-02
2.29815170168876648e-02
-1.28030642867088318e-01
6.50187060236930847e-02
-4.41701337695121765e-02
7.77319148182868958e-02
1.28745771944522858e-02
2.65544261783361435e-02
-7.96960815787315369e-02
-2.79464740306138992e-02
-6.19359463453292847e-02
-4.49510216712951660e-02
-5.20043373107910156e-02
1.28868103027343750e-01
-3.79221662878990173e-02
3.34218516945838928e-02
-7.82970637083053589e-02
3.59808951616287231e-02
8.82096439599990845e-02
-7.75102078914642334e-02
-6.78676515817642212e-02
-3.00132948905229568e-03
-8.34778174757957458e-02
-6.14351890981197357e-02
3.98083776235580444e-02
7.21248909831047058e-02
-2.59064529091119766e-02
1.13324737176299095e-02
-9.70561280846595764e-02
-8.23164358735084534e-02
7.18142837285995483e-02
8.17937627434730530e-02
-2.81566604971885681e-02
-5.16697391867637634e-03
1.26555515453219414e-03
1.26762846484780312e-02
-9.66112762689590454e-02
-6.09759278595447540e-02
-3.16369719803333282e-02
-5.91169707477092743e-02
-3.27116437256336212e-02
5.69063611328601837e-02
-5.72990067303180695e-02
-6.71725943684577942e-02
7.35986903309822083e-02
7.84213989973068237e-02
-6.89340336248278618e-03
1.66087485849857330e-02
3.94040457904338837e-02
9.67100113630294800e-02
-1.35415807366371155e-01
-3.51803377270698547e-02
-2.15257070958614349e-02
6.91622029989957809e-04
-7.72328525781631470e-02
-8.12127813696861267e-02
-9.72399264574050903e-02
7.59635679423809052e-03
9.08117741346359253e-02
6.88659399747848511e-02
-2.81255450099706650e-02
-4.03470844030380249e-02
-2.48848181217908859e-02
-2.26812548935413361e-02
-6.47718980908393860e-02
8.29859287478029728e-04
4.04439270496368408e-02
7.44459629058837891e-02
3.34382951259613037e-02
1.05825692415237427e-01
-3.43431830406188965e-02
-8.91542583703994751e-02
7.12986662983894348e-02
6.28079995512962341e-02
-8.02574232220649719e-02
-5.77088594436645508e-02
-1.05784637853503227e-02
-1.01039819419384003e-01
5.28037957847118378e-02
-6.85362890362739563e-02
-7.09481304511427879e-03
-4.94285114109516144e-03
8.25676470994949341e-02
-3.38712483644485474e-02
-4.49119228869676590e-03
3.37917171418666840e-02
-7.04799145460128784e-02
2.14644111692905426e-02
-7.77353197336196899e-02
-9.20131504535675049e-02
4.80518974363803864e-02
-2.14702002704143524e-02
1.44377917051315308e-01
-7.15502277016639709e-02
-4.92178834974765778e-02
2.50297635793685913e-02
3.65391261875629425e-02
2.91424468159675598e-02
-4.54539954662322998e-02
4.12856489419937134e-02
4.69411909580230713e-02
-9.08100306987762451e-02
4.91222105920314789e-02
-1.15579947829246521e-01
6.66308999061584473e-02
1.22730219736695290e-02
-5.92460632324218750e-02
-1.30551466718316078e-02
8.99178311228752136e-02
9.47183296084403992e-02
8.83250683546066284e-02
-6.99785873293876648e-02
2.63711791485548019e-02
4.57085780799388885e-02
4.82002422213554382e-02
7.83199667930603027e-02
-7.56064802408218384e-02
6.83432742953300476e-02
1.44432755187153816e-02
-4.36371117830276489e-02
-3.64438816905021667e-02
1.22124053537845612e-01
-2.91742868721485138e-02
-7.44421547278761864e-03
-3.43304798007011414e-02
-3.53553220629692078e-02
2.67819911241531372e-02
7.87288323044776917e-02
-1.50560599286109209e-03
7.06786243245005608e-03
1.52174290269613266e-02
-1.79112609475851059e-02
-2.88993492722511292e-02
3.82681633345782757e-03
-8.70304778218269348e-02
5.33641874790191650e-02
-2.46075191535055637e-03
8.94911400973796844e-03
-9.74741205573081970e-03
7.75816664099693298e-02
9.59246307611465454e-02
4.53930115327239037e-03
7.71034136414527893e-02
-5.62910474836826324e-02
3.52290831506252289e-02
-7.47266039252281189e-02
-1.11255282536149025e-02
-1.57267041504383087e-02
-1.83906464371830225e-03
9.93437841534614563e-02
6.39686360955238342e-02
6.43071979284286499e-02
5.31506203114986420e-02
-3.69592523202300072e-03
2.08586826920509338e-02
6.27067759633064270e-02
5.57925328612327576e-02
9.66767594218254089e-03
-2.08811629563570023e-02
-7.11203068494796753e-02
-5.55375590920448303e-02
5.14091216027736664e-02
-6.29064068198204041e-02
1.58872567117214203e-02
1.14709839224815369e-01
6.91388323903083801e-02
-9.03063267469406128e-02
1.16509469226002693e-02
1.80914420634508133e-02
-8.67274403572082520e-02
6.32589086890220642e-02
-5.87290897965431213e-02
-4.93674837052822113e-02
-5.16221188008785248e-02
-2.25159917026758194e-02
-2.38368995487689972e-02
-1.99085827916860580e-02
-2.98516545444726944e-03
3.21014635264873505e-02
2.55940798670053482e-02
-7.14350119233131409e-02
-4.23614010214805603e-02
-1.13313935697078705e-01
-3.28450836241245270e-02
-2.43533146567642689e-03
2.44754385203123093e-02
-6.89070299267768860e-02
-1.61940008401870728e-02
4.59700301289558411e-02
-7.89289548993110657e-02
8.13730526715517044e-03
-5.36192879080772400e-02
9.08544510602951050e-02
6.99446648359298706e-02
-6.13057166337966919e-02
4.65825125575065613e-02
-2.01881825923919678e-02
7.67663447186350822e-03
9.92340445518493652e-02
-5.76685555279254913e-02
7.05302953720092773e-02
7.04942718148231506e-02
4.80821765959262848e-02
4.29713055491447449e-02
6.91616609692573547e-02
-3.15234959125518799e-02
-2.27231495082378387e-02
-8.84880647063255310e-02
-5.76626807451248169e-02
1.40130920335650444e-02
-9.62190702557563782e-03
-8.13814178109169006e-02
1.99049077928066254e-02
-5.33216707408428192e-02
-1.25439837574958801e-04
-7.28505849838256836e-02
6.46594613790512085e-02
7.38080218434333801e-02
3.37258875370025635e-02
-5.84237612783908844e-02
-1.38931214809417725e-01
6.68896511197090149e-02
1.85127798467874527e-02
1.57404597848653793e-02
7.27970227599143982e-02
1.76280625164508820e-02
-3.25662977993488312e-02
9.72564890980720520e-02
7.12154954671859741e-02
6.99288584291934967e-03
-9.45328325033187866e-02
-3.65148484706878662e-02
3.24842743575572968e-02
4.16909866034984589e-02
8.70512500405311584e-02
-5.39696849882602692e-02
-1.40084266662597656e-01
6.28569945693016052e-02
-1.98782626539468765e-02
-3.64309251308441162e-02
5.50835654139518738e-02
-4.39107278361916542e-03
3.05631160736083984e-02
8.64493548870086670e-02
7.40407332777976990e-02
-1.00200675427913666e-01
-1.46766796708106995e-01
-5.48898940905928612e-03
-3.19740697741508484e-02
-5.76394274830818176e-02
6.96449801325798035e-02
-5.45724704861640930e-02
6.07362687587738037e-02
1.52351250872015953e-02
1.53888706117868423e-02
3.68162952363491058e-02
4.96295141056180000e-03
-1.24744907952845097e-03
-4.09526489675045013e-02
-2.66826748847961426e-02
2.32470240443944931e-02
6.97901025414466858e-02
-2.83435061573982239e-02
-7.18615725636482239e-02
2.10689119994640350e-02
-1.13504722714424133e-01
7.31249973177909851e-02
5.63950203359127045e-02
1.45958373323082924e-02
3.85595671832561493e-02
5.50228590145707130e-03
-1.25626355409622192e-01
-1.05950333178043365e-01
-3.37620936334133148e-02
3.77199836075305939e-02
-2.73196827620267868e-02
-8.14050063490867615e-02
-2.53901090472936630e-02
-8.13903361558914185e-02
-1.05762183666229248e-02
-3.02018225193023682e-02
2.09615379571914673e-02
-4.90985484793782234e-03
-3.66202695295214653e-03
4.98416572809219360e-02
-6.42754808068275452e-02
-3.73120559379458427e-03
1.68464444577693939e-02
6.96778446435928345e-02
-3.66454273462295532e-02
1.44100431352853775e-02
-8.43675341457128525e-03
-7.03925639390945435e-03
-2.11238395422697067e-02
-3.00948936492204666e-02
-6.83554857969284058e-02
5.96061646938323975e-02
2.99172103404998779e-02
-2.76067927479743958e-02
4.51619438827037811e-02
4.43002060055732727e-02
2.82355528324842453e-02
2.89120841771364212e-02
-2.45595839805901051e-03
-4.03790064156055450e-02
-8.83750803768634796e-03
1.16080336272716522e-01
-2.08128169178962708e-02
5.79825118184089661e-02
1.85637306421995163e-02
-3.90873067080974579e-02
3.42092663049697876e-02
9.51056480407714844e-02
-9.00500640273094177e-02
-4.17111665010452271e-02
2.26319674402475357e-02
2.69408635795116425e-02
7.21093788743019104e-02
-2.19352007843554020e-03
3.44470515847206116e-02
2.75242589414119720e-02
-6.05769418179988861e-02
7.27782323956489563e-02
-1.19507927447557449e-02
7.29175060987472534e-02
1.08393296599388123e-01
-1.00290402770042419e-01
-5.90262971818447113e-02
2.92570460587739944e-02
5.08980080485343933e-02
9.56284906715154648e-03
-8.26704353094100952e-02
1.73154491931200027e-02
-6.97743743658065796e-02
3.26299071311950684e-02
6.53313249349594116e-02
-4.59219552576541901e-02
6.58327043056488037e-02
5.81336347386240959e-03
-2.55269110202789307e-02
-3.95325012505054474e-03
5.38640767335891724e-02
9.62379574775695801e-02
-6.55838772654533386e-02
1.09640248119831085e-02
-7.15038031339645386e-02
-4.33435253798961639e-02
1.95606220513582230e-02
-3.18259112536907196e-02
1.01662520319223404e-02
3.72856482863426208e-02
4.14013350382447243e-03
-2.36766692250967026e-02
2.94006615877151489e-02
3.61592210829257965e-02
-5.08310412988066673e-03
2.27115824818611145e-02
3.53421643376350403e-02
-5.00625148415565491e-02
-6.63228041958063841e-04
-2.63769496232271194e-02
7.57448375225067139e-02
4.32052053511142731e-02
-5.93816349282860756e-03
1.01940475404262543e-01
-1.81044731289148331e-02
-1.15838404744863510e-02
-8.26292298734188080e-03
-5.64895477145910263e-03
9.70987305045127869e-02
6.11163489520549774e-02
-5.63635863363742828e-03
-6.60112500190734863e-02
-2.94795203953981400e-02
-5.96641823649406433e-02
-2.92078796774148941e-02
5.22716194391250610e-02
-1.18301682174205780e-01
7.51409307122230530e-03
-8.19555893540382385e-02
3.51446382701396942e-02
-1.03990145027637482e-01
1.75392925739288330e-02
-1.74460746347904205e-02
1.41894206404685974e-01
-2.81675029546022415e-02
-1.24338880181312561e-01
-2.17983387410640717e-02
5.56463263928890228e-02
7.70171135663986206e-02
8.73225182294845581e-02
2.31742579489946365e-02
4.74436916410923004e-02
-2.51190457493066788e-02
-7.68668130040168762e-02
-1.07354223728179932e-01
-4.36948612332344055e-03
8.65913331508636475e-02
-1.57681349664926529e-02
-1.13202087581157684e-01
8.08747671544551849e-03
-1.57872866839170456e-02
1.53448656201362610e-01
-7.38973915576934814e-02
-5.29674068093299866e-03
-1.03198446333408356e-01
6.44654780626296997e-02
-4.15661111474037170e-02
2.37830057740211487e-02
5.12943603098392487e-02
5.11628091335296631e-02
8.19747969508171082e-02
1.40112070366740227e-02
-6.77743703126907349e-02
7.90722370147705078e-02
4.28437031805515289e-02
2.24361699074506760e-02
9.95422005653381348e-02
2.82518696039915085e-02
4.86818589270114899e-02
7.01363533735275269e-02
2.01379265636205673e-02
-6.16898424923419952e-02
-9.29526425898075104e-03
9.99912098050117493e-02
-7.82708972692489624e-02
3.43153998255729675e-02
-8.36723074316978455e-02
1.96857154369354248e-02
3.05691622197628021e-02
6.28746896982192993e-02
1.14177139475941658e-02
9.60155650973320007e-02
-2.31407806277275085e-02
1.26663953065872192e-01
4.89330552518367767e-02
1.19938023388385773e-01
-6.59132525324821472e-02
-4.48764525353908539e-02
-8.69803652167320251e-02
-2.61929305270314217e-03
7.80922323465347290e-02
-5.64802587032318115e-02
-2.57222098298370838e-03
3.37214507162570953e-02
-4.50454689562320709e-02
3.19839455187320709e-02
1.35479401797056198e-02
-9.30814817547798157e-02
-6.70080184936523438e-02
3.75246861949563026e-03
-1.38784723822027445e-03
-5.74689544737339020e-02
1.93622484803199768e-02
-4.52326498925685883e-02
-9.53032821416854858e-03
-3.16224098205566406e-02
3.78109924495220184e-02
2.16043572872877121e-02
-1.07692018151283264e-01
-6.55526220798492432e-02
-5.05461692810058594e-02
-4.97156977653503418e-02
4.15246635675430298e-02
3.27903255820274353e-02
-6.01120516657829285e-02
-2.23329253494739532e-02
9.88883674144744873e-02
-6.32437542080879211e-02
-1.11410997807979584e-01
3.92160974442958832e-02
-2.96631604433059692e-02
6.05491036549210548e-03
3.22969406843185425e-02
-7.25954920053482056e-02
-4.01992909610271454e-02
6.08319155871868134e-02
-8.07675123214721680e-02
-1.48873077705502510e-03
2.13521718978881836e-02
-6.36015087366104126e-02
-4.82532717287540436e-02
-7.68587440252304077e-02
-9.78289619088172913e-02
-5.25797605514526367e-02
1.53089668601751328e-02
-9.82317104935646057e-02
-4.68495227396488190e-02
-2.52231452614068985e-02
6.86054378747940063e-02
1.18291817605495453e-01
3.87595221400260925e-02
-1.77382417023181915e-02
3.44976298511028290e-02
1.13057130947709084e-02
-4.44415435194969177e-02
8.28321650624275208e-02
5.10008484125137329e-02
9.94395241141319275e-02
2.49847751110792160e-02
-3.41851636767387390e-02
9.69586968421936035e-02
7.38016441464424133e-02
-1.25951878726482391e-02
1.05163246393203735e-01
1.29416259005665779e-03
4.68761147931218147e-03
1.03477677330374718e-02
3.67601811885833740e-02
-2.68687494099140167e-02
6.89322724938392639e-02
6.20180293917655945e-02
2.28647347539663315e-02
1.07772625982761383e-01
-1.95553135126829147e-02
5.50809781998395920e-04
2.09704954177141190e-02
3.04962433874607086e-02
-9.52228531241416931e-02
1.16345912218093872e-01
-5.70163205265998840e-02
4.52319346368312836e-02
-3.79688590764999390e-02
1.20927691459655762e-02
-4.65743616223335266e-02
-2.75806337594985962e-02
4.08287271857261658e-02
7.51037225127220154e-02
-3.44345606863498688e-02
4.54550720751285553e-02
-6.05163611471652985e-02
-4.77440375834703445e-03
3.70865650475025177e-02
8.12333077192306519e-03
5.11421635746955872e-02
-5.39429187774658203e-02
-9.49713140726089478e-02
-2.10378263145685196e-02
6.49329274892807007e-02
1.06061272323131561e-01
1.19306549429893494e-01
8.83508175611495972e-02
-4.67352159321308136e-02
1.08266577124595642e-01
3.25482450425624847e-02
1.20564438402652740e-02
-4.70298975706100464e-02
-6.06391541659832001e-02
-1.39932651072740555e-02
-7.25664794445037842e-02
-1.51522140949964523e-02
-3.81667390465736389e-02
4.53562252223491669e-02
4.61015179753303528e-02
-3.80105315707623959e-03
3.84135991334915161e-02
2.53479313105344772e-02
-1.05008624494075775e-01
-3.46273928880691528e-02
4.16316129267215729e-02
-1.85948796570301056e-02
-1.03865772485733032e-01
-6.65107518434524536e-02
3.88430920429527760e-03
2.06328723579645157e-02
5.84470517933368683e-02
2.08720527589321136e-02
-2.66766771674156189e-02
-6.22793771326541901e-02
1.18321813642978668e-02
-3.51524464786052704e-02
4.73227724432945251e-02
-7.34918862581253052e-02
1.72344986349344254e-02
4.45552542805671692e-02
-6.83363303542137146e-02
3.59209924936294556e-02
8.08841064572334290e-02
6.03563524782657623e-02
-9.88221019506454468e-02
1.65436994284391403e-02
-3.05556654930114746e-02
1.95319443941116333e-01
-8.08944553136825562e-02
1.17600606754422188e-02
-7.59469866752624512e-02
-1.39973789453506470e-01
-5.34270331263542175e-02
-4.47384663857519627e-04
2.79916115105152130e-02
3.62683162093162537e-02
3.31099554896354675e-02
-1.80321615189313889e-02
-3.61934769898653030e-04
-1.33146941661834717e-01
4.24645319581031799e-02
-2.64593828469514847e-02
8.78378525376319885e-02
-2.47756838798522949e-02
-1.30380373448133469e-02
1.85432359576225281e-02
7.62098729610443115e-02
5.96330985426902771e-02
-1.24879084527492523e-01
9.14044231176376343e-02
6.94672763347625732e-02
1.14682562649250031e-01
7.64176249504089355e-02
-5.35235367715358734e-03
1.79589074105024338e-02
-2.50345915555953979e-02
1.07172168791294098e-01
-1.17661572992801666e-01
1.03600725531578064e-01
-6.19426406919956207e-02
-2.69263163208961487e-02
8.80115330219268799e-02
-3.44736129045486450e-02
4.14312928915023804e-02
3.82762216031551361e-02
6.79334253072738647e-02
-5.53447008132934570e-02
-7.22945556044578552e-02
2.90517397224903107e-02
5.10131660848855972e-03
5.21691935136914253e-03
-2.12323339655995369e-03
-7.23321810364723206e-02
5.47686405479907990e-02
8.82434751838445663e-03
8.16862210631370544e-02
-8.00580456852912903e-02
-1.35934241116046906e-02
7.44571164250373840e-02
5.19214309751987457e-02
3.30169945955276489e-02
-4.01929244399070740e-02
-7.64952823519706726e-02
-3.68652455508708954e-02
-7.53069743514060974e-02
-1.97911038994789124e-02
1.07321470975875854e-01
1.92861780524253845e-02
-2.86578796803951263e-02
-4.23475727438926697e-02
-2.00462155044078827e-02
9.33475121855735779e-02
1.17133632302284241e-02
3.22656743228435516e-02
7.43399783968925476e-02
4.09108251333236694e-02
1.00847586989402771e-01
5.61515502631664276e-02
4.22686077654361725e-02
-7.76277333498001099e-02
-3.06990351527929306e-02
1.36475972831249237e-02
1.08758971095085144e-01
-6.49932175874710083e-02
5.75600750744342804e-02
5.69044053554534912e-02
2.35870443284511566e-02
7.69837275147438049e-02
7.46068358421325684e-02
7.93811678886413574e-02
3.37228141725063324e-02
-5.81368803977966309e-02
8.42492803931236267e-02
1.18017718195915222e-01
-9.78049784898757935e-02
5.48818819224834442e-02
-1.43576646223664284e-02
1.31296768784523010e-01
-1.73293624538928270e-03
1.11412659287452698e-01
9.19842049479484558e-02
1.89956091344356537e-02
8.86048451066017151e-02
9.10449773073196411e-02
-1.16892633959650993e-02
2.06890515983104706e-03
8.97711440920829773e-02
-5.64799197018146515e-02
7.12102204561233521e-02
6.22059144079685211e-02
-6.69003948569297791e-02
1.15776628255844116e-01
-9.35255065560340881e-02
3.86918336153030396e-02
-8.75513330101966858e-02
-8.24268311262130737e-02
3.22190076112747192e-02
-1.44752323627471924e-01
-1.31396558135747910e-02
-3.98782221600413322e-03
7.17681050300598145e-02
4.13336195051670074e-02
-1.01503171026706696e-01
-2.77402512729167938e-02
7.95460864901542664e-02
6.18893951177597046e-02
-4.84455786645412445e-02
-1.10480770468711853e-01
1.46726027131080627e-01
-6.21790476143360138e-02
-3.79974022507667542e-02
-5.31680844724178314e-02
2.95654288493096828e-03
-7.45128542184829712e-02
9.90012288093566895e-03
9.33038741350173950e-02
-1.41143994405865669e-02
-6.07315897941589355e-02
4.99587766826152802e-02
-1.09891921281814575e-01
1.20187830179929733e-02
6.14007450640201569e-02
5.44310882687568665e-02
7.67554789781570435e-02
-1.92959923297166824e-02
-1.12974226474761963e-01
-1.06869630515575409e-01
6.89267143607139587e-02
-5.24704344570636749e-02
-5.03957495093345642e-02
1.21205300092697144e-01
-1.34477121755480766e-02
6.42912015318870544e-02
-5.63771091401576996e-02
4.52571548521518707e-02
7.56456181406974792e-02
4.22606952488422394e-02
-1.00769409909844398e-02
-5.59712946414947510e-02
-7.46345221996307373e-02
5.73708191514015198e-02
-1.00469604134559631e-01
9.64541267603635788e-03
-5.55147081613540649e-02
3.30460891127586365e-02
-4.52135019004344940e-02
4.28645350039005280e-02
-4.31840168312191963e-03
1.22421083506196737e-03
-6.30414560437202454e-02
-1.70818921178579330e-02
-6.67790472507476807e-02
-2.10533253848552704e-02
5.51664754748344421e-02
-4.46556210517883301e-02
5.51275126636028290e-02
-7.80427306890487671e-02
1.10462941229343414e-01
-4.08963970839977264e-02
2.96789482235908508e-02
-4.61570061743259430e-02
-8.65552574396133423e-02
-2.44654398411512375e-02
-1.99003033339977264e-02
-7.05472938716411591e-03
-1.99517253786325455e-02
-4.60205115377902985e-02
-1.09828718006610870e-01
1.93403940647840500e-02
6.60879164934158325e-02
-8.63041281700134277e-02
1.11850440502166748e-01
-4.06581424176692963e-02
-6.24726302921772003e-02
7.65503197908401489e-02
-4.90857427939772606e-03
1.01915322244167328e-01
1.30692552775144577e-02
-8.06431546807289124e-02
7.76376426219940186e-02
3.49709056317806244e-02
7.02325403690338135e-02
1.72071494162082672e-02
-5.78421689569950104e-02
1.21839337050914764e-01
-2.08608880639076233e-02
-6.22785873711109161e-02
4.10400666296482086e-02
-7.39453136920928955e-02
-4.79336455464363098e-02
-5.15962615609169006e-02
-4.41059134900569916e-02
-4.49198037385940552e-02
-2.41121649742126465e-02
-2.14213058352470398e-02
2.47680172324180603e-02
1.39601349830627441e-01
1.52837231755256653e-01
4.09923009574413300e-02
5.28954528272151947e-02
-1.33519507944583893e-02
-3.26803475618362427e-02
-1.15854464471340179e-01
-5.92867434024810791e-02
5.68300858139991760e-02
-5.85117284208536148e-03
-1.47633990272879601e-02
5.89044764637947083e-02
2.49971519224345684e-03
5.22773414850234985e-02
-7.71705713123083115e-03
1.35528529062867165e-02
-5.83252822980284691e-03
8.38986188173294067e-02
-9.79078635573387146e-02
-1.13484889268875122e-01
8.04264098405838013e-02
-4.95291203260421753e-02
8.92194807529449463e-02
-2.14382982812821865e-03
4.76398542523384094e-02
-1.85782127082347870e-02
4.03266027569770813e-02
3.93468663096427917e-02
-6.95985183119773865e-02
5.64831048250198364e-02
5.04141859710216522e-02
2.72320695221424103e-02
3.66760864853858948e-02
-7.03714089468121529e-03
-6.30225911736488342e-02
-1.00453861057758331e-01
-4.88868355751037598e-02
-5.96806630492210388e-02
-8.63847974687814713e-03
1.56938526779413223e-02
8.33157747983932495e-02
-1.43647879362106323e-01
-9.50222313404083252e-02
8.25046896934509277e-02
-3.87143455445766449e-02
-3.55725688859820366e-03
7.28612467646598816e-02
1.19161508977413177e-01
3.89131419360637665e-02
2.03723218291997910e-02
-1.98219548910856247e-02
5.18643902614712715e-03
5.01854382455348969e-02
-7.85557255148887634e-02
-9.92957875132560730e-02
8.12766849994659424e-02
-1.34803682565689087e-01
1.39337137341499329e-01
5.88586516678333282e-02
7.54158720374107361e-02
4.89611993543803692e-04
1.02325920015573502e-02
3.56221050024032593e-02
9.17545855045318604e-02
9.27380193024873734e-03
-6.96553066372871399e-02
8.19263383746147156e-02
2.23568733781576157e-02
1.49473130702972412e-01
-4.82665598392486572e-02
-1.89470220357179642e-02
-6.46242797374725342e-02
3.10361366719007492e-02
3.91137450933456421e-02
1.35408202186226845e-02
6.47326037287712097e-02
7.52212926745414734e-02
-6.72440156340599060e-02
1.12046726047992706e-01
-1.04848276823759079e-02
3.98593917489051819e-02
-2.62233358807861805e-03
1.13523704931139946e-02
8.37198421359062195e-02
-9.61131229996681213e-02
1.59437488764524460e-03
-1.01408446207642555e-02
-1.18303690105676651e-02
-5.70284537971019745e-02
9.39957574009895325e-02
4.88478690385818481e-03
8.81539210677146912e-02
1.60759389400482178e-02
5.54582364857196808e-02
8.01442936062812805e-02
-9.65132638812065125e-02
-8.01119729876518250e-02
-5.45658469200134277e-02
-6.21083490550518036e-02
1.28483111038804054e-02
3.13105265377089381e-05
8.87438133358955383e-02
-6.39643743634223938e-02
-3.50730260834097862e-03
-3.81894335150718689e-02
4.71700951457023621e-02
7.95462056994438171e-02
8.81015695631504059e-03
9.09392535686492920e-02
-9.69671458005905151e-02
-1.02414228022098541e-01
7.23526347428560257e-03
-2.64809671789407730e-02
4.90089952945709229e-02
8.66490975022315979e-02
2.02750135213136673e-02
6.70762499794363976e-03
-1.17060560733079910e-02
8.94762724637985229e-02
-1.27904385328292847e-01
5.05344290286302567e-03
-5.32110570929944515e-05
1.09592653810977936e-01
2.62762438505887985e-02
-7.83146452158689499e-03
6.33873557671904564e-03
-2.93137971311807632e-02
-2.61783525347709656e-02
8.24887305498123169e-02
1.34402275085449219e-01
-3.12800519168376923e-02
4.02125529944896698e-02
-3.70914600789546967e-02
-9.57764908671379089e-02
2.72314567118883133e-02
3.08523923158645630e-02
4.53858859837055206e-02
7.31042725965380669e-03
-6.05535469949245453e-02
-6.14935252815485001e-03
1.24275431036949158e-01
9.10029113292694092e-02
2.55113337188959122e-02
-2.66587417572736740e-02
-1.87515299767255783e-02
5.87957836687564850e-02
4.94500957429409027e-02
-5.70192523300647736e-02
-7.04297516494989395e-03
-9.51638370752334595e-02
4.37768362462520599e-02
-7.75929987430572510e-02
-4.70022251829504967e-03
-4.70878221094608307e-02
9.18838307261466980e-02
4.60926108062267303e-02
-3.18452692590653896e-03
-8.17184373736381531e-02
3.19311022758483887e-02
2.19870116561651230e-02
6.59479759633541107e-03
6.77457302808761597e-02
2.87655796855688095e-02
3.32386903464794159e-02
-6.61249309778213501e-02
-4.04327996075153351e-02
8.24919044971466064e-02
-2.70285215228796005e-02
-3.24675925076007843e-02
7.28448107838630676e-02
2.27356906980276108e-02
-3.23570594191551208e-02
4.61439453065395355e-02
1.52101134881377220e-02
1.18603743612766266e-02
-9.62394028902053833e-02
5.44424466788768768e-02
1.10301107168197632e-01
-1.06868341565132141e-01
5.86578398942947388e-02
5.44982366263866425e-02
3.34670096635818481e-02
-3.60423140227794647e-02
4.46489602327346802e-02
5.28600327670574188e-02
8.71363282203674316e-02
5.42404130101203918e-02
2.16985959559679031e-02
1.65451049804687500e-01
-6.50273412466049194e-02
3.06334812194108963e-02
-1.32578417658805847e-01
3.84478606283664703e-02
8.36794544011354446e-03
-7.58425742387771606e-02
3.56639456003904343e-03
-1.90358888357877731e-02
-5.74795678257942200e-02
-7.73393884301185608e-02
6.54475344344973564e-03
-2.30562854558229446e-02
6.47303462028503418e-02
-7.08496272563934326e-02
1.04717522859573364e-01
5.38161993026733398e-02
3.76493707299232483e-02
-2.09438521414995193e-02
1.04192122817039490e-01
1.17152959108352661e-01
3.93662080168724060e-02
8.17290917038917542e-02
-1.15725686773657799e-02
8.08143392205238342e-02
1.04593016207218170e-01
-1.05140253901481628e-01
1.92360151559114456e-02
-7.49054271727800369e-03
-7.87158589810132980e-03
-5.47347925603389740e-02
7.90606811642646790e-02
-8.50329473614692688e-02
-2.53595262765884399e-02
1.64236929267644882e-02
-4.31292951107025146e-02
6.58055618405342102e-02
9.78097692131996155e-02
-5.62473200261592865e-02
-5.07487542927265167e-02
-2.11519990116357803e-02
5.21793663501739502e-02
7.43496417999267578e-03
-5.87316695600748062e-03
-6.79607316851615906e-02
8.94288271665573120e-02
9.21723172068595886e-02
-2.72490214556455612e-02
5.01398183405399323e-02
-3.82236242294311523e-02
8.94301906228065491e-02
-7.31372982263565063e-02
9.29106026887893677e-02
9.81632545590400696e-02
8.15738067030906677e-02
-1.29450624808669090e-02
-2.38746381364762783e-03
-1.28990029916167259e-02
-3.46405580639839172e-02
-1.09475646167993546e-02
-7.29311183094978333e-02
1.34754419326782227e-01
-2.97091361135244370e-02
5.73273338377475739e-02
5.40637262165546417e-02
-4.11120988428592682e-02
5.83379194140434265e-02
-8.58718678355216980e-02
-5.93467019498348236e-02
1.94535069167613983e-02
-7.04727545380592346e-02
-4.78076934814453125e-02
-4.57929186522960663e-02
4.95198108255863190e-02
4.04270105063915253e-02
-7.41888582706451416e-02
6.17634840309619904e-02
-7.14351236820220947e-02
-1.07107095420360565e-01
6.06725066900253296e-02
1.30080501548945904e-03
-5.36894649267196655e-02
4.76244278252124786e-02
2.57797595113515854e-02
-1.10391996800899506e-01
6.38459622859954834e-02
4.21055667102336884e-02
-1.90027207136154175e-02
-9.13737937808036804e-02
-7.68942385911941528e-02
1.21347736567258835e-02
1.18306912481784821e-02
-5.78477866947650909e-02
-4.83770407736301422e-02
1.29976913332939148e-01
-5.15974052250385284e-02
6.12399503588676453e-02
9.36778113245964050e-02
1.12849455326795578e-02
3.11506409198045731e-02
-1.25824704766273499e-01
7.10270330309867859e-02
-1.21197186410427094e-01
1.67344778776168823e-01
-8.09308364987373352e-02
7.93389528989791870e-02
9.74846109747886658e-02
-7.84949213266372681e-02
-4.37497608363628387e-02
1.05866223573684692e-01
-2.64837257564067841e-02
-7.93158635497093201e-02
-4.63155843317508698e-02
9.90162640810012817e-02
-1.04169957339763641e-02
-1.27791270613670349e-01
-7.74498060345649719e-02
6.08162442222237587e-03
6.67379349470138550e-02
-4.92254421114921570e-02
-1.19400611147284508e-02
-8.90925973653793335e-02
-3.42407859861850739e-02
1.08248904347419739e-01
-6.10810928046703339e-02
-1.16576045751571655e-01
9.81128681451082230e-03
1.21070094406604767e-01
5.57151548564434052e-02
8.52542836219072342e-03
-6.26114942133426666e-03
3.17984931170940399e-02
1.11148796975612640e-01
-9.80289801955223083e-02
-2.34170147450640798e-05
1.73844210803508759e-02
-4.43960428237915039e-02
2.53631845116615295e-02
-9.86198782920837402e-02
9.95161384344100952e-03
2.15012524276971817e-02
1.24976284801959991e-01
-3.60519029200077057e-02
-1.42136648297309875e-01
-6.81083872914314270e-02
-6.49718716740608215e-02
6.67787268757820129e-02
-7.10366293787956238e-02
-9.51816514134407043e-02
1.67364820837974548e-01
4.39103543758392334e-02
9.26710572093725204e-03
-2.78744101524353027e-02
9.41287353634834290e-02
3.38075160980224609e-02
-3.08834146708250046e-02
-8.74022841453552246e-02
-1.32011882960796356e-02
-3.67163792252540588e-02
-1.14907465875148773e-01
-1.12296916544437408e-01
1.75857264548540115e-02
9.26974341273307800e-02
-6.32951781153678894e-02
-8.12404975295066833e-02
-4.04975116252899170e-02
-3.32530587911605835e-02
3.01044899970293045e-02
1.85152813792228699e-01
-1.49416968226432800e-01
9.84802991151809692e-02
-6.96486933156847954e-03
-1.82652156800031662e-02
-9.17113292962312698e-03
-4.23807650804519653e-03
-1.37443378567695618e-01
-1.05283461511135101e-01
2.81593464314937592e-02
6.85770437121391296e-02
-9.70982015132904053e-02
4.05546054244041443e-02
9.13314819335937500e-02
1.37725532054901123e-01
-3.49204102531075478e-03
6.72206655144691467e-02
2.07786306738853455e-01
9.60808694362640381e-02
-1.37364879250526428e-01
8.91727954149246216e-02
7.35264122486114502e-02
3.39442938566207886e-02
-6.76708444952964783e-02
6.38706833124160767e-02
-5.63691603019833565e-03
-7.85167068243026733e-02
3.28498817980289459e-02
-4.97818365693092346e-02
-5.87320281192660332e-03
-3.35697308182716370e-02
-8.87012481689453125e-03
-4.18331325054168701e-02
3.61934751272201538e-02
-9.24772769212722778e-03
6.53404965996742249e-02
4.36476245522499084e-02
-1.82986520230770111e-02
3.60022112727165222e-02
-6.65981397032737732e-02
-6.92845880985260010e-02
-4.90252859890460968e-02
-6.14064745604991913e-02
-1.17723710834980011e-01
4.70587052404880524e-02
4.11947406828403473e-02
-6.57581314444541931e-02
4.81073446571826935e-02
5.48994354903697968e-02
9.23573151230812073e-02
-1.94259383715689182e-03
3.36382612586021423e-02
5.69897256791591644e-02
-4.13672365248203278e-02
1.71993933618068695e-02
4.88086305558681488e-02
3.18580423481762409e-03
4.00589182972908020e-02
9.46395099163055420e-03
-2.97391805797815323e-02
3.09742353856563568e-02
-6.07469165697693825e-03
6.92955926060676575e-02
1.05344437062740326e-01
-6.18549957871437073e-02
7.02429935336112976e-02
4.72527649253606796e-03
5.16746155917644501e-02
7.86007568240165710e-02
-5.94534203410148621e-02
4.91387695074081421e-02
7.10933178197592497e-04
-3.74073088169097900e-02
-2.83141843974590302e-02
1.09727211296558380e-01
3.14359888434410095e-02
-5.55915981531143188e-02
8.46434757113456726e-02
-2.02739592641592026e-02
6.40750825405120850e-02
1.08624830842018127e-01
-2.34403442591428757e-02
9.33063924312591553e-02
-2.49432288110256195e-02
3.18445749580860138e-02
-3.59906554222106934e-02
5.98093541339039803e-03
-1.02034946903586388e-02
-9.90743860602378845e-02
3.74516565352678299e-03
7.98927173018455505e-02
3.73684801161289215e-02
-1.10000103712081909e-01
9.98267438262701035e-03
-7.07287117838859558e-02
1.63756813853979111e-02
-9.94264557957649231e-02
1.15614095702767372e-02
-8.87894928455352783e-02
-3.28611140139400959e-03
5.40403090417385101e-02
8.77944603562355042e-02
2.58414186537265778e-02
4.46243919432163239e-02
-6.02592295035719872e-03
-8.20167362689971924e-02
2.61280331760644913e-02
1.73512417823076248e-02
-7.87229165434837341e-02
5.98688535392284393e-02
9.81002673506736755e-02
3.29643487930297852e-02
-1.58487316220998764e-02
-1.09611570835113525e-01
9.68415141105651855e-02
-3.49962860345840454e-02
2.08438578993082047e-02
-6.77981078624725342e-02
6.44698590040206909e-02
1.76310911774635315e-02
8.10077860951423645e-02
5.82002103328704834e-02
-9.56227406859397888e-02
2.33516041189432144e-02
-1.30177259445190430e-01
-7.08719864487648010e-02
1.25715620815753937e-02
-6.73430189490318298e-02
4.26922775804996490e-02
-3.74450609087944031e-02
-2.45214477181434631e-02
-6.06189891695976257e-02
5.28835058212280273e-02
1.68176535516977310e-02
2.56549101322889328e-02
3.90535825863480568e-03
-4.47117760777473450e-02
8.94650642294436693e-04
5.89703395962715149e-02
-7.22159445285797119e-02
9.76310111582279205e-03
-1.15192234516143799e-01
-3.30712385475635529e-02
1.09548315405845642e-01
-4.22368273138999939e-02
8.58267024159431458e-02
3.48810851573944092e-02
4.73008549306541681e-04
1.05171695351600647e-01
-9.92640480399131775e-03
9.64262858033180237e-02
-2.51873750239610672e-02
-1.70370005071163177e-02
-2.67685879953205585e-03
-8.56613293290138245e-02
1.54575482010841370e-01
4.52654808759689331e-02
-9.17669460177421570e-02
-9.73381698131561279e-02
6.91902562975883484e-02
-2.78956517577171326e-02
3.78379486501216888e-02
-5.38332425057888031e-02
2.27353591471910477e-02
2.51344162970781326e-02
1.11879713833332062e-01
-1.20517171919345856e-01
1.71182081103324890e-02
3.18640768527984619e-02
-5.66597469151020050e-02
1.21638160198926926e-02
-6.80957827717065811e-03
1.04032218456268311e-01
8.64593312144279480e-02
-2.45081144385039806e-03
-1.34375663474202156e-02
-1.68608836829662323e-02
-2.15515829622745514e-02
9.73011925816535950e-02
9.51077491044998169e-02
3.61567847430706024e-02
-9.41473916172981262e-02
4.34111170470714569e-02
1.43965948373079300e-02
7.61666521430015564e-02
5.64890429377555847e-02
3.73933911323547363e-02
2.91302823461592197e-03
2.52995695918798447e-02
2.18006502836942673e-02
1.02948680520057678e-01
8.46222788095474243e-02
7.53936246037483215e-02
3.25341783463954926e-02
-1.64024345576763153e-02
1.79096713662147522e-01
-3.25886681675910950e-02
4.52897027134895325e-02
5.02955950796604156e-02
5.06672561168670654e-02
-3.85163947939872742e-02
-2.29273401200771332e-02
-3.17521579563617706e-02
6.21256418526172638e-02
-7.96467363834381104e-02
6.48616999387741089e-02
-8.25872793793678284e-02
-3.74756078235805035e-03
3.24569009244441986e-02
1.07275865972042084e-01
-3.99558357894420624e-02
-1.42225157469511032e-02
-7.15563073754310608e-02
8.40508751571178436e-03
-7.30577781796455383e-02
-2.09785513579845428e-02
9.37657281756401062e-02
6.21593818068504333e-02
6.23058900237083435e-02
-5.28249815106391907e-02
5.05328103899955750e-02
-3.45028825104236603e-02
6.32525980472564697e-02
1.03971129283308983e-02
1.27470359206199646e-01
7.85822514444589615e-03
1.08644597232341766e-01
8.54996442794799805e-02
-2.81346905976533890e-02
1.16442307829856873e-01
3.43204215168952942e-02
6.02209158241748810e-02
-3.89030482620000839e-03
-4.95608039200305939e-02
1.48246390745043755e-02
3.17863859236240387e-02
7.02021718025207520e-02
-1.13579005002975464e-01
-3.73239479959011078e-02
6.46739900112152100e-02
-6.09672293066978455e-02
9.06991679221391678e-03
-7.50395655632019043e-02
-6.19583390653133392e-02
9.93718393146991730e-03
1.57727673649787903e-03
4.87329997122287750e-02
7.07895122468471527e-03
-7.86386281251907349e-02
7.00121372938156128e-02
1.10495209693908691e-01
-6.84580132365226746e-02
1.09271325170993805e-01
-8.97685736417770386e-02
3.33532840013504028e-02
-4.19919565320014954e-02
4.11927588284015656e-02
-8.32890048623085022e-02
1.17902338504791260e-01
1.32457334548234940e-02
3.02896928042173386e-02
2.35715750604867935e-02
5.82210645079612732e-02
8.59881490468978882e-02
-4.38682287931442261e-02
-1.19329333305358887e-01
-3.96266356110572815e-02
-4.77782674133777618e-02
-7.72105827927589417e-02
-2.68287342041730881e-02
-6.20460622012615204e-02
4.54054139554500580e-02
7.82561767846345901e-03
8.20494592189788818e-02
-7.36851766705513000e-02
-9.34170037508010864e-02
-2.52918116748332977e-02
-1.02733515202999115e-01
2.51254998147487640e-02
-6.14712387323379517e-02
-2.76917871087789536e-02
3.74836777336895466e-03
-8.74583795666694641e-02
-3.24237681925296783e-02
5.90763054788112640e-02
-5.22390156984329224e-02
-6.93500936031341553e-02
5.42796850204467773e-02
-1.70074328780174255e-02
5.03748916089534760e-02
3.67364622652530670e-02
3.66265662014484406e-02
-8.74970033764839172e-02
7.62287303805351257e-02
-7.24339671432971954e-03
-3.89527045190334320e-02
4.93401922285556793e-02
1.65284927934408188e-02
7.49124288558959961e-02
-1.79329887032508850e-02
3.20037305355072021e-02
4.95815463364124298e-02
-4.02439087629318237e-02
-7.42493122816085815e-02
7.81988501548767090e-02
-2.96969749033451080e-02
-8.82475525140762329e-02
6.73101320862770081e-02
1.49446604773402214e-02
8.68020206689834595e-03
9.24282521009445190e-02
-2.96224076300859451e-02
1.14142835140228271e-01
-5.15496507287025452e-02
-6.57865256071090698e-02
-9.52290603891015053e-04
5.16406707465648651e-02
-5.39072118699550629e-02
3.95725667476654053e-02
3.53985615074634552e-02
-4.19598296284675598e-02
-1.21594667434692383e-02
3.04146390408277512e-02
3.79821211099624634e-02
1.00093549117445946e-02
-1.57877616584300995e-02
1.11592292785644531e-01
-2.95722503215074539e-02
-1.20941840112209320e-01
3.84214520454406738e-02
5.46109415590763092e-02
-2.98553761094808578e-02
-3.88558655977249146e-02
-3.05638108402490616e-02
2.64028441160917282e-02
7.59267285466194153e-02
-2.79254037886857986e-02
-2.84185353666543961e-02
-7.09225311875343323e-02
-1.21351093053817749e-01
1.98719128966331482e-02
8.02208185195922852e-02
1.81223675608634949e-02
-4.80368584394454956e-02
1.29889890551567078e-01
3.91633249819278717e-02
7.02165486291050911e-03
-1.86420883983373642e-02
-6.85611963272094727e-02
-1.10760577023029327e-01
-1.08866393566131592e-02
-5.27485460042953491e-02
2.26536784321069717e-02
-2.48397104442119598e-02
-1.09604805707931519e-01
2.00616419315338135e-02
1.54283735901117325e-02
1.67908295989036560e-02
1.76032409071922302e-02
5.29358573257923126e-02
4.76328544318675995e-02
-3.51387970149517059e-02
-6.12085945904254913e-02
-8.04580971598625183e-02
1.66940893977880478e-02
-6.07732776552438736e-03
7.14654549956321716e-02
-4.46126423776149750e-02
-7.19100981950759888e-02
7.23184198141098022e-02
-9.84065160155296326e-02
-2.49683614820241928e-02
-6.36453330516815186e-02
-2.75288112461566925e-02
-2.88241002708673477e-02
-5.94552271068096161e-02
-8.93296748399734497e-02
2.30761878192424774e-02
4.55147027969360352e-03
-5.86666241288185120e-02
-9.35315936803817749e-02
1.29077762365341187e-01
-5.06972670555114746e-02
-4.17431816458702087e-03
9.63746830821037292e-02
9.45921316742897034e-02
1.06658533215522766e-01
-1.64927858859300613e-02
7.21032097935676575e-02
1.05190463364124298e-02
-1.13590702414512634e-01
7.83532205969095230e-03
-1.06624409556388855e-01
-2.06585284322500229e-02
1.50581493973731995e-01
-1.00902549922466278e-01
-2.71688252687454224e-02
-9.08060930669307709e-03
-6.68632471933960915e-03
5.68743534386157990e-02
6.26524835824966431e-02
-8.59478563070297241e-02
1.06275044381618500e-01
1.31337000057101250e-02
3.00058424472808838e-02
2.68006455153226852e-02
4.21839244663715363e-02
3.89865301549434662e-02
-2.36368030309677124e-02
6.07301741838455200e-02
1.23372152447700500e-01
5.40916286408901215e-02
1.68781969696283340e-02
1.18848182260990143e-01
6.21645115315914154e-02
8.74157100915908813e-02
9.06524509191513062e-02
6.03939369320869446e-02
9.25722066313028336e-03
1.24360583722591400e-02
-5.97148388624191284e-02
9.62634012103080750e-02
-3.05616520345211029e-02
7.81133491545915604e-03
-1.02994069457054138e-01
-1.87474843114614487e-02
-5.68903014063835144e-02
-9.90217551589012146e-02
4.00476753711700439e-02
-5.08920960128307343e-02
2.01812572777271271e-02
5.18787279725074768e-02
-1.17223476991057396e-02
-3.18457931280136108e-02
3.21805626153945923e-02
9.30741950869560242e-02
1.49375870823860168e-02
-1.41828939318656921e-01
1.20602911338210106e-02
-3.55268195271492004e-02
-5.33928014338016510e-02
3.08502167463302612e-02
3.05770989507436752e-03
-9.06815007328987122e-02
9.30782034993171692e-02
7.91910216212272644e-02
9.83685702085494995e-02
-1.84516701847314835e-02
-2.47830357402563095e-02
4.95820753276348114e-02
-8.26160758733749390e-02
1.21320873498916626e-01
2.10816375911235809e-02
-2.61963382363319397e-02
-5.92516101896762848e-02
3.12832333147525787e-02
2.46595963835716248e-02
6.49178922176361084e-02
-5.80884143710136414e-02
1.76327582448720932e-03
7.09706544876098633e-02
5.14826998114585876e-02
7.22276838496327400e-03
-7.26512074470520020e-02
4.67497110366821289e-02
3.61717864871025085e-02
3.21594513952732086e-02
6.67213499546051025e-02
7.45402872562408447e-02
-3.52079048752784729e-02
7.26613402366638184e-02
8.94839912652969360e-02
9.25742648541927338e-03
-9.56669077277183533e-02
7.16428458690643311e-02
-4.73831482231616974e-02
8.28243494033813477e-02
-6.70879930257797241e-02
4.35490794479846954e-02
-8.45680609345436096e-02
-1.78730618208646774e-02
-7.84751679748296738e-03
9.30503308773040771e-02
7.95132946223020554e-03
2.61753425002098083e-02
-8.12932401895523071e-02
-4.31299395859241486e-02
3.14553901553153992e-02
-4.90087457001209259e-02
-8.43024849891662598e-02
-6.12953454256057739e-02
-3.94439622759819031e-02
-5.20768575370311737e-02
2.67380047589540482e-02
-4.13409434258937836e-02
1.01690866053104401e-01
-1.04904778301715851e-01
-8.55914205312728882e-02
8.43760743737220764e-03
1.03904865682125092e-01
-3.17170582711696625e-02
9.71824675798416138e-02
1.36699564754962921e-02
-6.92790448665618896e-02
2.20469087362289429e-02
-2.16766130179166794e-02
-7.01538845896720886e-02
5.20554929971694946e-02
9.65278744697570801e-02
1.05918459594249725e-02
-1.24370278790593147e-02
-1.74656771123409271e-02
-4.98252473771572113e-02
6.74673467874526978e-02
2.50435024499893188e-02
-2.63824723660945892e-02
2.49235928058624268e-02
8.60231667757034302e-02
1.41385998576879501e-02
-3.17110233008861542e-02
-1.01519867777824402e-01
4.17479872703552246e-02
-1.72814931720495224e-02
-5.15300631523132324e-02
-1.02550145238637924e-02
6.05275519192218781e-02
-8.65321084856987000e-02
-3.90542671084403992e-02
-2.84602046012878418e-02
-4.29368056356906891e-02
1.16254929453134537e-02
-3.17821651697158813e-02
-3.26615828089416027e-03
-2.33348421752452850e-02
2.00438648462295532e-02
-8.48683565855026245e-02
6.69062733650207520e-02
2.36962754279375076e-02
3.86105515062808990e-02
7.81876035034656525e-04
9.26709473133087158e-02
-9.66497659683227539e-02
1.43804671242833138e-02
-1.27727076411247253e-01
9.56322103738784790e-02
-1.62374172359704971e-02
-2.11993865668773651e-02
1.33035019040107727e-01
9.34424251317977905e-02
1.47738656960427761e-03
-8.10614824295043945e-02
1.08884997665882111e-01
-6.89191669225692749e-02
1.49540435522794724e-02
-3.04299294948577881e-02
7.48162791132926941e-02
3.25308665633201599e-02
5.73053210973739624e-02
-7.94158205389976501e-02
2.15728245675563812e-02
-7.19127804040908813e-02
-2.14728713035583496e-02
-2.99321860074996948e-02
8.76099914312362671e-02
-5.76672330498695374e-02
5.04642538726329803e-02
2.51846071332693100e-02
1.40455737709999084e-02
7.34602287411689758e-02
-5.23928701877593994e-02
9.78309661149978638e-02
-2.10776105523109436e-02
-5.49590168520808220e-03
-7.83599540591239929e-03
1.05553418397903442e-01
2.43572760373353958e-02
-1.34303467348217964e-02
-2.20839101821184158e-02
-7.79552981257438660e-02
1.47402603179216385e-02
7.36052962020039558e-03
-4.62439283728599548e-02
5.47790527343750000e-02
-3.06389033794403076e-02
-7.43598863482475281e-03
3.45340743660926819e-02
8.50464478135108948e-02
3.35618816316127777e-02
-5.07689900696277618e-02
-6.08791410923004150e-02
1.30407199263572693e-01
6.53624236583709717e-02
-7.17855468392372131e-02
-1.85452532605268061e-04
-1.05476677417755127e-02
7.71980509161949158e-02
8.12843963503837585e-02
1.99051816016435623e-02
-1.70501712709665298e-02
5.99032267928123474e-02
-7.43853598833084106e-02
1.01123660802841187e-01
-1.03330276906490326e-01
3.61852394416928291e-03
-7.18566328287124634e-02
-2.68914327025413513e-02
-5.88056556880474091e-02
1.04545809328556061e-01
-2.72660609334707260e-02
-9.71324071288108826e-02
-2.45192963629961014e-02
-2.05528978258371353e-02
-4.22172062098979950e-02
7.73881077766418457e-02
8.56101792305707932e-03
-9.60040744394063950e-03
2.31699571013450623e-02
-9.69657152891159058e-02
-2.01829895377159119e-02
1.12328492105007172e-01
-3.75766530632972717e-02
-1.89377460628747940e-02
1.11533626914024353e-01
-3.20042781531810760e-02
4.48112227022647858e-02
-2.83197388052940369e-02
7.48569816350936890e-02
5.88609278202056885e-02
-6.13383054733276367e-02
3.89585271477699280e-02
2.06125024706125259e-02
3.24051156640052795e-02
-6.55474886298179626e-02
-1.93487349897623062e-02
-2.68020015209913254e-02
1.66514411568641663e-01
-8.57789907604455948e-03
6.63238167762756348e-02
-3.56374420225620270e-02
-1.01018743589520454e-03
-5.96175193786621094e-02
5.97560927271842957e-02
1.08758874237537384e-01
7.01645761728286743e-02
4.05125543475151062e-02
-1.45790632814168930e-02
-5.31773157417774200e-02
-8.73684212565422058e-02
1.64361223578453064e-02
-9.91994887590408325e-02
6.35835528373718262e-02
-5.49047663807868958e-02
6.82297945022583008e-02
-7.26936087012290955e-02
-4.87270653247833252e-02
8.41513276100158691e-02
1.72437634319067001e-03
3.40770408511161804e-02
1.07598192989826202e-01
-4.28589060902595520e-02
6.60338476300239563e-02
-3.61582934856414795e-02
3.64239141345024109e-02
-1.09246522188186646e-02
2.89742369204759598e-02
-2.10801940411329269e-02
6.11985288560390472e-02
1.99918318539857864e-02
3.48333157598972321e-02
5.67156486213207245e-02
-8.44128131866455078e-02
6.04980764910578728e-03
-3.19816134870052338e-02
-4.58353646099567413e-02
1.44484424963593483e-02
-1.08331471681594849e-01
5.48468753695487976e-02
6.90154209733009338e-02
3.64986859494820237e-04
8.77873003482818604e-02
-4.61361221969127655e-02
4.82159927487373352e-02
-3.09711624868214130e-03
3.37028293870389462e-03
-9.12430956959724426e-02
-2.58257007226347923e-03
5.62365837395191193e-02
-2.01115980744361877e-02
-2.84054595977067947e-02
9.40045565366744995e-02
3.17613966763019562e-02
-3.73241957277059555e-03
2.32236813753843307e-02
8.00678506493568420e-03
6.58130198717117310e-02
-1.39781162142753601e-01
-9.54438075423240662e-02
-6.66426792740821838e-02
-4.97556403279304504e-02
7.14776366949081421e-02
3.47161069512367249e-02
-7.28568509221076965e-02
4.47350628674030304e-02
-3.00179906189441681e-02
5.97522268071770668e-03
-4.64170835912227631e-02
2.42009013891220093e-02
-3.31486798822879791e-02
-9.52499955892562866e-02
-6.06338307261466980e-03
8.09696987271308899e-02
4.29113954305648804e-02
-2.12229155004024506e-02
-1.89715698361396790e-02
5.52387721836566925e-03
1.41120463609695435e-01
7.92081654071807861e-02
6.82640895247459412e-02
4.53870370984077454e-02
-4.89709898829460144e-02
5.26356473565101624e-02
4.57703359425067902e-02
1.38223776593804359e-02
8.47219899296760559e-02
2.38979160785675049e-02
6.90529048442840576e-02
-5.87844327092170715e-02
9.42490026354789734e-02
-6.44535422325134277e-02
5.42659759521484375e-02
3.12451506033539772e-03
2.68074125051498413e-02
1.04661192744970322e-02
-8.36498215794563293e-02
7.69929885864257812e-02
4.26282081753015518e-03
9.51198861002922058e-02
2.38108225166797638e-02
-1.67756788432598114e-02
4.24264632165431976e-02
-1.81190036237239838e-02
-3.51060852408409119e-02
2.91640963405370712e-02
-5.05841933190822601e-02
-3.89850102365016937e-02
-4.70859259366989136e-02
3.19336988031864166e-02
-6.15444667637348175e-02
2.66647571697831154e-03
-7.36202895641326904e-02
-7.57521614432334900e-02
1.56507585197687149e-02
2.27067898958921432e-02
5.72704635560512543e-02
-4.05374020338058472e-02
9.46463197469711304e-02
-9.41479504108428955e-02
4.72303889691829681e-02
-5.68444058299064636e-02
6.03864006698131561e-02
-2.03898511826992035e-02
4.15709502995014191e-02
2.03405376523733139e-02
-3.64936664700508118e-02
9.38868056982755661e-03
-4.30186800658702850e-02
7.53951668739318848e-02
7.60721787810325623e-02
8.13538432121276855e-02
-1.87132088467478752e-03
-4.86048571765422821e-02
-4.59222383797168732e-02
1.20942154899239540e-02
5.96043746918439865e-03
1.09125794842839241e-02
-8.78061652183532715e-02
8.92098154872655869e-03
9.93608124554157257e-03
-9.80853363871574402e-02
-1.28816310316324234e-02
-7.79389450326561928e-03
-5.21446168422698975e-02
1.62918623536825180e-02
5.04605695605278015e-02
1.04125700891017914e-02
9.80405882000923157e-03
1.73798315227031708e-02
3.81317622959613800e-02
-6.32608532905578613e-02
4.79851150885224342e-03
4.05156165361404419e-02
-2.98559982329607010e-02
-2.60623749345541000e-02
-8.95274206995964050e-02
-6.90454989671707153e-02
-2.55686640739440918e-02
-3.24250608682632446e-02
8.69039595127105713e-02
-3.30816023051738739e-02
-8.00596848130226135e-02
1.23823575675487518e-01
-8.63108262419700623e-02
1.02550908923149109e-01
-5.24328537285327911e-02
3.08592896908521652e-02
-9.48811173439025879e-02
7.88969025015830994e-02
-3.13392542302608490e-02
-4.02560383081436157e-02
-4.13020811975002289e-02
4.88255731761455536e-02
-8.54630544781684875e-02
5.98331950604915619e-02
2.45594866573810577e-02
9.10483375191688538e-02
8.88301730155944824e-02
-1.79519113153219223e-02
1.04404352605342865e-02
5.32499551773071289e-02
4.90194708108901978e-02
8.63321572542190552e-02
-1.17577072232961655e-02
-1.97427836246788502e-03
-2.24568378180265427e-02
5.29913753271102905e-02
1.35425273329019547e-02
3.50133180618286133e-02
-3.90545427799224854e-02
1.11801475286483765e-01
3.00296172499656677e-02
-6.13443143665790558e-02
1.86574123799800873e-02
1.28105841577053070e-02
-4.54498454928398132e-03
5.83483390510082245e-02
-6.25375583767890930e-02
-8.25771875679492950e-03
1.73526927828788757e-02
-1.22028943151235580e-02
7.21473470330238342e-02
5.77079318463802338e-03
6.24056570231914520e-02
5.59588968753814697e-02
-5.81714585423469543e-02
3.25290486216545105e-02
4.64664772152900696e-02
9.27332118153572083e-02
1.07670240104198456e-01
4.54533323645591736e-02
3.17020528018474579e-02
-4.47520948946475983e-02
-5.73271401226520538e-02
4.77494262158870697e-02
5.18560484051704407e-02
5.26361865922808647e-03
5.49524612724781036e-02
5.69605268537998199e-02
-5.18130995333194733e-02
-8.68298336863517761e-02
1.21402010321617126e-01
-8.31418856978416443e-02
-3.89384962618350983e-02
8.03173705935478210e-02
-4.72741723060607910e-02
-1.22309280559420586e-02
1.73362433910369873e-01
-1.24589957296848297e-01
-4.21243868768215179e-02
9.16012227535247803e-02
-1.04947872459888458e-01
-2.16793222352862358e-03
6.11693002283573151e-02
5.39547437801957130e-03
-1.11055180430412292e-01
-1.08640462160110474e-01
1.77870512008666992e-01
-6.86279498040676117e-04
-3.14657315611839294e-02
7.86715447902679443e-02
-1.01893581449985504e-01
-2.35812971368432045e-03
-6.89972052350640297e-03
1.47730171680450439e-01
-3.76324495300650597e-03
1.18582777678966522e-01
-1.02375507354736328e-01
7.63412984088063240e-03
-5.16041554510593414e-02
5.64831197261810303e-02
-3.80144733935594559e-03
8.34030508995056152e-02
1.37136384844779968e-01
6.13130256533622742e-02
-1.41500635072588921e-03
-3.39535735547542572e-02
1.24598838388919830e-01
-9.96819697320461273e-03
4.17063049972057343e-02
-8.03067535161972046e-02
-6.15855753421783447e-02
2.41412557661533356e-02
5.21307811141014099e-02
-9.66378450393676758e-02
1.50802791118621826e-01
-5.69412745535373688e-02
3.34011539816856384e-02
5.19279502332210541e-02
8.64864364266395569e-02
-5.02426959574222565e-02
4.83530806377530098e-03
9.23961997032165527e-02
1.15711122751235962e-01
1.08636602759361267e-01
1.28651797771453857e-01
-1.63650489412248135e-03
-1.40138745307922363e-01
1.04096353054046631e-01
3.72062325477600098e-02
-2.38754786550998688e-02
3.21490801870822906e-02
-6.85685351490974426e-02
-3.89140956103801727e-02
4.50656525790691376e-02
7.98273980617523193e-02
-7.08187073469161987e-02
-1.79988816380500793e-02
-1.81373115628957748e-02
1.43541982397437096e-02
-7.47260376811027527e-02
9.77690070867538452e-02
-3.43201942741870880e-02
1.50954117998480797e-02
-1.08698241412639618e-01
7.83458650112152100e-02
9.13991872221231461e-03
7.14596658945083618e-02
2.66037192195653915e-02
-7.74233369156718254e-03
-6.51405826210975647e-02
-6.92402943968772888e-02
3.81213501095771790e-02
-1.51424054056406021e-02
1.28153011202812195e-01
2.39430144429206848e-02
1.64012927561998367e-02
3.12316995114088058e-02
1.13753555342555046e-02
-1.03279754519462585e-01
-3.02879661321640015e-02
-3.42365875840187073e-02
8.86952653527259827e-02
-1.52170471847057343e-02
-1.30273522809147835e-02
-9.23826638609170914e-03
-2.91448552161455154e-03
-2.55809854716062546e-02
-2.19332724809646606e-02
-8.11574533581733704e-02
1.75209697335958481e-02
2.55439952015876770e-02
-7.86648783832788467e-03
-3.22065167129039764e-02
-4.09211684018373489e-03
-2.54742112010717392e-02
1.16840153932571411e-01
-1.46990820765495300e-01
1.28022611141204834e-01
-2.66864988952875137e-02
-4.37959544360637665e-02
1.02921195328235626e-01
-1.37961953878402710e-01
-3.38979735970497131e-02
-7.96031393110752106e-03
-1.05156078934669495e-02
-3.29733639955520630e-02
-1.76620811223983765e-01
-4.64974977076053619e-02
2.42167375981807709e-02
-6.57285153865814209e-02
3.63192036747932434e-02
-4.04465980827808380e-02
9.51276049017906189e-02
-1.44592791795730591e-01
1.07698351144790649e-01
1.31170116364955902e-02
6.15104064345359802e-02
1.44643373787403107e-02
6.34271204471588135e-02
-2.32114698737859726e-02
4.24208566546440125e-02
-1.20262265205383301e-01
-1.29739537835121155e-01
-1.21245525777339935e-01
-2.04463731497526169e-02
6.69604241847991943e-02
-8.02680999040603638e-02
9.22552682459354401e-03
7.29752480983734131e-02
6.43785372376441956e-02
5.65920397639274597e-03
2.84216459840536118e-02
-1.01901724934577942e-01
-2.66926586627960205e-02
-1.11156597733497620e-01
6.13993294537067413e-02
-5.17972968518733978e-02
9.75110828876495361e-02
-6.42055198550224304e-02
1.56935285776853561e-02
4.66918759047985077e-02
2.18351855874061584e-02
-1.67894046753644943e-02
-2.26270537823438644e-02
-9.63244289159774780e-02
5.88084161281585693e-02
9.39120873808860779e-02
9.55025386065244675e-03
-3.69048379361629486e-02
1.21928602457046509e-01
-3.07812597602605820e-02
-1.01657539606094360e-01
-2.97824963927268982e-02
-5.13020977377891541e-02
1.20744697749614716e-01
1.46668270230293274e-01
-3.80074046552181244e-02
3.41876298189163208e-02
8.36934447288513184e-02
-2.65092751942574978e-03
8.36243927478790283e-02
-5.99466487765312195e-02
-4.19835224747657776e-02
-1.16221085190773010e-02
6.96989428251981735e-03
6.07009194791316986e-02
-3.20768877863883972e-02
-1.17795571684837341e-01
4.06686142086982727e-02
-6.70520290732383728e-02
3.12495660036802292e-02
-6.54109939932823181e-02
6.84959888458251953e-02
4.66309636831283569e-02
6.85797408223152161e-02
8.62505361437797546e-02
-2.66003627330064774e-02
-1.41569599509239197e-01
1.75216998904943466e-02
-4.96633723378181458e-02
4.83410470187664032e-02
1.23455114662647247e-02
3.43612977303564548e-03
4.62801847606897354e-03
1.48618435487151146e-02
-3.39141972362995148e-02
9.45128593593835831e-03
-3.06745544075965881e-02
6.82788416743278503e-02
-5.72260990738868713e-02
-7.85399451851844788e-02
3.22078540921211243e-02
-2.33463593758642673e-04
-8.75043943524360657e-02
6.34623318910598755e-02
-2.53388341516256332e-02
1.72074008733034134e-02
2.97670792788267136e-02
7.56287798285484314e-02
-1.89326256513595581e-02
-2.57294122129678726e-02
-4.91302870213985443e-02
-6.26784563064575195e-02
-2.39378772675991058e-02
4.86524030566215515e-02
-6.83919414877891541e-02
-7.17653613537549973e-03
-3.76002639532089233e-02
-2.41840984672307968e-02
-3.75136323273181915e-02
6.41647279262542725e-02
-3.20096537470817566e-02
-1.22030787169933319e-01
6.67687132954597473e-02
-5.77474497258663177e-02
2.21220720559358597e-02
5.24363070726394653e-02
2.04161945730447769e-02
1.01400956511497498e-01
-6.41014240682125092e-03
-1.14678964018821716e-01
-1.04710154235363007e-01
-7.75119662284851074e-02
-3.81557270884513855e-02
4.69551756978034973e-02
6.86267018318176270e-02
-1.55171817168593407e-02
-5.34864291548728943e-02
9.34111773967742920e-02
1.25800877809524536e-01
4.09908927977085114e-02
-7.29231685400009155e-02
-6.42536953091621399e-02
6.83910697698593140e-02
-3.13112582080066204e-03
2.14904434978961945e-02
-1.11196544021368027e-02
6.85940086841583252e-02
-1.42625600099563599e-01
3.15657593309879303e-02
-6.67153373360633850e-02
7.64000490307807922e-02
-1.07025705277919769e-01
-2.09420025348663330e-02
3.48341017961502075e-02
1.57083682715892792e-02
3.00966836512088776e-02
-7.12203159928321838e-02
-3.17750833928585052e-02
-6.63045272231101990e-02
-4.13205800577998161e-03
6.28062337636947632e-02
9.24080833792686462e-02
-7.55093693733215332e-02
-3.29053848981857300e-02
-9.00717005133628845e-02
-2.28186938911676407e-02
-1.32499366998672485e-01
-8.46021324396133423e-02
7.77921378612518311e-02
-7.53316581249237061e-02
-3.94851192831993103e-02
-5.45377172529697418e-02
-4.83623929321765900e-02
1.59793235361576080e-02
-2.85559073090553284e-02
-1.10125392675399780e-01
-1.03568948805332184e-01
2.83793732523918152e-02
-7.23870918154716492e-02
7.24312812089920044e-02
3.88450399041175842e-02
-6.83339163661003113e-02
-3.79317402839660645e-02
9.29412692785263062e-02
-1.47290185093879700e-01
-2.33137216418981552e-02
-8.45220591872930527e-03
4.28054034709930420e-02
4.97374050319194794e-02
8.82041081786155701e-02
7.55528211593627930e-02
-4.88223042339086533e-03
-2.69406940788030624e-03
6.12184330821037292e-02
5.65458722412586212e-02
-9.61966961622238159e-02
4.98194396495819092e-02
-7.49030485749244690e-02
-2.99968756735324860e-02
-2.85389870405197144e-02
-6.55278339982032776e-02
3.40549349784851074e-02
1.56719796359539032e-02
3.94255407154560089e-02
-3.11219934374094009e-02
7.09055783227086067e-03
-6.04013446718454361e-03
-5.50245642662048340e-02
4.97410334646701813e-02
-8.75695124268531799e-02
-3.67920249700546265e-02
8.02373141050338745e-02
3.75548005104064941e-02
-7.06506669521331787e-02
8.96396413445472717e-02
2.32828054577112198e-02
-1.02745527401566505e-02
-1.41072422266006470e-02
8.67063552141189575e-02
4.44688759744167328e-02
3.32300178706645966e-02
-1.44940363243222237e-02
9.93488207459449768e-02
1.51269529014825821e-02
9.78898480534553528e-02
-2.47094109654426575e-02
-9.50282886624336243e-02
6.56514763832092285e-02
-1.60866566002368927e-02
-3.55377048254013062e-02
4.82214391231536865e-02
6.93268701434135437e-03
-7.47178271412849426e-02
1.41681537032127380e-01
-2.54356525838375092e-02
3.05376462638378143e-02
6.45881295204162598e-02
-3.74040044844150543e-02
-1.08603022992610931e-01
-7.87287354469299316e-02
-7.07733780145645142e-02
-7.19219893217086792e-02
-6.94827660918235779e-02
7.14386254549026489e-02
-3.47946323454380035e-02
2.78587162028998137e-04
-7.65443742275238037e-02
7.14192586019635201e-03
2.74388398975133896e-02
-5.06021231412887573e-02
-2.15677474625408649e-03
1.15795552730560303e-01
3.79121042788028717e-02
-8.52759368717670441e-03
-9.10544767975807190e-02
-6.37122243642807007e-02
-5.10309562087059021e-02
-3.20773459970951080e-02
-3.46271879971027374e-03
6.70340433716773987e-02
-1.06110880151391029e-02
-3.31894755363464355e-02
6.31175637245178223e-02
1.53455631807446480e-02
5.74334636330604553e-02
3.23202423751354218e-02
-3.46657894551753998e-02
-8.66510067135095596e-03
4.82497736811637878e-02
-2.71641742438077927e-02
3.53291593492031097e-02
-7.74476602673530579e-02
6.78768567740917206e-03
9.52845513820648193e-02
-9.44297984242439270e-02
-6.53142705559730530e-02
6.94899484515190125e-02
2.65629515051841736e-02
7.76098445057868958e-02
-1.30862612277269363e-02
9.07181650400161743e-02
-9.35120880603790283e-02
-5.77984414994716644e-02
-2.84800939261913300e-02
-7.54674598574638367e-02
5.39338290691375732e-02
-2.34416648745536804e-02
9.07253772020339966e-02
-2.46127080172300339e-02
5.26961348950862885e-02
-1.36057510972023010e-02
7.74225294589996338e-02
6.85371533036231995e-02
9.40347909927368164e-02
-7.92797580361366272e-02
-6.49854168295860291e-02
1.72736458480358124e-02
6.65625408291816711e-02
-5.78635446727275848e-02
3.57098244130611420e-02
2.85969395190477371e-02
-3.83055061101913452e-02
4.83555682003498077e-02
1.29647254943847656e-01
-2.67177261412143707e-02
7.51550793647766113e-02
-4.63047996163368225e-02
-8.20635110139846802e-02
-5.32776601612567902e-02
-5.40976785123348236e-02
9.76908206939697266e-02
5.43455407023429871e-02
1.23748496174812317e-01
3.00714578479528427e-02
2.92491409927606583e-02
-5.29284328222274780e-02
-6.98414668440818787e-02
-3.60161140561103821e-02
1.43282013013958931e-02
4.96258959174156189e-02
2.63088196516036987e-02
2.06245016306638718e-02
5.05457222461700439e-02
8.59571620821952820e-02
3.12386564910411835e-02
3.34690921008586884e-02
-7.91766867041587830e-02
-1.27969846129417419e-01
-1.24512985348701477e-02
8.80979280918836594e-03
5.88181726634502411e-02
3.49560603499412537e-02
7.99812749028205872e-02
-5.60165829956531525e-02
-2.93161142617464066e-02
1.31211295723915100e-01
-5.39573803544044495e-02
4.88918647170066833e-02
-8.73577147722244263e-02
8.18845853209495544e-02
8.88310670852661133e-02
1.23955316841602325e-01
2.77189109474420547e-02
2.44022086262702942e-02
-7.68383592367172241e-02
9.65757966041564941e-02
-3.89203503727912903e-02
1.80622469633817673e-02
1.98032297194004059e-02
5.94232045114040375e-02
-6.39898553490638733e-02
-8.64867493510246277e-02
-3.78287509083747864e-02
4.08916696906089783e-02
2.37049125134944916e-02
-2.17187665402889252e-02
3.22628803551197052e-02
5.98599463701248169e-02
7.05752521753311157e-02
-9.87608581781387329e-02
8.85922685265541077e-02
-3.52664431557059288e-03
8.62316414713859558e-02
8.13252665102481842e-03
-5.19343614578247070e-02
7.09611326456069946e-02
-2.00732499361038208e-02
-7.62356892228126526e-02
5.58230429887771606e-02
1.44951334223151207e-02
-4.57161962985992432e-02
-4.18465100228786469e-02
1.37011125683784485e-01
-1.04297503829002380e-01
-1.42862834036350250e-03
-5.30986525118350983e-02
-6.48535937070846558e-02
5.70430569350719452e-02
-6.36126771569252014e-02
1.97651572525501251e-02
-9.05507430434226990e-03
-5.09203691035509109e-03
-3.66755910217761993e-02
-1.42406687140464783e-01
-4.39362972974777222e-03
6.04598633944988251e-02
-8.60456973314285278e-02
1.08377426862716675e-01
7.10842832922935486e-02
1.80310681462287903e-02
-1.70307531952857971e-02
4.66988235712051392e-02
-1.36871142312884331e-02
1.31465261802077293e-02
2.61730477213859558e-02
5.53740141913294792e-03
-1.52952829375863075e-03
-6.29151687026023865e-02
6.17892481386661530e-02
3.35239060223102570e-02
-1.31888594478368759e-02
1.39430642127990723e-01
-6.86502680182456970e-02
9.03212353587150574e-02
-4.21545393764972687e-02
8.84463936090469360e-02
2.11573336273431778e-02
1.81731116026639938e-02
1.45402485504746437e-02
3.97844351828098297e-02
7.26021006703376770e-02
5.79657852649688721e-02
-1.58769506961107254e-02
-7.37158814445137978e-04
-2.11664345115423203e-02
-2.05947905778884888e-02
6.50857761502265930e-02
8.05636569857597351e-02
8.29893723130226135e-02
-4.16383631527423859e-02
8.28253030776977539e-02
-2.31047924607992172e-02
1.15696504712104797e-01
-1.10339030623435974e-01
-7.77616677805781364e-03
-1.25112056732177734e-01
4.97527513653039932e-03
3.33668440580368042e-02
8.08047279715538025e-02
-4.60907891392707825e-02
2.40737348794937134e-02
5.32970242202281952e-02
9.46251861751079559e-03
1.23590804636478424e-01
1.68344769626855850e-02
8.35479721426963806e-02
5.15813147649168968e-03
7.01031610369682312e-02
-4.11000661551952362e-02
-2.00743414461612701e-02
-6.33029565215110779e-02
4.62003201246261597e-02
1.98070500046014786e-02
8.57512727379798889e-02
-8.16750712692737579e-03
-2.65089701861143112e-02
4.81407418847084045e-02
1.39171019196510315e-01
-8.41637030243873596e-02
7.18938931822776794e-02
-1.49231879040598869e-02
3.55006754398345947e-02
4.57850657403469086e-02
8.76219198107719421e-02
-2.55960393697023392e-02
-5.94107359647750854e-02
-4.26569767296314240e-02
-7.89044275879859924e-02
-4.56360764801502228e-02
-4.93886508047580719e-02
8.33503752946853638e-02
-8.31945538520812988e-02
1.13930866122245789e-01
-7.95556828379631042e-02
1.49252623319625854e-01
7.13884159922599792e-02
-6.79554268717765808e-02
3.68014834821224213e-02
-2.47274506837129593e-02
-9.02271717786788940e-02
4.02120947837829590e-02
-2.43136845529079437e-03
3.17433290183544159e-02
3.99048700928688049e-02
-5.37835992872714996e-02
6.00010119378566742e-02
-2.30718310922384262e-02
-5.37475980818271637e-02
7.68172964453697205e-02
1.78193785250186920e-02
-9.70137044787406921e-02
-1.92484874278306961e-02
3.27077484689652920e-03
-1.26563996076583862e-01
1.23734101653099060e-01
-1.19811762124300003e-02
-6.64139688014984131e-02
-3.52041460573673248e-02
4.70919944345951080e-02
5.12399002909660339e-02
-5.94856683164834976e-03
4.62540946900844574e-02
6.80259689688682556e-02
-6.37757182121276855e-02
-2.79682166874408722e-02
-5.63661195337772369e-02
1.24804794788360596e-01
-5.27919456362724304e-03
9.40722227096557617e-02
-6.60340441390872002e-03
-9.31369215250015259e-02
-7.74505957961082458e-02
7.27219646796584129e-03
1.08563981950283051e-01
-1.35282233357429504e-01
-3.06117441505193710e-02
-1.20733119547367096e-01
6.60567730665206909e-03
8.91276448965072632e-02
7.55648240447044373e-02
-7.26637169718742371e-02
1.33855551481246948e-01
-2.10236757993698120e-02
-1.42847508192062378e-01
8.35921708494424820e-03
1.21892228722572327e-01
4.72794510424137115e-02
-2.09452193230390549e-02
7.16199949383735657e-02
2.31210142374038696e-02
9.24257040023803711e-02
1.91688118502497673e-03
5.69263584911823273e-02
5.99068449810147285e-03
1.25661447644233704e-01
-5.57595379650592804e-02
1.10895922407507896e-02
7.15185282751917839e-03
4.89649102091789246e-02
-3.37727405130863190e-02
9.14813056588172913e-02
-2.96326383249834180e-04
-6.49177134037017822e-02
8.90243947505950928e-02
-7.72979557514190674e-02
-7.26614445447921753e-02
3.52053903043270111e-02
5.72770982980728149e-02
-8.39935392141342163e-02
3.19631746970117092e-03
-7.97998011112213135e-02
3.93234826624393463e-02
8.82926136255264282e-02
-1.54115399345755577e-02
-1.00312560796737671e-01
-6.10899403691291809e-02
-4.66833598911762238e-02
-1.43303466029465199e-03
-1.68825965374708176e-02
3.59207279980182648e-02
2.00994033366441727e-02
-2.96356156468391418e-02
4.84087242512032390e-04
-4.80955690145492554e-02
5.85681684315204620e-02
-2.27636843919754028e-02
5.05998134613037109e-02
1.10644504427909851e-01
-1.03797569870948792e-01
1.35897263884544373e-01
-9.09211263060569763e-02
-2.40167938172817230e-02
1.30757912993431091e-01
-9.80734750628471375e-02
-6.69305119663476944e-03
-6.69157877564430237e-02
-1.93299967795610428e-02
-8.26792865991592407e-02
5.70057006552815437e-03
-6.50869235396385193e-02
1.14496173337101936e-02
6.43804892897605896e-02
-6.73664733767509460e-02
4.63471822440624237e-02
6.45748749375343323e-02
-2.29681376367807388e-02
4.57159709185361862e-03
-1.45370170474052429e-01
8.57617184519767761e-02
6.09241090714931488e-02
-2.57744789123535156e-02
5.91635219752788544e-02
-8.20041000843048096e-02
-1.55881091952323914e-01
1.40664681792259216e-01
-1.04997187852859497e-01
-3.83743573911488056e-03
-5.64475618302822113e-02
-9.50525626540184021e-02
1.97133347392082214e-02
-5.90123385190963745e-02
2.53330934792757034e-02
-2.28444915264844894e-02
4.19254936277866364e-02
3.57983633875846863e-03
-1.30614325404167175e-01
1.05073034763336182e-01
5.79980686306953430e-02
-4.76268231868743896e-02
2.64624599367380142e-02
1.61255206912755966e-02
4.61879335343837738e-02
-6.76158815622329712e-02
5.08301854133605957e-02
-8.23905393481254578e-02
-7.23229721188545227e-02
5.83050101995468140e-02
1.18334777653217316e-02
-4.98042404651641846e-02
7.15991109609603882e-02
1.57053731381893158e-02
6.12399727106094360e-02
-8.19615051150321960e-02
2.41583865135908127e-02
2.26664673537015915e-02
3.81650552153587341e-02
6.95397630333900452e-02
4.29175682365894318e-02
7.52823501825332642e-02
-7.92779773473739624e-02
-6.68732598423957825e-02
4.35768887400627136e-02
-5.09786978363990784e-03
-2.86480709910392761e-02
-4.06861007213592529e-02
-4.74837571382522583e-02
2.99212951213121414e-02
4.81627061963081360e-02
3.84517125785350800e-02
-1.73091038595885038e-03
6.18186369538307190e-02
-1.29257673397660255e-02
6.92101642489433289e-02
-1.16175487637519836e-01
-1.52815720066428185e-02
-8.50331038236618042e-02
5.41117191314697266e-02
-3.40728685259819031e-02
-6.85508251190185547e-02
-1.62695115432143211e-03
-3.21200639009475708e-02
8.62974151968955994e-02
5.95021359622478485e-02
-1.07152722775936127e-01
-2.75129955261945724e-02
-7.46052786707878113e-02
3.56202595867216587e-03
6.05485253036022186e-02
-3.68688115850090981e-03
6.60754516720771790e-02
-2.18508159741759300e-03
3.80354821681976318e-02
-1.79976189974695444e-03
8.04166570305824280e-02
4.54984903335571289e-02
8.49030632525682449e-03
-3.44866849482059479e-02
3.03592830896377563e-02
1.22609371319413185e-02
-5.67113086581230164e-02
-3.52238863706588745e-02
-4.55837100744247437e-02
2.55810339003801346e-02
-2.91269663721323013e-02
-2.82329078763723373e-02
4.56677265465259552e-02
-1.02890536189079285e-01
1.53879914432764053e-02
-7.89693072438240051e-02
-5.12313880026340485e-02
-5.70306042209267616e-03
-1.83883327990770340e-02
8.16741883754730225e-02
-4.57939840853214264e-02
2.41674054414033890e-02
1.42000159248709679e-02
1.44068254157900810e-02
-1.04748181998729706e-01
-9.28086712956428528e-02
-2.24463343620300293e-02
5.14866970479488373e-02
1.55970528721809387e-02
6.51986598968505859e-02
-2.39955820143222809e-03
-5.50047680735588074e-02
-4.53253872692584991e-02
7.52978548407554626e-02
3.85698340833187103e-02
-9.20541808009147644e-02
-1.49812083691358566e-02
2.90924515575170517e-02
2.71342396736145020e-02
4.12027686834335327e-02
3.06308008730411530e-02
3.80330197513103485e-02
7.55487829446792603e-02
-6.69720396399497986e-02
2.86304373294115067e-02
-9.65921878814697266e-02
-3.50518226623535156e-02
-1.06214858591556549e-01
7.56318494677543640e-02
-2.89253294467926025e-02
4.79607023298740387e-02
-4.94925351813435555e-03
5.06923794746398926e-02
-1.07095971703529358e-01
-3.67002971470355988e-02
-2.34661642462015152e-02
-8.51698368787765503e-02
7.25365951657295227e-02
5.58879226446151733e-02
-3.31369079649448395e-02
-6.64347484707832336e-02
-3.33304740488529205e-02
-7.42404609918594360e-02
-6.81847035884857178e-02
-2.71551646292209625e-02
5.28829265385866165e-03
-6.38540089130401611e-02
-6.44328147172927856e-02
2.47127823531627655e-02
1.03594407439231873e-01
-3.63405160605907440e-02
-4.39458712935447693e-03
-6.48243725299835205e-02
6.41802838072180748e-03
6.47130841389298439e-03
-2.84541118890047073e-02
6.32614120841026306e-02
8.24939906597137451e-02
1.00717797875404358e-01
7.63398557901382446e-02
-4.16053012013435364e-02
6.20668269693851471e-02
5.44037073850631714e-02
-8.20718631148338318e-02
7.15240240097045898e-02
-6.70091807842254639e-02
-1.93384289741516113e-02
-7.22232162952423096e-02
1.18098206818103790e-01
-2.34190630726516247e-03
-4.31705638766288757e-02
-8.64609703421592712e-02
2.90194153785705566e-02
-4.36180084943771362e-02
7.45569914579391479e-02
8.67754891514778137e-02
-7.21023082733154297e-02
-1.03237986564636230e-01
-2.76561118662357330e-02
7.26194004528224468e-04
-1.06972958892583847e-02
8.55957567691802979e-02
-6.98263198137283325e-02
3.64124402403831482e-02
-2.68261078745126724e-02
7.67890438437461853e-02
-8.91691893339157104e-02
6.84069320559501648e-02
-7.25779086351394653e-02
-1.71166658401489258e-02
3.54274598066695035e-05
6.90325647592544556e-02
4.72766496241092682e-02
-7.99806788563728333e-02
-7.35979177989065647e-04
-3.03733535110950470e-03
6.35081157088279724e-02
3.10976151376962662e-02
-2.29985937476158142e-02
5.81940114498138428e-02
8.15616697072982788e-02
2.66321934759616852e-03
-2.30755172669887543e-02
-1.20516438037157059e-02
6.51232060045003891e-03
-7.41403326392173767e-02
5.81278279423713684e-02
4.93415072560310364e-02
4.37411665916442871e-02
9.96447354555130005e-02
-8.55525769293308258e-03
9.22485366463661194e-02
-2.39922069013118744e-02
9.03918370604515076e-02
-5.01605309545993805e-02
-1.01210951805114746e-01
2.81805340200662613e-02
6.00371435284614563e-02
-7.73671790957450867e-02
-2.44570076465606689e-02
-1.22980838641524315e-02
6.34021386504173279e-02
9.91075634956359863e-02
7.33902528882026672e-02
-1.08170891180634499e-02
5.30148260295391083e-02
-5.32976575195789337e-02
4.40959781408309937e-02
3.97141240537166595e-02
3.04086748510599136e-02
6.32279366254806519e-03
9.99524220824241638e-02
7.39636830985546112e-03
4.28319908678531647e-02
-1.05049163103103638e-01
-8.98971855640411377e-02
5.07071167230606079e-02
2.94896531850099564e-02
3.71763035655021667e-02
-2.39130668342113495e-03
-4.89679500460624695e-02
3.33566516637802124e-02
-6.53023943305015564e-02
-3.45790609717369080e-02
-2.30389349162578583e-02
2.31231078505516052e-02
8.96665975451469421e-02
2.81441793777048588e-03
-2.14767977595329285e-02
7.27878091856837273e-03
2.81751770526170731e-02
4.01326194405555725e-02
-1.71290654689073563e-02
-1.08007118105888367e-01
4.99895401298999786e-02
-6.60090819001197815e-02
4.27644215524196625e-02
5.83765991032123566e-02
4.42139841616153717e-02
7.62430131435394287e-02
7.40009769797325134e-02
-6.45314604043960571e-02
-2.34418362379074097e-02
1.73908341675996780e-02
-2.30866000056266785e-02
-6.18411861360073090e-02
9.03842970728874207e-02
-1.06046780943870544e-01
-1.15162454545497894e-01
-1.41238376498222351e-01
-7.09856599569320679e-02
3.35251241922378540e-02
4.80891801416873932e-02
2.42136009037494659e-02
-5.00896722078323364e-02
7.00509101152420044e-02
-2.53873653709888458e-02
-3.04119903594255447e-02
-1.78003404289484024e-02
6.72876462340354919e-02
-1.03437518700957298e-02
3.52002233266830444e-02
5.14817424118518829e-02
-3.17182429134845734e-02
2.73566525429487228e-02
7.62738585472106934e-02
2.63392254710197449e-02
5.75083084404468536e-02
-2.35343556851148605e-02
-4.05461117625236511e-02
7.56941437721252441e-02
-2.54809651523828506e-02
-1.87781993299722672e-02
-4.93905991315841675e-02
-8.82745999842882156e-03
-4.47359234094619751e-02
3.61388060264289379e-03
-8.05031415075063705e-03
9.96480882167816162e-02
1.18454638868570328e-02
-9.99109148979187012e-02
-9.76728424429893494e-02
-2.15930063277482986e-02
2.62631345540285110e-02
6.80070817470550537e-02
9.19220075011253357e-02
-9.70626920461654663e-02
6.36955276131629944e-02
7.01380595564842224e-02
-5.17717935144901276e-02
-1.07052713632583618e-01
-5.56013248860836029e-02
-2.31601856648921967e-03
-2.53297332674264908e-02
-8.13355445861816406e-02
-3.67797464132308960e-02
5.65474219620227814e-02
1.19859343394637108e-02
-5.35768792033195496e-02
-9.87447425723075867e-02
3.17504517734050751e-02
3.60227748751640320e-02
-5.60554601252079010e-02
-9.80183035135269165e-02
5.18416836857795715e-02
-2.75339540094137192e-02
-7.81034603714942932e-02
9.00604501366615295e-02
5.30736781656742096e-02
-2.15982757508754730e-02
2.80961543321609497e-02
1.00514248013496399e-01
-9.46218371391296387e-02
1.31928427144885063e-02
-1.50988753885030746e-02
-1.22550308704376221e-01
8.37677940726280212e-02
-8.36496055126190186e-02
-5.41322119534015656e-02
4.93005663156509399e-02
8.01050886511802673e-02
-2.53275260329246521e-02
4.75961267948150635e-02
-2.42181727662682533e-03
-8.32478106021881104e-02
-1.28811225295066833e-01
-5.22376112639904022e-02
-1.13502405583858490e-02
7.39369988441467285e-02
-3.63247320055961609e-02
-1.41895590350031853e-02
5.52788823843002319e-02
-1.11205652356147766e-02
3.36077138781547546e-02
1.26391684170812368e-03
-4.39140014350414276e-02
-4.75007630884647369e-02
8.85364487767219543e-02
-3.81077490746974945e-02
7.15441629290580750e-03
1.65732130408287048e-02
-1.08787408098578453e-02
-1.60189401358366013e-02
-2.82259564846754074e-02
-2.53913626074790955e-02
3.95834967494010925e-02
1.30456341430544853e-02
6.31784275174140930e-03
2.97191590070724487e-02
4.37160767614841461e-02
-9.46238413453102112e-02
-6.11177124083042145e-02
-6.67359530925750732e-02
3.03593818098306656e-02
2.84651038236916065e-03
9.25145372748374939e-02
7.01464340090751648e-02
-2.37060766667127609e-02
5.29777295887470245e-02
-4.89772148430347443e-02
-2.56970040500164032e-02
6.22631087899208069e-02
-6.37738853693008423e-02
-2.24772542715072632e-02
-8.72212573885917664e-02
4.17198650538921356e-02
5.48892915248870850e-02
1.00980460643768311e-01
2.39966553635895252e-03
-7.71899819374084473e-02
7.49272340908646584e-03
-1.14737071096897125e-01
-3.87773029506206512e-02
-3.64721640944480896e-02
7.40468651056289673e-02
-1.44698126241564751e-02
-2.78713945299386978e-02
-2.09527611732482910e-02
-3.72294662520289421e-03
-6.83108568191528320e-02
1.00709319114685059e-01
-4.01617437601089478e-02
1.82565692812204361e-02
-6.65255486965179443e-02
-8.20552259683609009e-02
8.21467638015747070e-02
7.13093429803848267e-02
2.93883457779884338e-02
4.00729179382324219e-02
5.53394407033920288e-02
6.68534412980079651e-02
-2.93367523699998856e-02
4.01144521310925484e-03
3.37418764829635620e-02
2.40812040865421295e-02
7.39906802773475647e-02
1.59567911177873611e-02
8.29280763864517212e-02
-5.79937361180782318e-02
8.68942216038703918e-02
6.61567449569702148e-02
-5.12223038822412491e-03
6.26824945211410522e-02
5.06853573024272919e-02
-5.26059679687023163e-02
7.75386318564414978e-02
2.69971378147602081e-02
6.69103264808654785e-02
4.22042831778526306e-02
6.80172592401504517e-02
2.70024873316287994e-02
3.87401618063449860e-02
-1.13464429974555969e-01
-5.46147376298904419e-02
8.37762355804443359e-02
1.31379306316375732e-01
-2.45675519108772278e-02
6.44473582506179810e-02
1.71339046210050583e-02
5.49092628061771393e-02
-1.96431986987590790e-02
6.39930889010429382e-02
-4.19045388698577881e-02
-7.60805830359458923e-02
3.96153144538402557e-02
4.51932847499847412e-03
8.15822333097457886e-02
4.23480719327926636e-02
-3.56861874461174011e-02
1.00263729691505432e-01
1.27334982156753540e-01
-7.57963443174958229e-03
5.54456710815429688e-02
4.63909693062305450e-02
-8.21904391050338745e-02
5.92119991779327393e-03
-1.00175596773624420e-01
-1.24830147251486778e-02
-1.09027847647666931e-01
7.74022787809371948e-02
4.47211787104606628e-02
7.22585991024971008e-02
-2.35635042190551758e-03
-3.72967086732387543e-02
2.01370138674974442e-02
2.59259995073080063e-02
2.84898765385150909e-02
3.33858951926231384e-02
9.67857763171195984e-02
-1.72261241823434830e-02
-8.67979899048805237e-02
5.09715154767036438e-02
1.04509897530078888e-01
1.32440468296408653e-02
-2.83615943044424057e-02
-8.19947645068168640e-02
6.76681026816368103e-02
-8.43489617109298706e-02
-5.58856539428234100e-02
3.25924232602119446e-02
-6.86741545796394348e-02
-2.92924307286739349e-02
-3.41227874159812927e-02
7.19308182597160339e-02
2.57820431143045425e-02
4.49646933702751994e-04
-2.05823834985494614e-02
4.30219694972038269e-02
1.17985449731349945e-01
6.98561919853091240e-03
-2.74679865688085556e-02
8.70613083243370056e-02
3.89763638377189636e-02
1.00518569350242615e-01
5.48895969986915588e-02
3.78848193213343620e-03
8.14260467886924744e-02
7.33926445245742798e-02
-4.08633984625339508e-02
-3.74802784062922001e-03
-3.48548442125320435e-02
4.29232884198427200e-03
-5.83637617528438568e-02
-1.01365512236952782e-02
1.66080016642808914e-02
6.86889663338661194e-02
-9.00844857096672058e-02
-4.43741492927074432e-02
1.44083440303802490e-01
2.97087691724300385e-02
-2.81648728996515274e-02
1.48535177111625671e-01
2.06725224852561951e-02
6.30185529589653015e-02
3.23345512151718140e-02
3.50758098065853119e-02
-6.37749731540679932e-02
1.25872313976287842e-01
-2.17774715274572372e-02
-9.26431193947792053e-02
3.66604104638099670e-02
-5.49209564924240112e-02
-1.04529708623886108e-01
-7.61252082884311676e-03
-2.16511543840169907e-02
6.90574347972869873e-02
-1.39351841062307358e-02
7.54855647683143616e-02
4.85068745911121368e-02
-1.97465140372514725e-02
-1.98234822601079941e-02
4.15033921599388123e-02
-6.98433537036180496e-03
1.66467249393463135e-01
2.08943542093038559e-02
-9.29385349154472351e-02
-1.94437336176633835e-02
-6.93148747086524963e-02
-5.71882463991641998e-02
-7.67507925629615784e-02
9.86047312617301941e-02
1.90722774714231491e-02
-1.31164997816085815e-01
6.69265072792768478e-03
-1.04672657325863838e-02
-9.94781553745269775e-02
2.82761342823505402e-02
-1.26921564340591431e-01
4.27586818113923073e-03
5.88177796453237534e-03
7.13868364691734314e-02
8.84187989868223667e-04
-5.28128119185566902e-03
5.70456497371196747e-02
9.61485654115676880e-02
6.21675420552492142e-03
8.50922241806983948e-02
-8.77053849399089813e-03
1.24885551631450653e-02
-6.73509109765291214e-03
-1.46961927413940430e-01
-5.37521652877330780e-02
-1.96946099400520325e-01
-3.62529855920001864e-04
-2.01550144702196121e-02
-6.76167756319046021e-02
1.32499458268284798e-02
-3.17079946398735046e-02
-1.08234826475381851e-02
-2.82896216958761215e-03
-3.71663384139537811e-02
-3.93740534782409668e-02
-1.37955978512763977e-01
8.38485360145568848e-02
-7.11967572569847107e-02
-2.88076158612966537e-02
3.44121977686882019e-02
7.16921910643577576e-02
-1.27616330981254578e-01
3.40111479163169861e-02
-8.11484083533287048e-02
9.31171923875808716e-02
8.05329605937004089e-02
2.03444547951221466e-02
-4.33231331408023834e-03
8.52971896529197693e-02
3.56107875704765320e-02
6.06470145285129547e-02
7.09652015939354897e-03
1.87184676178731024e-04
-3.59167419373989105e-02
5.39304539561271667e-02
-9.11371968686580658e-03
4.38360981643199921e-02
9.02053192257881165e-02
7.42801139131188393e-03
-1.36148175224661827e-02
2.84405369311571121e-02
-1.06096848845481873e-01
-5.79289421439170837e-02
-8.03654268383979797e-03
-2.71175876259803772e-02
3.84719148278236389e-02
1.46056469529867172e-02
-1.01959235966205597e-01
8.09536352753639221e-02
4.33731898665428162e-02
7.23373442888259888e-02
3.76088265329599380e-03
-5.00122793018817902e-02
1.13851554691791534e-01
8.59187021851539612e-02
-1.62553545087575912e-02
-3.67518700659275055e-02
-3.27796526253223419e-02
8.17021951079368591e-02
-2.68464852124452591e-02
-8.70147719979286194e-02
9.99469123780727386e-03
-3.74578014016151428e-02
6.34910613298416138e-02
-8.96251574158668518e-02
9.48292613029479980e-02
-2.11669299751520157e-02
5.79641992226243019e-03
-3.83748044259846210e-03
4.79229055345058441e-02
-6.64894953370094299e-02
-6.01264610886573792e-02
1.05013154447078705e-01
-7.22267925739288330e-02
1.27437815535813570e-03
6.93955272436141968e-02
-7.69354701042175293e-02
2.23051793873310089e-02
-4.24616923555731773e-03
-3.31539846956729889e-02
6.17034658789634705e-02
7.35630393028259277e-02
-1.90381091088056564e-02
-8.55477154254913330e-03
6.09113499522209167e-02
-3.75134274363517761e-02
2.38975416868925095e-02
-5.87742179632186890e-02
-9.23005491495132446e-02
8.68313759565353394e-02
5.79362139105796814e-02
-7.14283213019371033e-02
-3.47418375313282013e-02
7.83121511340141296e-02
1.12904869019985199e-01
9.41886752843856812e-02
9.70291867852210999e-02
-2.49249301850795746e-02
1.03645687922835350e-02
9.40069928765296936e-02
-9.26907435059547424e-02
3.52992564439773560e-02
2.02425778843462467e-03
-1.15569029003381729e-02
1.24758295714855194e-01
-5.18299415707588196e-02
-4.70052622258663177e-02
-7.31951966881752014e-02
8.23294222354888916e-02
-1.14060036838054657e-01
1.25683858990669250e-01
-1.11297085881233215e-01
9.28420946002006531e-02
-6.06818832457065582e-02
1.17441415786743164e-01
-5.48077262938022614e-02
-3.53120416402816772e-02
-6.37578591704368591e-02
-7.27058723568916321e-02
9.12729948759078979e-02
7.17075169086456299e-02
-4.29687388241291046e-02
-8.23143124580383301e-02
-5.57843968272209167e-02
3.31584289669990540e-02
-1.82913448661565781e-02
8.77634063363075256e-02
2.48707663267850876e-02
5.75369931757450104e-02
7.24626556038856506e-02
-9.32282805442810059e-02
-4.15521897375583649e-02
-1.08857460319995880e-01
1.68146472424268723e-02
7.58050084114074707e-02
-6.51240050792694092e-02
1.05913188308477402e-02
5.67421987652778625e-02
8.40381309390068054e-02
7.64738991856575012e-02
7.09845423698425293e-02
2.88354400545358658e-02
-2.74255685508251190e-02
9.23815295100212097e-02
-1.21635925024747849e-02
7.88549706339836121e-02
-2.68880240619182587e-02
1.58873330801725388e-02
-8.14284533262252808e-02
-3.90750393271446228e-02
-9.32932123541831970e-02
5.54191507399082184e-02
-2.51564942300319672e-02
-1.53577536344528198e-01
-5.40937669575214386e-02
-3.47820296883583069e-02
8.84426906704902649e-02
5.16974255442619324e-02
7.15533345937728882e-02
-8.25159847736358643e-02
1.40301302075386047e-01
3.42481695115566254e-02
-2.06969380378723145e-02
-1.13382041454315186e-01
-9.49539542198181152e-02
-1.05319663882255554e-01
5.00254258513450623e-02
5.16782812774181366e-02
1.18416190147399902e-01
3.67735661566257477e-02
1.80513244122266769e-02
-5.09488722309470177e-03
-6.38013184070587158e-02
-4.60044369101524353e-02
4.01829965412616730e-02
-5.79449795186519623e-02
7.90605321526527405e-02
-2.15982571244239807e-02
6.62901550531387329e-02
-5.04674389958381653e-02
5.61568625271320343e-02
9.20329988002777100e-02
-1.16193041205406189e-01
4.74339611828327179e-02
-4.32570576667785645e-02
-1.16684497334063053e-03
4.39880006015300751e-02
-6.71905204653739929e-02
-4.70520332455635071e-02
-5.69753125309944153e-02
2.11749095469713211e-02
-2.60227844119071960e-02
-8.16292911767959595e-02
1.05762876570224762e-01
4.57755811512470245e-02
3.89167331159114838e-02
6.32513612508773804e-02
-6.70936331152915955e-02
-2.06945817917585373e-02
3.02637442946434021e-02
4.89838160574436188e-02
-5.25132343173027039e-02
-3.52793708443641663e-02
2.91368905454874039e-02
7.26377665996551514e-02
-1.29823446273803711e-01
-1.12022191286087036e-01
-8.44767019152641296e-02
3.11380587518215179e-02
1.14021256566047668e-01
1.97340343147516251e-02
1.04407658800482750e-02
6.06203898787498474e-02
-9.01085138320922852e-02
9.74432937800884247e-03
7.74571448564529419e-02
3.80557961761951447e-02
1.85492367018014193e-03
6.06628097593784332e-02
6.13517835736274719e-02
5.57109154760837555e-02
-4.35854643583297729e-02
-4.40397299826145172e-02
-3.67274880409240723e-02
-2.99425497651100159e-02
1.19391143321990967e-01
2.56327595561742783e-02
1.39285735785961151e-02
1.05482153594493866e-01
3.61678041517734528e-02
-3.25846523046493530e-02
1.14100754261016846e-01
-9.83409434556961060e-02
-3.82528938353061676e-02
-4.87757585942745209e-02
-4.90347184240818024e-02
8.80039110779762268e-02
-2.40707136690616608e-02
-7.26703554391860962e-02
-8.06528925895690918e-02
6.76426813006401062e-02
5.67303188145160675e-02
-9.60774645209312439e-02
-6.56127110123634338e-02
-1.07034586369991302e-01
1.15735717117786407e-01
4.94280792772769928e-02
3.46664264798164368e-02
3.20953279733657837e-02
2.28557176887989044e-02
9.97387468814849854e-02
-5.48546612262725830e-02
1.00945875048637390e-01
4.25418764352798462e-02
4.11790981888771057e-02
1.00992053747177124e-01
-3.92960719764232635e-02
-6.26154020428657532e-02
-2.93163340538740158e-02
-9.51052978634834290e-02
1.83402886614203453e-03
-2.49409377574920654e-02
1.78090520203113556e-02
-2.31057568453252316e-03
1.76946651190519333e-02
-1.18442988023161888e-02
-1.33668571710586548e-01
-8.74015018343925476e-02
1.08529560267925262e-01
-3.60987558960914612e-02
4.90396656095981598e-02
1.08128935098648071e-01
-7.00407847762107849e-02
-3.33654172718524933e-02
1.27263292670249939e-01
-8.30328017473220825e-02
-1.02412141859531403e-01
-4.46770563721656799e-02
-3.72452312149107456e-03
-1.38176213949918747e-02
1.35297765955328941e-02
3.25900912284851074e-02
3.67016457021236420e-02
4.19274196028709412e-02
5.05295470356941223e-02
-5.48362694680690765e-02
2.68040820956230164e-02
3.69325391948223114e-02
5.14118932187557220e-02
-6.13594353199005127e-02
5.38038648664951324e-02
-4.13795895874500275e-02
-3.85360829532146454e-02
-6.51456490159034729e-02
1.18822809308767319e-02
-4.64590825140476227e-02
6.19230791926383972e-02
-6.64846226572990417e-02
2.44485437870025635e-02
1.16236329078674316e-01
8.38862881064414978e-02
3.61749976873397827e-02
5.53027726709842682e-02
9.86978877335786819e-03
7.22984150052070618e-02
1.88282839953899384e-02
-8.39079618453979492e-02
1.07849329710006714e-01
-3.77766266465187073e-02
1.64486676454544067e-01
2.03587375581264496e-02
6.95221796631813049e-02
5.32616674900054932e-02
6.38580769300460815e-02
6.12201951444149017e-02
-7.57987871766090393e-02
3.01015321165323257e-02
-6.72474876046180725e-03
-8.36859419941902161e-02
-1.91431846469640732e-02
5.68877235054969788e-02
7.96819925308227539e-02
-7.57743716239929199e-02
9.38740000128746033e-02
4.21777144074440002e-02
-6.47415965795516968e-02
8.94759446382522583e-02
-1.89754664897918701e-02
4.42046411335468292e-02
-1.29154443740844727e-01
9.82313975691795349e-02
-7.00501725077629089e-02
5.93229830265045166e-02
-4.81071732938289642e-02
4.82917716726660728e-03
-2.84593272954225540e-03
-9.06656384468078613e-02
-5.66849373281002045e-02
3.25824804604053497e-02
-6.81549385190010071e-02
-8.81139487028121948e-02
3.43394875526428223e-02
-5.27101308107376099e-02
-4.08423468470573425e-02
5.17809092998504639e-02
-2.89186816662549973e-02
4.07949946820735931e-02
2.70096454769372940e-02
-4.91519868373870850e-02
3.98311130702495575e-02
7.46620669960975647e-02
1.66296644601970911e-03
7.24873468279838562e-02
2.97742113471031189e-02
2.18150746077299118e-02
1.07217334210872650e-01
5.64159341156482697e-02
-1.14646777510643005e-02
7.42464661598205566e-02
7.03830644488334656e-02
-2.57869679480791092e-02
-3.48597876727581024e-02
1.62942856550216675e-02
-7.00796768069267273e-03
1.54778352007269859e-02
-4.17033443227410316e-03
-5.06502501666545868e-02
2.13974472135305405e-02
-2.10412014275789261e-02
-7.26570747792720795e-03
-5.15344813466072083e-02
2.62663420289754868e-03
7.89141748100519180e-03
1.10062062740325928e-01
-7.15072154998779297e-02
-6.26810118556022644e-02
-7.23785832524299622e-02
1.05172265321016312e-02
8.99464040994644165e-02
1.61052085459232330e-02
1.01476274430751801e-02
-4.89659942686557770e-02
-1.22669180855154991e-02
3.04100364446640015e-02
-1.24683845788240433e-02
-1.32908010855317116e-02
5.52683807909488678e-02
8.38219150900840759e-02
5.38616888225078583e-02
5.73907457292079926e-02
1.30089551210403442e-01
2.60543897747993469e-02
1.25584468245506287e-01
4.35712113976478577e-02
8.13933163881301880e-02
2.90828719735145569e-02
-9.17495340108871460e-02
2.87695787847042084e-02
9.06380861997604370e-02
-2.71047488786280155e-03
2.85640787333250046e-02
-2.18324139714241028e-02
-6.18625618517398834e-02
2.45530623942613602e-02
6.72659417614340782e-03
9.15117561817169189e-02
9.39665138721466064e-02
-7.80517011880874634e-02
7.26509913802146912e-02
-5.71392588317394257e-02
3.43498364090919495e-02
-4.75012660026550293e-02
-9.46407020092010498e-03
5.14731891453266144e-02
-2.94845122843980789e-02
5.50955235958099365e-02
-1.09590217471122742e-01
-2.21145171672105789e-02
7.80504643917083740e-02
-2.84271985292434692e-02
5.56590370833873749e-02
-1.63960941135883331e-02
-9.40627902746200562e-02
6.50466158986091614e-02
8.47443193197250366e-02
6.98790419846773148e-03
3.65068167448043823e-02
1.53531124815344810e-02
-6.12214580178260803e-03
-3.35112698376178741e-02
-5.29756434261798859e-02
-7.37401470541954041e-03
6.92483708262443542e-02
-6.44000917673110962e-02
-6.38964176177978516e-02
1.26976808533072472e-02
5.96596524119377136e-02
-5.43294288218021393e-02
6.25593513250350952e-02
-5.38780018687248230e-02
-4.33260016143321991e-02
-9.48562771081924438e-02
-8.14350396394729614e-02
-3.70610877871513367e-02
2.55150888115167618e-02
1.22188339009881020e-02
8.42751711606979370e-02
3.61278019845485687e-02
8.60550850629806519e-02
-6.74976110458374023e-02
5.39321899414062500e-02
-1.06076583266258240e-01
-9.15274694561958313e-02
1.51409670710563660e-01
-9.02479663491249084e-02
1.70008242130279541e-02
-8.49527418613433838e-02
-2.66879238188266754e-02
4.16221283376216888e-02
5.42294755578041077e-02
-8.44791457056999207e-02
2.49626040458679199e-02
-5.03589473664760590e-02
-1.14773951470851898e-01
-4.46890071034431458e-02
3.74401062726974487e-02
-1.54609326273202896e-02
4.38131615519523621e-02
-2.95912530273199081e-02
1.46719990298151970e-02
-9.05876159667968750e-02
5.54515467956662178e-03
1.08045592904090881e-01
4.87538911402225494e-02
2.71795149892568588e-02
-4.66430373489856720e-02
3.08224465698003769e-02
8.18542912602424622e-02
1.05814911425113678e-01
-8.59941840171813965e-02
-7.05012455582618713e-02
-2.32578208670020103e-03
3.68578135967254639e-02
8.04983600974082947e-02
-1.90177932381629944e-02
1.83936357498168945e-02
2.75768470019102097e-02
-4.79511953890323639e-02
-5.72662837803363800e-02
8.92737060785293579e-02
6.48887977004051208e-02
-3.30001413822174072e-02
2.28412589058279991e-03
5.08302524685859680e-02
-7.74991437792778015e-02
4.93658147752285004e-02
-3.42900655232369900e-03
2.06835079006850719e-03
-6.73121809959411621e-02
-1.11792974174022675e-01
-3.56116406619548798e-02
-8.73677805066108704e-02
-5.11272549629211426e-02
2.38854084163904190e-02
-2.85660084336996078e-02
8.35777074098587036e-02
-3.85504961013793945e-02
-2.50550862401723862e-02
-1.21137956157326698e-02
-5.14272274449467659e-03
7.76567906141281128e-02
6.83686137199401855e-02
2.28673182427883148e-02
1.19013324379920959e-01
-3.25904190540313721e-02
-3.83003391325473785e-02
-1.22992182150483131e-02
6.84419646859169006e-02
-5.01688309013843536e-02
1.24671421945095062e-02
-1.06665872037410736e-01
7.51592144370079041e-02
-9.53472331166267395e-02
-8.13561901450157166e-02
-4.51629329472780228e-03
-7.27443248033523560e-02
2.61565088294446468e-03
-3.52428629994392395e-02
9.06802266836166382e-02
-8.69766846299171448e-02
2.95303575694561005e-02
-1.11240640282630920e-01
1.99111551046371460e-02
9.42547172307968140e-02
-1.20934722945094109e-02
3.58940549194812775e-02
-3.21654751896858215e-02
4.67012822628021240e-02
1.81951280683279037e-02
1.18312820792198181e-01
-3.10727860778570175e-02
4.06186729669570923e-02
-1.77032500505447388e-02
-7.44691863656044006e-02
-9.95598826557397842e-03
-2.37872023135423660e-02
1.15480571985244751e-02
1.14457599818706512e-01
3.52685824036598206e-02
4.95296763256192207e-03
-7.53015056252479553e-02
-1.85451954603195190e-02
-7.34424591064453125e-02
1.00045956671237946e-01
-1.63822602480649948e-02
-8.46420451998710632e-02
-2.99360174685716629e-02
9.11807566881179810e-02
7.24408775568008423e-03
4.43691164255142212e-02
-1.25140115618705750e-01
8.02116468548774719e-02
-7.25164934992790222e-02
9.13728177547454834e-02
1.09926030039787292e-01
-8.13229605555534363e-02
-6.46462440490722656e-02
-5.50226233899593353e-02
-4.42952755838632584e-03
-5.08146919310092926e-02
-9.21325534582138062e-02
-4.22122031450271606e-02
7.30530768632888794e-02
2.64215115457773209e-02
-1.27540662884712219e-01
3.67761179804801941e-02
9.82472077012062073e-02
1.04905769228935242e-01
4.23747934401035309e-02
-2.51712054014205933e-02
3.69928292930126190e-02
3.53396125137805939e-02
7.20794796943664551e-02
-9.48357284069061279e-02
5.03882244229316711e-02
1.24985501170158386e-01
-8.43442827463150024e-02
-5.07085025310516357e-02
2.12762579321861267e-02
9.39774289727210999e-02
-4.99657206237316132e-02
-5.26236519217491150e-02
7.15542435646057129e-02
-9.79495048522949219e-03
1.72830130904912949e-02
5.37489429116249084e-02
6.77642822265625000e-02
5.74352629482746124e-02
-4.72847931087017059e-02
-5.80904074013233185e-02
-4.91286767646670341e-03
7.27176293730735779e-03
6.36557787656784058e-02
1.76071226596832275e-02
1.69750154018402100e-02
7.62297362089157104e-02
9.30258706212043762e-02
1.18804581463336945e-01
7.09137273952364922e-03
-1.24908842146396637e-01
3.30277048051357269e-02
-5.34730367362499237e-02
-3.00033167004585266e-02
1.15089043974876404e-01
-4.14016991853713989e-02
-3.92822846770286560e-02
1.00159473717212677e-01
-3.93304675817489624e-02
-8.55306461453437805e-02
-1.03036835789680481e-01
-1.39982283115386963e-01
-4.95728291571140289e-03
5.71224577724933624e-02
-6.71449154615402222e-02
-3.76137085258960724e-02
-3.44508178532123566e-02
-7.04915970563888550e-02
-7.91306197643280029e-02
-6.21406547725200653e-02
5.99375441670417786e-02
1.91550445742905140e-03
-4.42809835076332092e-02
1.47140910848975182e-03
4.13808561861515045e-02
-7.83267468214035034e-02
5.17378412187099457e-02
-2.70130410790443420e-02
6.21463544666767120e-02
1.10891446471214294e-01
6.93505676463246346e-03
-1.88558753579854965e-02
-6.27596303820610046e-02
7.15696811676025391e-02
-8.44766199588775635e-02
3.42169143259525299e-02
8.84954184293746948e-02
-3.60014997422695160e-02
4.90376055240631104e-02
-1.11304871737957001e-01
1.38594865798950195e-01
8.57695266604423523e-02
-2.63123158365488052e-02
-1.21754229068756104e-01
2.19480749219655991e-02
4.84735257923603058e-02
9.77706983685493469e-02
-6.58112689852714539e-02
2.83817248418927193e-03
8.71051549911499023e-02
2.59480942040681839e-02
-1.14806808531284332e-01
-3.18021401762962341e-02
8.39060768485069275e-02
-6.77219480276107788e-02
-2.74743512272834778e-02
6.76353573799133301e-02
8.08131545782089233e-02
1.30443098023533821e-02
6.68301954865455627e-02
7.89448022842407227e-02
6.49934783577919006e-02
-2.23421063274145126e-02
-5.64313828945159912e-02
6.73826038837432861e-02
-8.82012769579887390e-02
9.11521613597869873e-02
-7.39550366997718811e-02
-6.67604133486747742e-02
1.34656146168708801e-01
-6.21488653123378754e-02
3.33309695124626160e-02
-2.75336089543998241e-03
6.10715635120868683e-02
-1.03418536484241486e-01
-3.77049557864665985e-02
4.51541431248188019e-02
7.62600973248481750e-02
9.55861210823059082e-02
4.82650287449359894e-02
1.76514480262994766e-02
1.20967701077461243e-01
-6.20535276830196381e-02
6.04228563606739044e-02
6.64346814155578613e-02
3.18366587162017822e-02
-7.02143982052803040e-02
9.32866856455802917e-02
1.03334039449691772e-01
5.10141178965568542e-02
3.57988104224205017e-02
4.14879843592643738e-02
-2.93636992573738098e-02
-6.00517503917217255e-02
8.48593339323997498e-02
3.17178219556808472e-02
1.30755171179771423e-01
5.58728426694869995e-02
2.53381039947271347e-02
-2.98964269459247589e-02
-5.08079342544078827e-02
-6.25776574015617371e-02
-1.88404284417629242e-02
-6.69581741094589233e-02
7.25274309515953064e-02
-5.98137900233268738e-02
-5.60469254851341248e-02
7.52488076686859131e-02
-2.35934462398290634e-02
6.13967217504978180e-02
-3.94768565893173218e-02
-7.53006786108016968e-02
4.04984392225742340e-02
-2.33240835368633270e-02
6.94108307361602783e-02
8.49392339587211609e-02
-4.14565280079841614e-02
3.51942852139472961e-02
8.97299051284790039e-02
2.51004770398139954e-02
1.79002508521080017e-02
-5.23745939135551453e-02
-2.69549041986465454e-02
5.15139773488044739e-02
6.28242343664169312e-02
4.38822321593761444e-02
8.04322212934494019e-02
4.59612719714641571e-03
5.64049705862998962e-02
2.37521361559629440e-02
-1.95456333458423615e-02
-3.64884883165359497e-02
7.25018084049224854e-02
7.84346833825111389e-02
3.84068563580513000e-02
-1.22363775968551636e-01
-2.91598793119192123e-02
-2.92016435414552689e-02
-4.17117327451705933e-02
-1.00888743996620178e-01
-7.45608881115913391e-02
5.53709380328655243e-02
3.52255217730998993e-02
-7.48223066329956055e-02
-8.61165374517440796e-02
4.66027669608592987e-02
5.88375218212604523e-02
6.34062364697456360e-02
-1.36643191799521446e-02
-3.86863239109516144e-02
7.36606791615486145e-02
-2.16321367770433426e-03
3.34212556481361389e-02
-1.06928050518035889e-01
4.23627048730850220e-02
1.08685985207557678e-01
-3.00867296755313873e-02
-2.71976403892040253e-02
6.19041323661804199e-02
-1.03847898542881012e-01
-7.89506360888481140e-02
1.58121101558208466e-02
-5.98488971590995789e-02
6.74068629741668701e-02
4.60469163954257965e-02
1.76615100353956223e-02
-3.02510394249111414e-04
-2.57045142352581024e-02
9.64799672365188599e-02
-9.75528955459594727e-02
-7.47168362140655518e-02
-1.01183550432324409e-02
-1.03621399030089378e-02
1.00444257259368896e-02
-1.29760557319968939e-03
-1.58986561000347137e-02
3.50310765206813812e-02
-9.62464585900306702e-02
2.28753630071878433e-02
-3.31277810037136078e-02
-4.06604818999767303e-03
-2.61104274541139603e-02
-2.77796033769845963e-02
4.37974110245704651e-02
-1.03957593441009521e-01
-7.11275190114974976e-02
-4.12355782464146614e-03
-5.73889575898647308e-02
3.89452651143074036e-02
-8.05382952094078064e-02
2.11394820362329483e-02
7.79415443539619446e-02
1.08045846223831177e-01
-5.93967139720916748e-02
2.05725785344839096e-02
1.21319284662604332e-02
5.17118535935878754e-03
3.31646241247653961e-02
6.22465275228023529e-02
3.75342764891684055e-03
-3.86047400534152985e-02
-1.28597603179514408e-03
3.35463583469390869e-02
-7.02774226665496826e-02
-5.12131005525588989e-02
-9.17115584015846252e-02
-1.34598106145858765e-01
7.70188793540000916e-02
5.61126396059989929e-02
-4.60339263081550598e-02
-1.13175831735134125e-01
-1.14578321576118469e-01
5.75897321105003357e-02
4.75101806223392487e-02
-4.34930175542831421e-02
-5.38197271525859833e-02
-1.03168696165084839e-01
-3.40361483395099640e-02
-3.28557868488132954e-03
1.96532253175973892e-02
1.39174126088619232e-02
-2.80459336936473846e-02
-1.58389061689376831e-02
5.95195814967155457e-02
2.78206560760736465e-02
6.15348704159259796e-02
3.45784388482570648e-02
1.42678707838058472e-01
1.10800666734576225e-02
-6.79958313703536987e-02
7.20442533493041992e-02
4.14880327880382538e-02
1.03147290647029877e-01
2.19050818122923374e-03
1.61037351936101913e-02
-1.36828884482383728e-01
8.65853130817413330e-02
-1.13040010910481215e-03
-2.39593368023633957e-02
5.88885284960269928e-02
-3.24664078652858734e-02
-6.06825500726699829e-02
5.49600012600421906e-02
-5.58594502508640289e-02
-1.47035866975784302e-01
3.88217903673648834e-02
-2.69867922179400921e-03
7.09400698542594910e-03
2.15077362954616547e-02
-3.62534597516059875e-02
-8.08216631412506104e-02
2.57981307804584503e-02
-1.22542318422347307e-03
3.30896377563476562e-02
1.70332547277212143e-02
7.41374045610427856e-02
4.82098646461963654e-02
5.41369393467903137e-02
2.17045936733484268e-02
1.22432805597782135e-01
-2.54263379611074924e-03
9.80653315782546997e-02
-9.04252305626869202e-02
-6.22555166482925415e-02
-9.34976413846015930e-02
-9.64809954166412354e-02
-7.15834721922874451e-02
-1.95936914533376694e-02
7.16016963124275208e-02
-1.19081668555736542e-01
8.60828161239624023e-02
-1.31871076300740242e-02
-7.91496112942695618e-02
5.13067469000816345e-02
6.66153291240334511e-03
9.52734518796205521e-03
4.09306166693568230e-03
-1.04675970971584320e-01
6.03103414177894592e-02
-5.31449764966964722e-02
-3.67919169366359711e-02
3.28046232461929321e-02
3.60503159463405609e-02
-2.31263972818851471e-02
8.30340236425399780e-02
3.41676957905292511e-02
4.18163761496543884e-02
1.35878011584281921e-01
-5.11650666594505310e-02
-5.05384914577007294e-02
8.18813815712928772e-02
-7.32584595680236816e-02
-5.02448249608278275e-03
5.84378931671380997e-03
-1.53884232044219971e-01
-2.23923698067665100e-02
1.25015731900930405e-02
-8.18857327103614807e-02
-8.65448340773582458e-02
-8.82555767893791199e-02
2.53664255142211914e-02
3.04241422563791275e-02
-8.45813155174255371e-02
1.35994121432304382e-01
-1.26538470387458801e-01
-3.69224250316619873e-02
2.59524583816528320e-03
8.77239704132080078e-02
1.73378996551036835e-02
8.00708830356597900e-02
1.00289592519402504e-02
1.10588081181049347e-01
-1.08754508197307587e-01
-9.20214205980300903e-02
-4.60157077759504318e-03
-3.97892780601978302e-02
3.92658673226833344e-02
1.94998662918806076e-02
9.85852330923080444e-02
1.77719665225595236e-03
-1.83392260223627090e-02
-8.29095914959907532e-02
3.22137922048568726e-02
1.00301103666424751e-02
4.45078080520033836e-03
8.21956172585487366e-02
6.99444767087697983e-03
-5.73481954634189606e-02
6.40549585223197937e-02
-3.78016615286469460e-03
-1.00503182038664818e-02
-4.21350784599781036e-02
-4.41084168851375580e-02
-6.01034983992576599e-02
-8.45579653978347778e-02
-9.10928566008806229e-03
-1.00113593041896820e-01
3.68797103874385357e-03
2.22648382186889648e-02
1.66809093207120895e-02
-1.00467920303344727e-01
-2.05219467170536518e-03
-5.06163723766803741e-02
-6.50952085852622986e-02
1.22608527541160583e-01
-1.34500682353973389e-01
8.86962562799453735e-02
-4.13524582982063293e-02
-3.96872907876968384e-02
-1.03914186358451843e-01
-8.24679359793663025e-02
-1.04248160496354103e-02
8.22434499859809875e-02
-2.31141857802867889e-02
-5.29790781438350677e-02
1.06128759682178497e-01
8.47752243280410767e-02
-1.97304710745811462e-02
1.18321135640144348e-01
4.35492917895317078e-02
-4.42748777568340302e-02
-8.40794760733842850e-03
-4.98191118240356445e-02
-7.23295146599411964e-03
2.44808383285999298e-03
-1.24514494091272354e-02
-7.54561424255371094e-02
6.77776113152503967e-02
2.27986834943294525e-02
2.37976945936679840e-02
6.72012716531753540e-02
5.62625378370285034e-02
-2.36681830137968063e-02
1.48811876773834229e-01
-1.00040681660175323e-01
1.09903797507286072e-01
-8.62503349781036377e-02
9.28371846675872803e-02
2.45888363569974899e-02
-8.88313949108123779e-02
-6.01968821138143539e-03
-2.47754119336605072e-02
-1.68988555669784546e-02
9.95781198143959045e-02
3.02417501807212830e-02
4.17364798486232758e-02
1.22624926269054413e-01
-1.20776839554309845e-01
5.22042512893676758e-02
-7.65272707212716341e-04
4.53171655535697937e-02
3.32545675337314606e-02
1.42611498013138771e-02
6.70609772205352783e-02
-2.13272236287593842e-02
-1.01339042186737061e-01
-2.13732682168483734e-02
4.15992774069309235e-02
2.07634884864091873e-02
-6.33723512291908264e-02
3.76610718667507172e-02
-1.92709397524595261e-02
-5.13433776795864105e-02
7.57381170988082886e-02
4.56774644553661346e-02
4.03313115239143372e-02
-4.73252609372138977e-02
-7.77957960963249207e-02
-9.39995273947715759e-02
6.29937788471579552e-03
-6.47865235805511475e-02
3.12547236680984497e-02
-9.70713719725608826e-02
-1.08777433633804321e-01
-1.59323532134294510e-02
7.56510952487587929e-03
-2.05935165286064148e-02
-5.71753382682800293e-02
-7.88438841700553894e-02
-3.22122611105442047e-02
3.51417809724807739e-02
-6.67189434170722961e-02
-1.96165814995765686e-02
-1.87622979283332825e-02
3.74699477106332779e-03
1.40981480479240417e-01
-9.23935398459434509e-02
1.16599358618259430e-01
7.48540088534355164e-02
-6.92185806110501289e-03
4.82456535100936890e-02
1.31436020135879517e-01
-4.35198359191417694e-02
-4.06866222620010376e-02
4.74070012569427490e-03
-4.13684025406837463e-02
-6.10314197838306427e-02
7.45591819286346436e-02
-2.34523997642099857e-03
-7.76467770338058472e-02
-2.47393157333135605e-02
-1.20006121695041656e-01
5.49724586308002472e-02
2.17218436300754547e-02
-8.18183645606040955e-02
1.31392776966094971e-01
6.75227167084813118e-03
3.19379381835460663e-02
-1.22566372156143188e-01
-4.43504452705383301e-02
6.50817900896072388e-02
6.17010844871401787e-03
-1.62540823221206665e-02
-1.31203122437000275e-02
6.26851543784141541e-02
4.19174507260322571e-02
-5.18664307892322540e-02
5.03927506506443024e-02
5.92305213212966919e-02
1.17449253797531128e-01
7.18967542052268982e-02
1.53787061572074890e-01
-1.73104628920555115e-02
1.42102474346756935e-02
-1.49693861603736877e-01
-1.55155677348375320e-02
-9.56303328275680542e-02
8.56214985251426697e-02
-5.09520322084426880e-02
-1.14562816917896271e-01
1.25711858272552490e-01
-7.37808421254158020e-02
-7.95603767037391663e-02
-9.05863568186759949e-02
3.79635803401470184e-02
-3.05731780827045441e-02
-1.51320084929466248e-01
1.92643292248249054e-02
1.92419402301311493e-02
4.16804365813732147e-02
-1.25901266932487488e-01
-3.89783233404159546e-02
5.31635507941246033e-02
-6.18850886821746826e-02
2.29989569634199142e-02
9.84038934111595154e-02
2.07487549632787704e-02
1.32755100727081299e-01
2.65271682292222977e-02
-7.17004463076591492e-02
-2.20599598833359778e-04
6.00782083347439766e-03
2.58893463760614395e-02
-5.90807460248470306e-02
-9.63072180747985840e-02
-3.84918786585330963e-02
-1.46663323044776917e-01
-5.92838525772094727e-02
6.39565363526344299e-02
3.29576954245567322e-02
9.63433682918548584e-02
-4.14123386144638062e-02
1.02925570681691170e-02
5.54003790020942688e-02
-9.09762606024742126e-02
1.01170845329761505e-01
-1.66064202785491943e-02
-5.73119483888149261e-02
-1.22144050896167755e-01
-3.60559113323688507e-02
-1.32356332615017891e-02
-3.44436094164848328e-02
-6.16149837151169777e-03
1.24103408306837082e-02
1.42853707075119019e-02
1.05060607194900513e-01
-5.11731952428817749e-02
7.07773631438612938e-03
1.25975281000137329e-01
5.20443767309188843e-02
2.20823734998703003e-02
-2.12142802774906158e-02
-1.19535429403185844e-02
6.34054467082023621e-02
-1.09898485243320465e-01
-9.70396250486373901e-02
7.00581520795822144e-02
-4.57307547330856323e-02
-3.11608184128999710e-02
-4.27410230040550232e-02
-1.83561034500598907e-02
-6.18450418114662170e-02
1.48756038397550583e-02
6.71688690781593323e-02
-6.03933222591876984e-02
1.08462415635585785e-01
-1.77457295358181000e-02
-9.25507172942161560e-02
5.49583062529563904e-02
-1.79085209965705872e-02
6.40550479292869568e-02
-3.92981842160224915e-02
-8.46794769167900085e-02
-8.61720293760299683e-02
1.02358879521489143e-02
-1.27186343073844910e-01
6.08385689556598663e-02
4.17018383741378784e-02
-1.15228958427906036e-01
5.64166232943534851e-02
-7.46940076351165771e-02
4.55661974847316742e-02
-2.37524267286062241e-02
6.52734562754631042e-02
-1.10888622701168060e-01
-4.93952780961990356e-02
4.80629038065671921e-03
-2.38556042313575745e-03
1.11027862876653671e-02
-3.57886590063571930e-02
-7.87953007966279984e-03
-4.38150055706501007e-02
-3.75797681044787169e-05
3.21492403745651245e-02
1.14868909120559692e-01
6.59265667200088501e-02
4.44933101534843445e-02
-5.83521090447902679e-02
-4.00009341537952423e-02
6.96140453219413757e-02
-1.36509612202644348e-02
-1.97861436754465103e-03
8.93742516636848450e-02
-3.47526930272579193e-02
-9.44110378623008728e-02
-5.82639947533607483e-02
-8.31225961446762085e-02
8.96134898066520691e-02
5.58030903339385986e-02
-6.95391325280070305e-03
1.26548884436488152e-02
-2.62257875874638557e-04
-6.69726058840751648e-02
-5.62583208084106445e-02
4.80913631618022919e-02
-1.19857480749487877e-02
-4.51499074697494507e-02
-1.28682879731059074e-02
-6.36094361543655396e-02
2.61365436017513275e-02
3.81490364670753479e-02
3.17028574645519257e-02
6.02870918810367584e-02
-8.20563137531280518e-02
-2.54762638360261917e-02
4.96976040303707123e-02
1.45140355452895164e-02
-1.12396646291017532e-02
4.29767668247222900e-02
8.87347608804702759e-02
5.20610176026821136e-02
-4.54522259533405304e-02
8.51934328675270081e-02
-5.69084696471691132e-02
-9.19056981801986694e-02
3.12370155006647110e-03
2.03450173139572144e-02
-9.81885865330696106e-02
8.77951085567474365e-02
4.78667858988046646e-03
-4.80653084814548492e-02
3.98127995431423187e-02
7.75143131613731384e-02
-2.90210191160440445e-02
3.78102771937847137e-02
6.08119405806064606e-02
5.84214041009545326e-03
-2.19158399850130081e-02
-2.25673206150531769e-02
-9.20104607939720154e-03
-6.89443573355674744e-03
-8.31771120429039001e-02
-5.58926984667778015e-02
-5.46315461397171021e-02
1.97644550353288651e-02
5.99726587533950806e-02
-5.33066652715206146e-02
4.44674864411354065e-02
1.81064121425151825e-02
-6.28396496176719666e-02
1.17588497698307037e-01
1.04245111346244812e-01
6.44822418689727783e-02
7.67637863755226135e-02
4.13307361304759979e-03
-4.36079166829586029e-02
9.17199160903692245e-03
3.04727945476770401e-02
-7.60345235466957092e-02
9.52488631010055542e-02
4.16192784905433655e-02
-1.06504976749420166e-01
6.81379660964012146e-02
1.82271301746368408e-02
-8.54572579264640808e-02
9.84892714768648148e-03
-1.84435793198645115e-03
5.24724891874939203e-04
3.41371446847915649e-02
-5.60831278562545776e-02
2.13273614645004272e-02
-2.45899688452482224e-02
2.16428879648447037e-02
-6.74036070704460144e-02
5.07007315754890442e-02
-2.40533356554806232e-03
-3.83479967713356018e-02
2.43028737604618073e-02
-2.76724086143076420e-03
3.50293368101119995e-02
3.44326831400394440e-02
1.36765733361244202e-01
-9.65305119752883911e-02
4.80863638222217560e-02
-1.14080429077148438e-01
4.15240647271275520e-03
-8.85333493351936340e-02
1.06433689594268799e-01
-8.77408981323242188e-02
5.32469227910041809e-02
8.11688750982284546e-02
-1.22815296053886414e-01
-4.48129661381244659e-02
-3.35101340897381306e-03
-8.01145806908607483e-02
6.52094231918454170e-03
-8.25139656662940979e-02
-1.13968633115291595e-01
-9.41182672977447510e-03
-3.32530848681926727e-02
-7.43099302053451538e-02
-1.46506796590983868e-03
9.13079902529716492e-02
3.51134650409221649e-02
9.22329276800155640e-02
9.34655815362930298e-02
9.21333394944667816e-03
5.15478551387786865e-02
6.20165243744850159e-02
-8.49135294556617737e-02
8.03002566099166870e-02
-1.77586600184440613e-02
-4.09104954451322556e-03
-1.57680064439773560e-02
-1.31077915430068970e-01
4.90134544670581818e-02
-1.20596446096897125e-01
2.86385789513587952e-03
-5.42299263179302216e-02
7.99876078963279724e-02
-1.39586571604013443e-02
5.67188858985900879e-03
-9.91458445787429810e-02
9.62661877274513245e-02
-1.51998654007911682e-01
7.96751454472541809e-02
1.70190855860710144e-02
5.39427846670150757e-02
-7.54588991403579712e-02
-5.51215708255767822e-02
-4.24026139080524445e-02
-1.38167673721909523e-02
-7.26817324757575989e-02
-7.77107707108370960e-05
-2.39572562277317047e-02
9.61085706949234009e-02
1.24533481895923615e-01
-3.28232906758785248e-02
1.00929543375968933e-01
3.53614911437034607e-02
5.96277788281440735e-02
-9.84277427196502686e-02
4.88527566194534302e-02
-4.94176000356674194e-02
1.23212710022926331e-02
5.09787425398826599e-02
-2.18218425288796425e-03
-5.59253171086311340e-02
-3.54152135550975800e-02
6.07046969234943390e-02
1.89119577407836914e-02
-5.05115948617458344e-02
4.78515960276126862e-02
-2.66890414059162140e-02
6.62650391459465027e-02
-1.34985912591218948e-02
-7.76287317276000977e-02
1.51826897636055946e-02
5.05545847117900848e-02
4.61623370647430420e-02
1.13927848637104034e-01
4.83564753085374832e-03
6.57353475689888000e-02
4.76231314241886139e-02
6.21847026050090790e-02
4.08610142767429352e-02
4.40753400325775146e-02
4.60469648241996765e-02
-3.42470919713377953e-03
-5.57951517403125763e-02
-3.22096534073352814e-02
9.30115580558776855e-02
-4.59494106471538544e-02
2.97390799969434738e-02
-3.10490839183330536e-02
-8.60569300130009651e-04
-4.41649928689002991e-02
3.44507605768740177e-03
-2.16414090245962143e-02
9.76541638374328613e-03
1.09016373753547668e-02
-6.78642764687538147e-02
9.20863263309001923e-03
-2.71918233484029770e-02
3.62721690908074379e-03
-3.27195459976792336e-03
3.01331337541341782e-02
-1.12178832292556763e-01
4.91156615316867828e-02
-4.76513914763927460e-02
6.43250271677970886e-02
-8.08771848678588867e-02
3.10564190149307251e-02
-1.75671335309743881e-02
-9.36049371957778931e-02
-4.76714000105857849e-02
-7.22976401448249817e-02
5.89231997728347778e-02
8.35683867335319519e-02
-3.33037634845823050e-04
-8.33887374028563499e-04
-7.38830864429473877e-02
6.77597969770431519e-02
-6.66631087660789490e-02
1.04415483772754669e-01
2.28954143822193146e-02
-3.43352556228637695e-03
3.14726084470748901e-02
-5.07586747407913208e-02
-5.02999797463417053e-02
6.08992651104927063e-02
-8.04756954312324524e-02
3.48264127969741821e-02
7.62442080304026604e-03
-8.00493955612182617e-02
2.17522867023944855e-02
-6.91537857055664062e-02
5.06052607670426369e-03
4.06749024987220764e-02
8.02439674735069275e-02
-6.04948997497558594e-02
5.04652671515941620e-02
-1.07648596167564392e-01
2.40615792572498322e-02
-9.03241429477930069e-03
-7.09836333990097046e-02
-2.72947400808334351e-02
-6.86929449439048767e-02
-8.92476458102464676e-03
6.00665323436260223e-02
-3.11576928943395615e-02
1.89241170883178711e-02
1.46283553913235664e-02
9.91543009877204895e-02
-6.66157454252243042e-02
-8.43471065163612366e-02
-6.37386599555611610e-03
-2.97813676297664642e-02
6.80673569440841675e-02
-1.15449965000152588e-01
-8.89658555388450623e-03
-3.82639877498149872e-02
3.84584702551364899e-02
-3.27075272798538208e-02
5.81730417907238007e-02
-1.18011519312858582e-01
-3.89560200273990631e-02
-6.60936534404754639e-02
-1.06771044433116913e-01
-8.06324779987335205e-02
-7.67304887995123863e-03
6.99993222951889038e-02
-3.64691168069839478e-02
-4.75177429616451263e-02
5.38648553192615509e-02
1.26326873898506165e-01
-7.22161903977394104e-02
-5.39234615862369537e-02
5.76989836990833282e-02
4.25916053354740143e-02
-6.56253695487976074e-02
-2.10285428911447525e-02
-7.25614279508590698e-02
-9.66504514217376709e-02
-1.15962382405996323e-02
5.80783337354660034e-02
-3.92953902482986450e-02
8.84188488125801086e-02
-1.11107617616653442e-01
-1.06420207885093987e-04
9.87610220909118652e-02
4.81091998517513275e-03
-2.93276365846395493e-02
-7.58430035784840584e-03
-1.02091252803802490e-01
1.90538261085748672e-02
-7.93990939855575562e-02
-5.75529411435127258e-02
9.43337082862854004e-02
9.63149666786193848e-02
-7.12599381804466248e-02
-3.59563417732715607e-02
-2.65770386904478073e-02
9.93489399552345276e-02
-6.39910474419593811e-02
-1.11515104770660400e-01
6.20006062090396881e-02
-1.69902313500642776e-02
4.37026610597968102e-05
6.39292821288108826e-02
2.02654395252466202e-02
-7.01313912868499756e-02
1.03123515844345093e-01
6.29494190216064453e-02
-1.78007949143648148e-02
-6.44845515489578247e-02
6.16498850286006927e-02
7.09801465272903442e-02
-9.66432616114616394e-02
-6.46625608205795288e-02
3.04462276399135590e-02
-6.35611489415168762e-02
-6.28269016742706299e-02
9.15187746286392212e-02
1.85863003134727478e-02
9.87837985157966614e-02
6.92564621567726135e-03
8.11438262462615967e-02
3.32160890102386475e-02
4.07717712223529816e-02
9.63289961218833923e-02
-3.14179360866546631e-02
7.93859437108039856e-02
-1.76608620677143335e-03
1.08345508575439453e-01
-6.56089931726455688e-02
-5.83226121962070465e-02
6.55316486954689026e-02
-8.46936926245689392e-02
-1.11164348199963570e-02
2.93139982968568802e-02
3.06269172579050064e-02
-7.85918235778808594e-02
-5.03376778215169907e-03
-4.46725711226463318e-02
-5.46101592481136322e-02
9.12777483463287354e-02
-1.19237611070275307e-02
-1.29836089909076691e-02
2.76802293956279755e-02
5.47395907342433929e-02
9.77066066116094589e-03
8.99102687835693359e-02
-2.60007884353399277e-02
4.75930189713835716e-03
3.41819971799850464e-02
-3.84425488300621510e-03
4.29968200623989105e-02
1.17654591798782349e-01
6.81667327880859375e-02
1.71306021511554718e-02
-5.04132620990276337e-02
7.32719004154205322e-02
-3.24674136936664581e-02
2.02768146991729736e-02
-1.62061117589473724e-02
-1.98638457804918289e-02
-7.98226967453956604e-02
6.45601153373718262e-02
-6.35189935564994812e-02
-4.81325909495353699e-02
2.04979050904512405e-02
-1.17461886256933212e-02
1.21195446699857712e-02
-8.94613116979598999e-02
-2.93564070016145706e-02
6.72797560691833496e-02
6.51026815176010132e-02
-9.48493182659149170e-02
-5.42027577757835388e-02
-1.46310329437255859e-02
-7.99574851989746094e-02
-3.01545355468988419e-02
-4.94832172989845276e-02
-6.46839439868927002e-02
2.35543411690741777e-05
3.60634736716747284e-02
-6.31236806511878967e-02
5.97713850438594818e-02
-9.70463901758193970e-02
-3.04672252386808395e-02
-5.82660660147666931e-02
9.46306213736534119e-02
-1.00414812564849854e-01
-3.10950558632612228e-02
-8.20467099547386169e-02
-1.32557740435004234e-02
-2.56353821605443954e-02
1.26291707158088684e-01
6.18467479944229126e-02
-5.74671477079391479e-02
-1.91429182887077332e-02
-2.01966539025306702e-02
5.49728758633136749e-02
6.98667913675308228e-02
4.85739409923553467e-02
2.58661410771310329e-03
-4.16192226111888885e-02
-5.23544996976852417e-02
4.02259789407253265e-02
-9.14043337106704712e-02
-6.74431025981903076e-02
-7.61516615748405457e-02
-3.92112769186496735e-02
1.34820239618420601e-02
8.81553888320922852e-02
5.03171943128108978e-02
-6.42905710265040398e-03
1.99693124741315842e-02
-8.69822353124618530e-02
-5.29121868312358856e-02
-3.47335524857044220e-02
-8.22710059583187103e-03
8.15847069025039673e-02
-7.56350308656692505e-02
-4.88105192780494690e-02
-1.92600637674331665e-02
-2.35554762184619904e-02
-2.91977897286415100e-02
-9.20533319003880024e-04
-8.50479081273078918e-02
5.78522740397602320e-04
-2.17208787798881531e-02
-1.97815615683794022e-02
-3.90560664236545563e-02
-8.92136916518211365e-02
-5.91147914528846741e-02
-4.22164164483547211e-02
5.56746758520603180e-02
-4.39926376566290855e-03
-7.51788988709449768e-02
4.55566905438899994e-02
1.07040477450937033e-03
3.73290777206420898e-02
-7.06101804971694946e-02
-6.02991245687007904e-02
-1.32074445486068726e-01
-7.73446075618267059e-03
4.91120256483554840e-02
7.37788602709770203e-02
2.50028911978006363e-03
1.06350360438227654e-02
-6.32031410932540894e-02
-1.94287523627281189e-02
-3.70769016444683075e-02
-6.17893375456333160e-02
-8.69881212711334229e-02
-7.81083256006240845e-02
-1.11839389428496361e-02
9.32134781032800674e-03
-2.27914992719888687e-02
3.99485342204570770e-02
-9.12297442555427551e-02
-7.83182159066200256e-02
-6.76651224493980408e-02
2.09895111620426178e-02
2.27182637900114059e-02
-5.74933849275112152e-02
1.03029869496822357e-01
-4.97441180050373077e-02
7.29262828826904297e-02
-3.60701531171798706e-02
3.50017286837100983e-02
7.99274444580078125e-02
2.84487456083297729e-02
-7.62197095900774002e-03
-1.19102764874696732e-02
8.61782729625701904e-02
1.92836653441190720e-02
1.22430242598056793e-01
1.01471513509750366e-01
-5.37161529064178467e-02
-6.90691694617271423e-02
-4.00033332407474518e-02
2.32331186532974243e-01
-5.19942529499530792e-02
1.80605724453926086e-02
-1.42878055572509766e-01
-2.91970018297433853e-02
-3.72652076184749603e-02
6.15533553063869476e-02
-5.53011149168014526e-02
3.81437614560127258e-02
1.19005277752876282e-01
-7.67747834324836731e-02
-1.32585745304822922e-02
-2.24295929074287415e-02
-2.90117952972650528e-02
7.22999311983585358e-03
-1.39281875453889370e-03
-3.69924977421760559e-02
-1.38914566487073898e-02
6.76771700382232666e-02
6.11599870026111603e-02
9.27795767784118652e-02
9.48089137673377991e-02
-6.41507804393768311e-02
3.09979822486639023e-02
3.96866090595722198e-02
1.34725555777549744e-01
-8.04453194141387939e-02
6.13901801407337189e-02
-9.60459634661674500e-02
5.46404980123043060e-02
-3.12094148248434067e-02
-2.63112541288137436e-02
9.03244968503713608e-03
-2.78894044458866119e-02
-6.02860152721405029e-02
1.94761957973241806e-02
1.32097780704498291e-01
2.61104386299848557e-02
-1.18959590792655945e-01
-7.26179219782352448e-03
-5.49528896808624268e-02
-6.18021264672279358e-02
1.09478160738945007e-01
-9.12083908915519714e-02
2.40492690354585648e-02
5.16420789062976837e-02
1.03036817163228989e-02
-5.12525290250778198e-02
1.89372189342975616e-02
9.32063162326812744e-02
3.35591915063560009e-03
3.90925034880638123e-02
6.91862020175904036e-04
2.17318208888173103e-03
-9.29360743612051010e-03
6.06696642935276031e-02
-4.95691858232021332e-02
-3.13060055486857891e-03
-2.15685386210680008e-02
-5.30703878030180931e-03
5.95338344573974609e-02
-8.98811370134353638e-02
9.70620010048151016e-03
5.47293527051806450e-03
4.19098930433392525e-03
4.58829253911972046e-02
4.12118509411811829e-02
-3.16410362720489502e-02
-1.22712386655621231e-04
-1.02480448782444000e-01
-7.64452591538429260e-02
-2.92554101906716824e-03
-7.02716484665870667e-02
2.31708046048879623e-02
-4.63485792279243469e-02
2.47167181223630905e-02
4.11308184266090393e-02
9.75930839776992798e-02
4.85511198639869690e-02
-3.11851464211940765e-02
6.53797313570976257e-02
-1.34056448936462402e-01
-7.68826976418495178e-02
-4.12558205425739288e-02
6.04066066443920135e-02
-1.88201274722814560e-02
-1.03463701903820038e-01
-1.38110324740409851e-01
-2.05278433859348297e-02
-9.81880724430084229e-03
3.04904114454984665e-02
-1.14243859425187111e-02
-5.19312312826514244e-03
5.02787809818983078e-03
3.00886202603578568e-02
4.64677065610885620e-03
-8.80687683820724487e-02
-2.91415154933929443e-02
-1.30129326134920120e-02
-4.01102304458618164e-02
5.44788055121898651e-02
-8.94905924797058105e-02
7.52162709832191467e-02
6.21175579726696014e-02
9.19155329465866089e-02
2.36877370625734329e-02
-4.18275520205497742e-02
-4.83368858695030212e-02
2.56726928055286407e-02
-3.83245386183261871e-02
-2.27471720427274704e-02
6.72888830304145813e-02
-4.58753816783428192e-02
-1.07033709064126015e-02
8.99836719036102295e-02
-1.28518536686897278e-01
-6.17874450981616974e-02
-2.16202847659587860e-02
-2.04112399369478226e-02
-3.23564559221267700e-02
1.34582996368408203e-01
-1.21584244072437286e-01
1.22110679745674133e-01
2.79444530606269836e-02
4.27720360457897186e-02
3.44029329717159271e-02
-8.92526730895042419e-02
5.36062493920326233e-02
-7.98852220177650452e-02
2.34868675470352173e-02
5.79748451709747314e-02
6.84336647391319275e-02
9.98394638299942017e-02
6.47483095526695251e-02
1.14299006760120392e-01
3.82698401808738708e-02
-5.86623661220073700e-02
-3.93212549388408661e-02
-1.33562302216887474e-02
1.01923264563083649e-01
6.21534027159214020e-02
-7.63726383447647095e-02
6.82101175189018250e-02
-4.10276241600513458e-02
1.35565213859081268e-02
6.92614242434501648e-02
-1.17551781237125397e-01
-5.94623722136020660e-02
7.72534608840942383e-02
-5.36359697580337524e-02
8.45222249627113342e-02
9.41486097872257233e-03
1.51087462902069092e-01
-9.97717399150133133e-03
-1.46661009639501572e-02
2.47935280203819275e-02
-3.91161888837814331e-02
-7.96778649091720581e-02
6.70151412487030029e-02
-7.42716938257217407e-02
1.29643633961677551e-01
-7.98342823982238770e-02
-3.16717401146888733e-02
-9.72670763731002808e-02
8.99787172675132751e-02
4.25694771111011505e-02
4.19853366911411285e-02
-5.86174847558140755e-03
-4.05006967484951019e-02
2.92686633765697479e-02
-4.35094162821769714e-02
5.22117502987384796e-02
-2.10632272064685822e-02
2.59976685047149658e-02
-4.98163402080535889e-02
7.30422465130686760e-03
7.03594181686639786e-03
-6.11293911933898926e-02
8.46421252936124802e-03
-3.57434824109077454e-02
-2.98277568072080612e-02
8.33964198827743530e-02
-4.75163869559764862e-02
-6.28412291407585144e-02
3.08543946593999863e-02
1.55288213863968849e-03
-9.95372682809829712e-02
-2.40918584167957306e-02
-2.38043814897537231e-02
3.48618365824222565e-02
1.85467377305030823e-02
1.27417564392089844e-01
-1.11338049173355103e-01
-2.70023364573717117e-02
-7.21541494131088257e-02
-9.02854278683662415e-03
8.44392329454421997e-02
1.27550086472183466e-03
-4.53141368925571442e-02
-5.54891601204872131e-02
-6.92371279001235962e-02
4.52338531613349915e-02
-1.49103505536913872e-02
7.58587494492530823e-02
1.42588964081369340e-04
-1.86170227825641632e-02
2.62770261615514755e-02
1.39572191983461380e-02
4.21235188841819763e-02
-5.54931573569774628e-02
1.02002918720245361e-01
1.30259484052658081e-01
-1.07467398047447205e-02
1.02581471204757690e-01
1.09463021159172058e-01
-1.03717364370822906e-01
-7.40663334727287292e-02
-9.77996811270713806e-02
1.72876892611384392e-03
1.22482720762491226e-02
9.32050794363021851e-02
-1.43206998705863953e-01
5.20668402314186096e-02
-1.11034482717514038e-01
-3.34907579235732555e-03
-3.64170968532562256e-02
-1.23820915818214417e-01
-1.98889505118131638e-02
-2.38356944173574448e-02
1.51835856959223747e-02
-1.13995246589183807e-01
-4.00120280683040619e-02
1.39524027705192566e-01
-5.77025897800922394e-02
8.14914777874946594e-02
1.68634131550788879e-02
3.98027617484331131e-03
1.32583707571029663e-01
-1.14791527390480042e-01
8.30606147646903992e-02
-2.91189886629581451e-02
5.74728325009346008e-02
-1.43071487545967102e-01
-2.64467764645814896e-02
-2.46304050087928772e-02
-4.49823029339313507e-02
1.70193500816822052e-02
4.27860729396343231e-02
1.14284805953502655e-01
-2.77428105473518372e-02
1.22161423787474632e-02
-4.12551537156105042e-02
1.01886123418807983e-01
7.59438276290893555e-02
3.22015918791294098e-02
1.76204480230808258e-02
-1.14867068827152252e-01
-8.81266221404075623e-02
1.46722346544265747e-01
-1.21088139712810516e-01
4.25430946052074432e-02
2.14409865438938141e-02
-6.94779381155967712e-02
-1.07245959341526031e-01
-2.75242351926863194e-03
3.03400121629238129e-02
-3.14722470939159393e-02
-1.37690395116806030e-01
1.02673798799514771e-01
3.36807705461978912e-02
-7.76953296735882759e-03
-1.18677176535129547e-01
-1.25911757349967957e-01
-1.38412952423095703e-01
-1.35031357407569885e-01
-1.32878646254539490e-01
1.00650452077388763e-01
-3.06550990790128708e-02
-1.19194939732551575e-01
1.26200631260871887e-01
2.40045748651027679e-02
2.35715950839221478e-03
-3.97237539291381836e-02
-1.03486031293869019e-02
-1.02915965020656586e-01
-2.94699054211378098e-02
5.64748272299766541e-02
-7.75449573993682861e-02
4.79195900261402130e-02
1.00099258124828339e-01
5.92070110142230988e-02
3.58606353402137756e-02
4.54319976270198822e-02
4.25723381340503693e-02
-3.33056636154651642e-02
-5.51187619566917419e-02
-6.27656802535057068e-02
7.42512643337249756e-02
-5.26328086853027344e-02
5.05683152005076408e-03
-5.76693862676620483e-02
2.61627659201622009e-02
3.26723083853721619e-02
3.90951409935951233e-02
8.52718502283096313e-02
4.68510352075099945e-02
1.42358178272843361e-02
2.05309186130762100e-02
-6.69431090354919434e-02
6.67170956730842590e-02
8.70518833398818970e-02
-7.17306695878505707e-03
-2.01359353959560394e-02
3.96239049732685089e-02
7.05759301781654358e-02
3.54692921973764896e-03
-2.72568836808204651e-02
-3.76277118921279907e-02
-3.59769277274608612e-02
-1.24088702723383904e-02
-5.41451945900917053e-02
2.66152992844581604e-02
2.72176191210746765e-02
4.26190942525863647e-02
-4.99189086258411407e-02
1.23040936887264252e-02
-2.14187968522310257e-02
1.31415249779820442e-03
8.29333532601594925e-03
-1.45843829959630966e-02
-4.69500347971916199e-02
7.43515323847532272e-03
7.04437941312789917e-02
5.05110658705234528e-02
8.29646289348602295e-02
1.92304905503988266e-02
-5.91422058641910553e-03
-4.53645251691341400e-02
5.27936853468418121e-02
1.20455957949161530e-01
1.88375934958457947e-02
-3.69063764810562134e-02
-2.15310249477624893e-02
-1.14063449203968048e-01
-1.10658884048461914e-01
8.97225439548492432e-02
3.35761420428752899e-02
8.63410979509353638e-02
8.27580168843269348e-02
1.72680355608463287e-02
6.07456304132938385e-02
-8.04107487201690674e-02
-1.51701271533966064e-02
2.43513565510511398e-03
-7.16653689742088318e-02
9.73260328173637390e-02
5.11775305494666100e-03
5.63356429338455200e-02
3.27857136726379395e-02
7.59126767516136169e-02
1.06299616396427155e-01
-9.53038185834884644e-02
-1.05511909350752831e-02
3.00166336819529533e-03
1.08852945268154144e-02
2.65769753605127335e-02
6.32133781909942627e-02
-8.14061239361763000e-03
7.62288644909858704e-02
-2.83477194607257843e-02
8.34761634469032288e-02
1.26703002024441957e-03
-9.02767330408096313e-02
-9.98129229992628098e-03
6.25319704413414001e-02
-7.71526843309402466e-02
3.64874005317687988e-02
-4.06197421252727509e-02
5.23467957973480225e-02
4.74864244461059570e-02
-4.25516664981842041e-02
1.16638213396072388e-01
-1.43106579780578613e-02
-2.55081467330455780e-02
-4.27629351615905762e-02
-8.26836600899696350e-02
5.36080300807952881e-02
7.12284469045698643e-04
6.81083798408508301e-02
5.90280108153820038e-02
4.87939156591892242e-02
1.72724388539791107e-02
1.20832445099949837e-02
-7.08250701427459717e-02
-3.82961705327033997e-02
-7.38696753978729248e-02
6.80037662386894226e-02
4.32806797325611115e-02
-6.20652316138148308e-03
-9.13647338747978210e-02
-1.64673715829849243e-01
-3.26898042112588882e-03
9.29184556007385254e-02
9.50386971235275269e-02
-6.61221593618392944e-02
-8.51400569081306458e-02
9.28611382842063904e-02
4.81162555515766144e-02
-4.09992150962352753e-02
-7.34235392883419991e-03
1.11830055713653564e-01
8.37923586368560791e-02
-4.15255315601825714e-02
5.07173389196395874e-02
-3.27475443482398987e-02
3.09766014106571674e-03
-4.98806238174438477e-02
-4.37053851783275604e-02
8.20185244083404541e-02
1.26685304567217827e-02
5.09038902819156647e-02
-7.22019672393798828e-02
2.72815097123384476e-02
6.26767426729202271e-02
4.81517054140567780e-02
-1.36719513684511185e-02
-5.19165024161338806e-02
9.48573127388954163e-02
2.45694033801555634e-02
-2.84870881587266922e-02
-1.10426405444741249e-02
-1.70055441558361053e-02
-1.61691475659608841e-02
-1.25567298382520676e-02
-6.87731206417083740e-02
8.69903527200222015e-03
4.42260829731822014e-03
-7.94295594096183777e-02
7.61089026927947998e-02
3.31436768174171448e-02
-7.67300352454185486e-02
1.48428663611412048e-01
-2.44140010327100754e-02
-1.07106566429138184e-02
-3.28098870813846588e-02
3.08769587427377701e-02
5.57518303394317627e-02
-1.84302143752574921e-02
-2.83859949558973312e-02
-1.02108558639883995e-02
-8.77435356378555298e-02
4.85076159238815308e-02
1.14197265356779099e-02
-4.82802130281925201e-02
-5.74273196980357170e-03
-6.50633648037910461e-02
1.19489361532032490e-03
-1.00197292864322662e-01
4.40493337810039520e-02
6.11334592103958130e-02
-4.66420315206050873e-02
3.22701409459114075e-02
6.70857727527618408e-02
-7.48647525906562805e-02
-9.04487539082765579e-03
1.24199809506535530e-02
-5.13307787477970123e-02
5.05668222904205322e-02
8.27659741044044495e-02
-2.63300947844982147e-02
1.63685157895088196e-02
6.38047000393271446e-03
8.17576646804809570e-02
-7.45636671781539917e-02
3.61879914999008179e-02
-8.84699299931526184e-02
-2.65575833618640900e-02
6.70299232006072998e-02
6.57496377825737000e-02
-8.87897536158561707e-02
2.58599910885095596e-02
-1.81524045765399933e-02
1.33587896823883057e-01
1.55996000394225121e-02
-1.71643681824207306e-02
4.85143288969993591e-02
1.91344078630208969e-02
1.14921368658542633e-02
-5.20207732915878296e-02
1.37785911560058594e-01
-9.50982347130775452e-02
3.34278270602226257e-02
-1.11454866826534271e-01
-2.53474637866020203e-02
1.35533073917031288e-02
-3.16492393612861633e-02
-1.43279060721397400e-02
6.08656220138072968e-02
2.26814057677984238e-02
-6.84252828359603882e-02
-7.83048346638679504e-02
1.18523500859737396e-02
-3.51178757846355438e-02
4.31073457002639771e-03
1.29902198910713196e-01
2.44728419929742813e-02
-2.62888651341199875e-02
1.98910348117351532e-02
3.58070880174636841e-02
-3.12525145709514618e-02
9.72019135951995850e-02
-5.18518537282943726e-02
2.96669360250234604e-02
1.37177124619483948e-01
6.31892755627632141e-02
-8.16341191530227661e-02
2.56128832697868347e-02
1.15174502134323120e-02
-1.22444918379187584e-02
5.34310145303606987e-03
-7.70894065499305725e-02
-1.11434765160083771e-01
-3.86146120727062225e-02
-7.78784975409507751e-02
-1.38498693704605103e-02
8.90555903315544128e-02
6.86793169006705284e-03
-5.00766793265938759e-03
3.96991521120071411e-02
1.18021918460726738e-02
-9.18795466423034668e-02
-1.05662517249584198e-01
3.98165322840213776e-02
-2.06362735480070114e-02
7.79569149017333984e-02
7.77615383267402649e-02
-4.54456545412540436e-02
6.20203353464603424e-02
-6.99181705713272095e-02
-4.00926079601049423e-03
-1.26717582345008850e-01
2.49246526509523392e-02
-1.13268487155437469e-01
7.74178002029657364e-03
-3.85466627776622772e-02
2.35423594713211060e-02
-9.62518900632858276e-02
-1.29832774400711060e-02
1.16596035659313202e-01
8.46502929925918579e-02
3.45588885247707367e-02
-3.89632880687713623e-02
-5.09038046002388000e-02
9.32423099875450134e-02
-1.58027857542037964e-02
-2.15003192424774170e-02
4.66532120481133461e-03
-6.78698569536209106e-02
1.56659558415412903e-01
-6.79326578974723816e-02
3.19864638149738312e-02
2.51312311738729477e-02
-1.34764406830072403e-02
4.07403856515884399e-02
8.61912965774536133e-02
-5.32857179641723633e-02
-2.64037214219570160e-02
1.41797424294054508e-03
-1.27000762149691582e-02
3.76409478485584259e-02
1.03128805756568909e-01
3.83679606020450592e-02
7.31605961918830872e-02
8.45821127295494080e-02
1.08627351000905037e-02
-6.72982409596443176e-02
6.09170794486999512e-02
-5.18340133130550385e-02
5.85696846246719360e-02
1.34845092892646790e-01
1.73681154847145081e-02
-1.93250477313995361e-02
-7.31526985764503479e-02
-2.54106689244508743e-02
-3.20611484348773956e-02
-9.57208722829818726e-02
5.49784228205680847e-02
-3.26158888638019562e-02
-2.63914372771978378e-02
-1.41745535656809807e-02
2.92065143585205078e-02
-7.52086639404296875e-02
4.97118160128593445e-02
6.49876967072486877e-02
-3.21503467857837677e-02
-2.44966074824333191e-02
2.10506077855825424e-02
1.16605296730995178e-01
-4.78642582893371582e-02
-5.44793270528316498e-02
9.13252774626016617e-03
-9.65825244784355164e-02
-2.58436407893896103e-02
2.04535145312547684e-02
6.04872740805149078e-02
1.09560098499059677e-02
1.28678008913993835e-02
-6.23550340533256531e-02
-9.44309309124946594e-02
7.71164819598197937e-02
3.27579118311405182e-02
-6.76659867167472839e-02
8.28658938407897949e-02
5.41749503463506699e-03
8.85405242443084717e-02
1.21283155749551952e-04
1.47774592041969299e-01
8.30032825469970703e-02
-9.02382507920265198e-02
9.48886293917894363e-03
-1.91837847232818604e-02
-9.78269800543785095e-02
4.40238714218139648e-02
-6.69327005743980408e-02
7.72796571254730225e-02
7.65703320503234863e-02
9.83799695968627930e-02
1.07022598385810852e-01
1.64731834083795547e-02
-1.01548507809638977e-01
-2.64606643468141556e-02
-5.20326755940914154e-02
1.01542837917804718e-01
-8.77072662115097046e-02
8.07970389723777771e-02
2.92241871356964111e-02
8.23256745934486389e-02
-2.28045918047428131e-02
3.00970710813999176e-02
-7.83849135041236877e-02
-6.56494125723838806e-02
-1.51027396321296692e-01
8.21491181850433350e-02
-5.66952396184206009e-03
2.32334919273853302e-02
6.05199597775936127e-02
-3.22958230972290039e-02
5.09381331503391266e-02
-6.66404962539672852e-02
7.39315450191497803e-02
8.47784578800201416e-02
3.85070196352899075e-03
5.52312135696411133e-02
-8.76564383506774902e-02
-1.94262173026800156e-02
3.48084577126428485e-05
-1.08179651200771332e-01
-6.73751439899206161e-03
5.41698448359966278e-02
1.72699056565761566e-02
7.00400173664093018e-02
8.28410759568214417e-02
-4.42335158586502075e-02
-3.06481923907995224e-02
3.83145883679389954e-02
-4.67155827209353447e-03
4.83751744031906128e-02
-9.34512242674827576e-02
1.37139027938246727e-02
-3.55505645275115967e-02
1.16500584408640862e-02
4.47281971573829651e-02
1.27392141148447990e-02
3.83309535682201385e-02
8.37347470223903656e-03
-1.69821214512921870e-04
2.97678038477897644e-02
4.32710861787199974e-03
-1.25828474760055542e-01
-6.53971433639526367e-02
1.33898928761482239e-01
-4.78489957749843597e-02
-1.40891954302787781e-01
9.97185260057449341e-02
-2.29313707677647471e-04
3.05885560810565948e-02
-3.85013259947299957e-02
-3.10529079288244247e-02
-5.28708808124065399e-02
-1.40480518341064453e-01
3.87064777314662933e-02
-5.61879388988018036e-02
-1.02216433733701706e-02
3.56780290603637695e-02
9.08778756856918335e-02
3.12734469771385193e-02
2.03756969422101974e-02
4.21733735129237175e-03
-9.54870320856571198e-03
2.10660770535469055e-02
5.69598712027072906e-02
-1.38436660170555115e-01
6.18114396929740906e-02
3.86748313903808594e-02
7.27374572306871414e-03
-4.59392629563808441e-02
-1.08525857329368591e-01
1.18639886379241943e-01
-9.47026163339614868e-02
-1.71983297914266586e-02
-7.40049630403518677e-02
1.23311877250671387e-02
1.31095722317695618e-01
-1.12678311765193939e-01
-6.74954131245613098e-02
3.31357344985008240e-02
-4.39253672957420349e-02
6.48106783628463745e-02
9.33867916464805603e-02
1.69664546847343445e-02
1.04159958660602570e-01
1.08656257390975952e-01
1.67323444038629532e-02
-3.92385467421263456e-04
-2.43781041353940964e-02
-9.31857749819755554e-02
4.15065176784992218e-02
-4.84727285802364349e-02
5.82764185965061188e-02
-6.47660866379737854e-02
5.87808862328529358e-02
9.27123203873634338e-02
-4.31767776608467102e-02
-4.21080365777015686e-02
1.76628138870000839e-02
1.17091327905654907e-01
-4.21045869588851929e-02
-4.48470264673233032e-02
7.38316401839256287e-02
3.63551899790763855e-02
1.01974323391914368e-01
2.88017205893993378e-02
1.01580142974853516e-01
5.97117729485034943e-02
-1.03580147027969360e-01
9.22063291072845459e-02
1.28208354115486145e-01
2.12325789034366608e-02
-1.56252272427082062e-02
3.10011561959981918e-02
5.02668693661689758e-02
-2.99694109708070755e-03
9.42697450518608093e-02
-8.24149325489997864e-02
2.18570735305547714e-02
9.34979394078254700e-02
8.78482386469841003e-02
1.33024930953979492e-01
1.45644107833504677e-02
1.10152840614318848e-01
-6.04953281581401825e-02
-7.09574669599533081e-02
5.68340569734573364e-02
3.43862324953079224e-02
-6.80738985538482666e-02
-2.43574734777212143e-02
3.34921404719352722e-02
2.91972002014517784e-03
5.05824387073516846e-02
2.02472712844610214e-02
1.25068041961640120e-03
4.70293164253234863e-02
9.41210165619850159e-02
8.31616669893264771e-02
1.62883132696151733e-01
1.15440815687179565e-01
-7.50244632363319397e-02
-8.03530588746070862e-02
-5.53139597177505493e-02
4.31525222957134247e-02
-3.67673262953758240e-02
1.66557252407073975e-01
-3.90567886643111706e-03
-7.16457217931747437e-02
8.62909555435180664e-02
4.03241924941539764e-02
-2.31899451464414597e-02
2.31794803403317928e-03
-3.15186642110347748e-02
-7.52019807696342468e-02
4.58079064264893532e-03
-7.94250369071960449e-02
-9.55085605382919312e-02
6.79478608071804047e-03
-2.46588606387376785e-03
4.67959828674793243e-02
-4.84544560313224792e-02
-1.01648114621639252e-01
-6.12462460994720459e-02
3.77171747386455536e-02
-4.42368537187576294e-02
4.44118976593017578e-02
-1.05766087770462036e-01
5.11065358296036720e-03
-6.30108863115310669e-02
-1.08435876667499542e-01
4.14144322276115417e-02
4.38516326248645782e-02
3.33957485854625702e-02
-6.73007598379626870e-05
-1.49156162515282631e-02
3.02389245480298996e-02
-1.11777044832706451e-01
-7.19346031546592712e-02
-4.50022704899311066e-02
2.00562793761491776e-02
-2.65920534729957581e-02
5.80965392291545868e-02
-1.87492854893207550e-02
6.68963938951492310e-02
4.85662445425987244e-02
-3.55403162539005280e-02
-3.75653468072414398e-02
1.16188988089561462e-01
-3.12533676624298096e-02
-1.41821727156639099e-01
6.63575604557991028e-02
1.74245387315750122e-02
2.04420555382966995e-02
1.68564841151237488e-02
5.52771938964724541e-03
1.23628228902816772e-02
-2.69563533365726471e-02
-4.15200144052505493e-02
-6.76326528191566467e-02
-6.98104500770568848e-02
9.09135397523641586e-03
-1.05029612779617310e-01
-4.20743413269519806e-03
1.01541131734848022e-02
-6.13656379282474518e-02
4.28061671555042267e-02
6.17709495127201080e-02
5.85538595914840698e-02
3.26221995055675507e-02
-2.34994967468082905e-03
5.58015927672386169e-02
-9.68725755810737610e-02
6.36622905731201172e-02
-3.88040654361248016e-02
-3.34169417619705200e-02
-1.14622466266155243e-01
-1.11696891486644745e-01
-6.46241009235382080e-02
8.01340565085411072e-02
-1.15400740469340235e-04
9.98730584979057312e-02
-2.39384025335311890e-02
-1.26803562045097351e-01
-3.14337238669395447e-02
-8.45586732029914856e-02
-5.25988191366195679e-02
-1.08025521039962769e-01
5.84115684032440186e-02
3.54274027049541473e-02
-9.26453340798616409e-03
-7.37732946872711182e-02
-9.66592580080032349e-02
-5.08205443620681763e-02
-1.14919424057006836e-01
3.70474671944975853e-03
-1.75658601801842451e-03
7.24381487816572189e-03
-2.95343212783336639e-02
1.03155951946973801e-02
-5.76199665665626526e-02
-6.91193267703056335e-02
-1.68027114123106003e-02
1.82105731219053268e-02
-1.18524514138698578e-01
-4.28480021655559540e-02
1.80803257972002029e-02
-2.58770436048507690e-02
9.61557924747467041e-02
-2.05897609703242779e-03
-3.10492087155580521e-02
6.58604949712753296e-02
5.57313933968544006e-02
4.11402992904186249e-02
-6.11717142164707184e-02
7.05317482352256775e-02
-3.35528030991554260e-02
1.08996585011482239e-01
-2.57548261433839798e-02
-6.23870529234409332e-02
1.19678499177098274e-02
-7.34795108437538147e-02
1.61208715289831161e-02
1.38751640915870667e-01
-5.21383322775363922e-02
-3.49826253950595856e-02
-7.16886818408966064e-02
3.45814749598503113e-02
7.39602521061897278e-02
-1.30292981863021851e-01
3.02447471767663956e-02
1.19432192295789719e-02
3.49707789719104767e-02
2.11966745555400848e-02
-6.68480396270751953e-02
3.84166021831333637e-03
1.90121736377477646e-02
3.46795283257961273e-02
-8.93964990973472595e-02
2.01169252395629883e-02
2.74975597858428955e-02
1.33877724409103394e-01
1.38461336493492126e-01
-1.35308697819709778e-01
3.45879122614860535e-02
-4.94481399655342102e-02
6.88557475805282593e-02
-4.27153222262859344e-02
5.99236823618412018e-02
3.65385785698890686e-02
-1.25735774636268616e-01
6.61768242716789246e-02
-1.40732079744338989e-01
-5.03358133137226105e-02
-8.03291145712137222e-03
-5.29241329059004784e-03
1.73248145729303360e-02
-3.17723094485700130e-03
-3.41885462403297424e-02
-1.21164601296186447e-02
-4.13077697157859802e-02
-2.60706450790166855e-02
-3.01275067031383514e-02
1.07605203986167908e-01
-1.12517829984426498e-02
1.27487599849700928e-01
-1.26310503110289574e-02
6.35899677872657776e-02
4.66706752777099609e-02
8.76921564340591431e-02
-1.86864044517278671e-02
4.67301271855831146e-02
-1.41904458403587341e-01
-4.63810600340366364e-02
-4.44627776741981506e-02
-1.71730279922485352e-01
7.89787098765373230e-02
-3.69570925831794739e-02
-1.28712952136993408e-01
-8.68081301450729370e-02
9.58035886287689209e-02
1.47914700210094452e-03
1.31164744496345520e-01
-3.94234806299209595e-02
9.64967608451843262e-02
-1.29909694194793701e-01
1.05694152414798737e-01
2.30569206178188324e-02
-3.39411497116088867e-02
-8.14052745699882507e-02
-1.01134538650512695e-01
-1.83970779180526733e-02
4.66682389378547668e-02
6.64765806868672371e-03
-2.22601704299449921e-02
5.31458891928195953e-02
-4.96540032327175140e-02
6.18291944265365601e-02
3.90781909227371216e-02
8.41552019119262695e-02
6.42827451229095459e-02
-1.18582714349031448e-02
5.81216365098953247e-02
8.42779800295829773e-02
-8.49252492189407349e-02
6.16491436958312988e-02
-1.19349649176001549e-02
8.80143195390701294e-02
1.19909554719924927e-01
-3.98625098168849945e-02
6.63015106692910194e-03
-2.63250209391117096e-02
7.08356872200965881e-02
-2.75392122566699982e-02
1.08715780079364777e-02
6.30767196416854858e-02
6.68042153120040894e-02
4.85750399529933929e-02
-4.40644621849060059e-02
-1.54919639229774475e-01
3.25206853449344635e-02
1.09743840992450714e-01
3.36033031344413757e-02
-3.09499986469745636e-02
5.91277591884136200e-02
-1.49861648678779602e-01
9.47512909770011902e-02
-4.78342138230800629e-02
-1.41850952059030533e-02
1.86793878674507141e-02
8.93276706337928772e-02
8.69442149996757507e-02
-5.79263083636760712e-02
3.76232005655765533e-02
9.43064615130424500e-02
1.38339167460799217e-02
-1.96376233361661434e-03
-3.57592571526765823e-03
4.24198284745216370e-02
7.91006386280059814e-02
-4.36542108654975891e-02
-1.08309857547283173e-01
5.07579036056995392e-02
-3.20056043565273285e-02
-4.06766943633556366e-02
-2.65908278524875641e-02
-7.99915716052055359e-02
9.85722430050373077e-03
7.82638937234878540e-02
-5.22353947162628174e-02
8.76343473792076111e-02
2.92915869504213333e-02
5.01681715250015259e-02
-1.44552197307348251e-02
-7.90106654167175293e-02
-2.18958277255296707e-02
3.77826429903507233e-02
5.38695342838764191e-02
-5.83369247615337372e-02
6.23102225363254547e-02
1.27460598945617676e-01
-2.07507610321044922e-02
4.71413619816303253e-02
2.53518167883157730e-02
-5.67736104130744934e-02
-9.94503051042556763e-02
7.39559978246688843e-02
3.36649082601070404e-02
2.11507994681596756e-02
-1.19433306157588959e-01
1.24851288273930550e-02
-6.71516209840774536e-02
5.42835146188735962e-03
7.75872915983200073e-02
7.72977694869041443e-02
6.43543303012847900e-02
-1.28155751153826714e-02
5.08009865880012512e-02
1.05162682011723518e-02
-4.37255948781967163e-02
-8.03391858935356140e-02
7.84822832792997360e-03
5.64903765916824341e-02
7.84748867154121399e-02
1.05496019124984741e-01
6.29621073603630066e-02
-9.25463065505027771e-02
4.42422088235616684e-03
-1.03555396199226379e-01
9.34508442878723145e-02
-1.00015271455049515e-02
-1.10134422779083252e-01
5.15390634536743164e-02
-8.41387137770652771e-02
3.34821604192256927e-02
2.15505361557006836e-02
8.29564705491065979e-02
8.26613232493400574e-02
-2.98401955515146255e-02
4.04915362596511841e-02
-6.66491873562335968e-03
-9.60018411278724670e-02
-4.93780896067619324e-02
1.05298735201358795e-01
5.67350015044212341e-02
-1.17322921752929688e-01
8.38431641459465027e-02
1.24083474278450012e-01
-9.24278199672698975e-02
2.80367699451744556e-03
-3.98962348699569702e-02
4.59349602460861206e-02
-1.81571207940578461e-03
9.92413759231567383e-02
1.05738289654254913e-01
-4.36917021870613098e-02
-5.68457618355751038e-02
-1.00507102906703949e-01
1.38015690026804805e-04
4.30809184908866882e-02
-3.98197062313556671e-02
-3.41738350689411163e-02
-1.37806972488760948e-02
-9.67211723327636719e-02
1.33552253246307373e-02
-9.77437347173690796e-02
6.66575506329536438e-02
-7.58620500564575195e-02
-5.12695051729679108e-02
3.21326069533824921e-02
-3.32236886024475098e-02
-4.13173139095306396e-02
-1.41536062583327293e-02
1.63162651006132364e-03
-1.50979794561862946e-02
3.30825708806514740e-02
1.43101504072546959e-02
-9.19536352157592773e-02
5.44165037572383881e-02
4.61525656282901764e-03
2.93830665759742260e-03
-7.29402378201484680e-02
5.81059567630290985e-02
4.95561473071575165e-02
-7.42551032453775406e-03
2.45969146490097046e-02
-3.41000147163867950e-02
5.47447353601455688e-02
4.66941036283969879e-02
-3.36536504328250885e-02
4.45128828287124634e-02
4.56544980406761169e-02
6.48710429668426514e-02
7.89049360901117325e-03
9.78001113981008530e-03
-1.23716164380311966e-02
4.11846525967121124e-02
8.79119895398616791e-03
3.93241904675960541e-02
2.09043659269809723e-02
-1.06224678456783295e-01
6.06068782508373260e-03
-5.70167899131774902e-02
2.46967915445566177e-02
1.04764732532203197e-03
-8.85911658406257629e-03
-6.58534839749336243e-02
-2.37277671694755554e-02
4.88420203328132629e-02
3.31457145512104034e-02
2.50280145555734634e-02
-6.98916092514991760e-02
1.14223048090934753e-01
6.55544251203536987e-02
-6.11735805869102478e-02
5.78704103827476501e-03
8.01246520131826401e-03
2.69223265349864960e-02
5.48972003161907196e-02
9.09812301397323608e-02
-1.04065844789147377e-02
-7.95641634613275528e-03
-8.80954116582870483e-02
1.17061816155910492e-01
-1.18157908320426941e-01
8.54194685816764832e-02
-3.95544916391372681e-02
4.01390083134174347e-02
-4.10873331129550934e-02
1.05846580117940903e-03
4.15509194135665894e-03
-4.21624667942523956e-02
-7.50032365322113037e-02
-6.27028644084930420e-02
-3.36764268577098846e-02
9.70175787806510925e-02
2.48387418687343597e-02
-6.69067353010177612e-02
4.19481694698333740e-02
-9.30014401674270630e-02
-4.00579981505870819e-02
-3.22778522968292236e-02
-4.79110293090343475e-02
4.04196828603744507e-02
1.30711421370506287e-01
-8.43250155448913574e-02
-4.03015911579132080e-02
-1.37758245691657066e-02
-7.81413391232490540e-02
-5.40258400142192841e-02
-5.52496239542961121e-02
-6.37126155197620392e-03
4.11626398563385010e-02
2.74204015731811523e-02
-1.20397144928574562e-02
2.46502086520195007e-02
-6.93203210830688477e-02
-6.08917735517024994e-02
3.11563909053802490e-02
8.80957692861557007e-02
-1.28739904612302780e-02
-3.10694091022014618e-02
5.15187717974185944e-02
-1.36929243803024292e-01
5.97790516912937164e-02
2.65602394938468933e-02
-6.93216845393180847e-02
-4.35469262301921844e-02
-3.36090698838233948e-02
-4.72354069352149963e-02
1.53134064748883247e-02
-6.08570612967014313e-02
6.17628768086433411e-02
-6.69287517666816711e-02
-1.05050534009933472e-01
-1.03892371058464050e-01
8.99056121706962585e-02
1.18967391550540924e-01
-8.67459774017333984e-02
-3.63116711378097534e-02
1.74074973911046982e-02
4.42241095006465912e-02
6.31372183561325073e-02
2.91537139564752579e-02
-2.81222350895404816e-02
1.11374691128730774e-01
2.55641844123601913e-02
-6.69857636094093323e-02
-6.28120303153991699e-02
7.45236650109291077e-02
5.08813783526420593e-02
-1.78089365363121033e-02
-6.75262883305549622e-02
4.41008359193801880e-02
8.00127349793910980e-03
1.49041721597313881e-02
8.10653045773506165e-02
8.20035338401794434e-02
5.98939508199691772e-02
4.35719452798366547e-02
2.94406134635210037e-02
2.17147450894117355e-02
-3.97430174052715302e-02
-4.33538295328617096e-03
5.86163848638534546e-02
6.16656504571437836e-02
-6.22270591557025909e-02
3.71056608855724335e-02
-2.71757338196039200e-02
-5.37200979888439178e-02
3.21827642619609833e-02
5.42426817119121552e-02
3.40505540370941162e-02
-3.39174158871173859e-02
1.14808499813079834e-01
-2.96044582501053810e-03
5.05912452936172485e-02
6.72691017389297485e-02
3.67148481309413910e-02
6.62718489766120911e-02
-5.79164288938045502e-02
7.76017382740974426e-02
-3.44292144291102886e-03
-7.60318785905838013e-02
2.89911366999149323e-02
6.46132230758666992e-02
-4.27169352769851685e-02
-2.43574986234307289e-03
5.87499588727951050e-02
-2.91177015751600266e-02
-4.24179732799530029e-02
-9.70179587602615356e-03
-7.12719410657882690e-02
5.25791831314563751e-02
-6.49680346250534058e-02
7.56534188985824585e-02
-1.02387957274913788e-01
-3.01827229559421539e-02
6.51438757777214050e-02
-1.69615987688302994e-02
6.62204846739768982e-02
1.04221776127815247e-02
-5.97555972635746002e-02
-8.82201194763183594e-02
8.79396721720695496e-02
2.03355196863412857e-02
1.32831946015357971e-01
-1.02128207683563232e-01
-3.60470786690711975e-02
9.26565751433372498e-02
4.03370112180709839e-02
5.71399182081222534e-03
1.01311102509498596e-01
-7.43748322129249573e-02
-9.47179347276687622e-02
3.59479449689388275e-02
-6.69626668095588684e-02
4.66540902853012085e-02
-4.87787537276744843e-02
-9.65690761804580688e-02
-7.71783366799354553e-02
-2.11997348815202713e-02
1.30435330793261528e-02
4.99258749186992645e-02
1.12038649618625641e-01
-6.36631548404693604e-02
4.11397479474544525e-02
-1.14492781460285187e-01
9.87341031432151794e-02
-1.42419082112610340e-03
-3.44378650188446045e-02
-9.45490375161170959e-02
-3.27080637216567993e-02
7.32227265834808350e-02
-2.61187814176082611e-02
-2.01746113598346710e-02
3.57513478957116604e-03
1.02136367931962013e-02
-8.05124938488006592e-02
8.81786718964576721e-02
6.09093941748142242e-02
4.26615737378597260e-02
1.04113169014453888e-01
-8.60775411128997803e-02
3.43657694756984711e-02
-1.19976066052913666e-01
-3.59978973865509033e-02
-6.92395865917205811e-02
2.61689517647027969e-02
7.70294368267059326e-02
-5.11775538325309753e-02
-3.21961231529712677e-02
-1.04424655437469482e-01
-6.88680335879325867e-02
-1.59019231796264648e-01
2.37838029861450195e-02
-1.09669603407382965e-02
-1.52661085128784180e-01
-4.54539433121681213e-02
-3.97309809923171997e-02
-9.37897935509681702e-02
-6.51876926422119141e-02
-2.42375675588846207e-02
5.91847719624638557e-03
-4.22969721257686615e-02
1.74944940954446793e-02
1.80306080728769302e-02
7.84549713134765625e-02
3.72726656496524811e-02
1.02643407881259918e-02
-1.80322173982858658e-02
-2.82748863101005554e-02
-1.42753748223185539e-02
-6.28918632864952087e-02
2.45525166392326355e-02
3.10709252953529358e-02
6.59850537776947021e-02
-1.21275439858436584e-01
-7.37479403614997864e-02
9.87385287880897522e-02
-1.76238326821476221e-03
4.92784604430198669e-02
-9.40513312816619873e-02
-5.42420968413352966e-02
5.03030307590961456e-02
3.40969697572290897e-03
4.79231886565685272e-02
-2.61541754007339478e-02
1.38940522447228432e-02
-7.91262909770011902e-02
6.09133765101432800e-02
-3.42233180999755859e-02
2.10168287158012390e-02
1.34541923180222511e-02
9.73068252205848694e-02
-4.11240272223949432e-02
-1.47008839994668961e-02
-1.15714240819215775e-02
4.92151901125907898e-02
-7.72036090493202209e-02
1.24807124957442284e-02
-6.42723292112350464e-02
-3.77260670065879822e-02
5.81632256507873535e-02
-1.38572320342063904e-01
4.46695014834403992e-02
-4.22099567949771881e-02
6.95289745926856995e-02
-3.14626432955265045e-02
9.43233966827392578e-02
-3.66490148007869720e-02
1.04353569447994232e-01
1.33365914225578308e-02
-1.70011427253484726e-02
-3.59800644218921661e-02
4.94830980896949768e-02
2.62229004874825478e-03
9.60139706730842590e-02
-6.85532437637448311e-03
8.15910995006561279e-02
3.95583249628543854e-02
-7.01140686869621277e-02
-1.89345479011535645e-02
7.06898421049118042e-02
2.34983395785093307e-02
2.29439586400985718e-02
6.27435743808746338e-02
3.94886545836925507e-02
-3.52699048817157745e-02
7.49991163611412048e-02
1.09896985813975334e-02
-1.32711306214332581e-01
-7.54770711064338684e-02
-1.13504771143198013e-02
-8.32308828830718994e-02
7.63723179697990417e-02
5.99897541105747223e-02
8.99386778473854065e-02
2.10210066288709641e-02
5.32412417232990265e-02
9.13762077689170837e-02
6.16717934608459473e-02
6.39403983950614929e-02
5.91805838048458099e-02
3.58241870999336243e-02
-6.86790570616722107e-02
8.03844854235649109e-02
-9.81827005743980408e-02
1.44014861434698105e-02
-5.31026348471641541e-02
-2.54522338509559631e-02
3.25454734265804291e-02
-2.00827997177839279e-02
6.22791275382041931e-02
-1.01245246827602386e-01
-7.44329914450645447e-02
6.44912384450435638e-03
-1.13142408430576324e-01
-7.65766948461532593e-02
-5.60945197939872742e-02
1.95383243262767792e-02
-7.15146362781524658e-02
-1.29656180739402771e-01
7.48972296714782715e-02
-8.87290090322494507e-02
1.67093165218830109e-02
-4.07238826155662537e-02
4.01885248720645905e-02
8.31041261553764343e-02
-3.13799902796745300e-02
-6.93658962845802307e-02
6.71103894710540771e-02
-7.03137964010238647e-02
3.23532857000827789e-02
5.28724193572998047e-02
4.61431667208671570e-02
3.24287340044975281e-02
6.70524686574935913e-02
-5.87984286248683929e-02
8.40760469436645508e-02
-5.20002795383334160e-04
8.42663459479808807e-03
8.82464554160833359e-03
3.64066995680332184e-02
8.45432206988334656e-02
1.68670117855072021e-02
1.81616563349962234e-02
1.23086581006646156e-02
7.45214745402336121e-02
-8.02112296223640442e-02
-4.48059253394603729e-02
7.58383274078369141e-02
3.27381081879138947e-02
6.13981746137142181e-02
4.12577316164970398e-02
-1.04553364217281342e-02
6.78638219833374023e-02
-1.79020799696445465e-02
9.28220972418785095e-02
5.43499551713466644e-02
7.30094462633132935e-02
3.94394099712371826e-02
2.13842727243900299e-02
-5.29015175998210907e-02
4.82992790639400482e-02
1.67010147124528885e-02
-2.49969516880810261e-03
2.34326906502246857e-03
-5.35615347325801849e-02
6.31700456142425537e-02
-1.23934507369995117e-01
8.35604816675186157e-02
-6.62114098668098450e-02
-2.05740258097648621e-02
4.89382296800613403e-02
-1.80008169263601303e-02
6.08300529420375824e-02
8.75769853591918945e-02
-5.18174916505813599e-02
9.24036558717489243e-03
-4.66440729796886444e-02
-6.39350861310958862e-02
3.19758476689457893e-03
-2.16605607420206070e-02
9.16079580783843994e-02
1.59100398421287537e-01
7.50112161040306091e-02
5.73513582348823547e-02
-1.98177807033061981e-02
1.66724622249603271e-03
-2.47862804681062698e-02
8.38471502065658569e-02
9.20517146587371826e-02
-9.99375525861978531e-03
1.12160090357065201e-02
-2.22120508551597595e-02
1.09398730099201202e-01
-3.75726111233234406e-02
-1.34635731577873230e-01
2.45550554245710373e-02
-5.42135313153266907e-02
1.79897919297218323e-02
9.41884666681289673e-02
-5.22968657314777374e-02
-2.72494852542877197e-02
-2.74879336357116699e-02
-3.57966944575309753e-02
-1.15718811750411987e-01
1.52050733566284180e-01
1.08680300414562225e-01
-4.71164770424365997e-02
4.71909977495670319e-02
-2.87260841578245163e-02
-2.08413247019052505e-02
2.82333157956600189e-02
3.58036942780017853e-02
-3.50112803280353546e-02
5.33466264605522156e-02
-3.53811308741569519e-02
8.71396064758300781e-02
-1.08071073889732361e-01
3.17942090332508087e-02
4.62440401315689087e-02
-1.16056673228740692e-01
-3.72228352352976799e-03
4.87366952002048492e-02
-1.75717025995254517e-02
-1.69169176369905472e-02
-2.96059790998697281e-02
5.65042048692703247e-02
-1.06882065534591675e-01
-3.42719256877899170e-02
3.73028963804244995e-02
-2.56181582808494568e-02
-1.10827326774597168e-01
-2.97774914652109146e-02
5.14531042426824570e-03
-8.19317921996116638e-02
-3.08183468878269196e-02
-1.12614370882511139e-02
9.37935486435890198e-02
3.46512496471405029e-02
-8.43533650040626526e-02
1.65967512875795364e-02
7.45231434702873230e-02
-7.47946351766586304e-02
4.95952963829040527e-02
-1.23428851366043091e-01
9.59795489907264709e-02
-9.13208350539207458e-02
-1.04398928582668304e-01
-5.21882809698581696e-02
-7.52281025052070618e-02
4.18560355901718140e-02
-8.15143585205078125e-02
-1.19115620851516724e-01
3.23497541248798370e-02
7.08294063806533813e-02
-4.50144112110137939e-02
-1.95208434015512466e-02
9.82797890901565552e-03
-6.32119923830032349e-02
4.81173321604728699e-02
6.59530907869338989e-02
-1.16462565958499908e-01
-6.73647671937942505e-02
-8.82779061794281006e-02
-1.14671781659126282e-01
-6.81883022189140320e-02
-3.30894403159618378e-02
1.26582160592079163e-02
-5.86733035743236542e-03
-1.24870859086513519e-01
-6.73590824007987976e-02
-1.20286546647548676e-01
7.76044577360153198e-02
-1.05896435678005219e-01
2.36767400056123734e-02
3.55418436229228973e-02
3.73625345528125763e-02
7.37026706337928772e-02
4.97624203562736511e-02
-9.95869096368551254e-03
-7.17525854706764221e-02
1.77809074521064758e-02
2.12615318596363068e-02
-1.14746592938899994e-01
7.39442408084869385e-02
5.58118671178817749e-02
8.99070035666227341e-03
-8.11999216675758362e-02
-7.43978321552276611e-02
1.15887343883514404e-01
1.45952804014086723e-02
-8.06154087185859680e-02
-2.31705536134541035e-03
4.17491011321544647e-02
1.20320662856101990e-01
9.64543409645557404e-03
-4.97163645923137665e-02
4.74446825683116913e-02
-7.44124278426170349e-02
2.25747283548116684e-02
-2.11960487067699432e-02
-6.97774486616253853e-03
1.36027574539184570e-01
1.10175825655460358e-01
4.71624620258808136e-02
-1.03791737928986549e-02
9.72638353705406189e-02
4.73598064854741096e-03
5.73566034436225891e-02
5.77538572251796722e-02
1.05366870760917664e-01
6.06331601738929749e-03
7.59518146514892578e-02
1.02182947099208832e-01
2.86311134696006775e-02
-3.61909493803977966e-02
3.05775869637727737e-02
-2.70423050969839096e-02
-4.30089756846427917e-02
8.50847214460372925e-02
-1.33252292871475220e-01
9.25335586071014404e-02
1.07008833438158035e-02
-2.25799940526485443e-02
-1.97399053722620010e-02
-6.14339970052242279e-02
-1.06348553672432899e-02
-2.97601222991943359e-02
1.06930159032344818e-01
2.28173527866601944e-02
7.26599320769309998e-02
-7.67067819833755493e-02
-1.95551048964262009e-02
-2.57808715105056763e-02
1.01771457120776176e-02
-6.39911219477653503e-02
-5.94755075871944427e-02
-8.18696469068527222e-02
1.12780660390853882e-01
6.22869282960891724e-02
-9.98771935701370239e-02
-6.53164014220237732e-02
8.13351497054100037e-02
6.76803290843963623e-02
3.33076640963554382e-02
-4.40663099288940430e-02
5.09893372654914856e-02
2.36323177814483643e-02
-3.27099002897739410e-02
-4.62434301152825356e-03
6.01170882582664490e-02
3.92997376620769501e-02
-8.58013182878494263e-02
3.22923995554447174e-02
-7.90392700582742691e-03
7.10449218750000000e-02
1.99628788977861404e-02
-3.35262119770050049e-02
6.31403625011444092e-02
6.48156553506851196e-02
3.52873504161834717e-02
7.72901847958564758e-02
-3.84562872350215912e-02
7.78598785400390625e-02
-1.00548267364501953e-01
4.10229004919528961e-02
4.72683869302272797e-02
7.65142813324928284e-02
1.25552520155906677e-01
9.58912745118141174e-02
1.05113685131072998e-01
-8.25727432966232300e-02
8.90552848577499390e-02
-6.91965296864509583e-02
3.57367098331451416e-02
-8.81381630897521973e-02
-3.98713238537311554e-02
5.42002432048320770e-02
-9.75652560591697693e-02
2.13469117879867554e-02
7.00551345944404602e-02
8.32499563694000244e-02
1.10810045152902603e-02
1.99939105659723282e-02
8.34973976016044617e-02
-9.61994007229804993e-02
-2.18495801091194153e-02
-7.81256556510925293e-02
-1.09585411846637726e-01
-8.48492328077554703e-03
-6.75815492868423462e-02
2.63323150575160980e-02
-2.45935637503862381e-02
-1.26833096146583557e-02
5.86616247892379761e-02
1.85539200901985168e-02
7.11523219943046570e-02
1.07536725699901581e-02
1.22811399400234222e-01
-2.34831706620752811e-03
7.73100554943084717e-02
-1.15992873907089233e-01
7.46246948838233948e-02
3.93718369305133820e-02
-3.74606586992740631e-02
-7.24945962429046631e-02
2.99616474658250809e-02
4.24705781042575836e-02
8.43627974390983582e-02
5.02587892115116119e-02
-5.67761287093162537e-02
-8.82318466901779175e-02
2.91952099651098251e-02
-5.17080985009670258e-02
2.34038420021533966e-02
4.63711954653263092e-02
3.46319214440882206e-03
-1.15409418940544128e-01
6.13807067275047302e-02
-9.23618748784065247e-02
3.60277518630027771e-02
-4.44078408181667328e-02
1.20161637663841248e-01
2.77221649885177612e-02
-4.59461137652397156e-02
-2.45618913322687149e-03
-7.80949648469686508e-03
-2.27768234908580780e-02
9.51216816902160645e-02
-5.25315152481198311e-03
1.45096117630600929e-02
1.01418823003768921e-01
1.93926468491554260e-02
1.11659996211528778e-01
-6.76210075616836548e-02
7.56048336625099182e-02
6.77822604775428772e-02
-3.29214558005332947e-02
-3.46911437809467316e-02
-4.75967228412628174e-02
-1.13453157246112823e-01
-1.33895920589566231e-02
4.22759950160980225e-02
-4.27862815558910370e-02
-7.92002677917480469e-02
9.08199250698089600e-02
-8.82909074425697327e-02
-4.47431160137057304e-03
7.19002261757850647e-03
7.42805674672126770e-02
8.06242078542709351e-02
8.26238319277763367e-02
-7.79304802417755127e-02
-7.16776922345161438e-02
9.16306078433990479e-02
1.04669876396656036e-01
-7.67954587936401367e-02
-8.98209512233734131e-02
8.14031660556793213e-02
2.60196090675890446e-03
9.16917249560356140e-02
-5.83906434476375580e-02
1.56266450881958008e-01
-3.44749577343463898e-02
4.52436646446585655e-03
-1.05263076722621918e-01
6.15133643150329590e-02
9.62343513965606689e-02
-9.06654223799705505e-02
2.11763381958007812e-02
-7.70424827933311462e-02
6.08958154916763306e-02
-3.89701947569847107e-02
-5.11155910789966583e-02
4.93465550243854523e-02
5.91616928577423096e-02
1.00436352193355560e-01
-5.83063475787639618e-02
3.01440097391605377e-02
3.68718653917312622e-02
1.41152925789356232e-02
6.10887296497821808e-02
1.87079071998596191e-01
-7.38731175661087036e-02
5.64338788390159607e-02
-3.47582697868347168e-02
7.07326307892799377e-02
4.84739467501640320e-02
-5.42830340564250946e-02
5.98230995237827301e-02
-7.04612359404563904e-02
7.03993905335664749e-03
-6.93738609552383423e-02
-7.05703720450401306e-03
1.22350350022315979e-01
4.56959120929241180e-02
9.58940014243125916e-02
-1.43553733825683594e-01
1.06568567454814911e-01
-1.02330453693866730e-01
6.67364755645394325e-03
5.57439252734184265e-02
5.40612153708934784e-02
4.08745817840099335e-02
1.05310499668121338e-01
-1.63205862045288086e-01
-5.78609593212604523e-02
8.15092120319604874e-03
-1.63691602647304535e-02
4.54360693693161011e-02
-6.22283183038234711e-02
9.54371392726898193e-02
6.18896679952740669e-04
2.55885086953639984e-02
1.09531514346599579e-01
-6.48479163646697998e-02
4.90972399711608887e-02
-4.41914871335029602e-02
5.88963292539119720e-02
9.20449942350387573e-02
-1.64247471839189529e-02
8.00077542662620544e-02
1.38052748516201973e-02
-4.26962710916996002e-02
-1.89061556011438370e-02
-4.73920591175556183e-02
8.82823541760444641e-02
5.68160787224769592e-02
7.29918852448463440e-02
1.32538909092545509e-02
-1.07709560543298721e-02
-2.30921208858489990e-02
1.61566734313964844e-01
-2.40456014871597290e-02
1.56628280878067017e-01
3.25990915298461914e-02
-8.37602168321609497e-02
-3.93193624913692474e-02
-2.58332025259733200e-02
8.92792548984289169e-03
-6.84203505516052246e-02
-1.45966216921806335e-01
1.43108040094375610e-01
-3.30973900854587555e-02
3.39597240090370178e-02
-8.09041112661361694e-02
5.67500367760658264e-02
1.04192256927490234e-01
-2.45319642126560211e-02
4.07671704888343811e-02
-1.45767219364643097e-02
-5.36149777472019196e-02
5.06435520946979523e-02
-9.79637131094932556e-02
-1.74009744077920914e-02
-5.52786998450756073e-02
-1.18371792137622833e-01
-3.15306372940540314e-02
6.63603618741035461e-02
-4.97599355876445770e-02
-8.91956463456153870e-02
6.71195015311241150e-02
1.62965580821037292e-01
3.71131561696529388e-02
-1.97765566408634186e-02
2.70941015332937241e-03
1.27198100090026855e-02
-1.55759043991565704e-02
1.60608902573585510e-01
1.79076939821243286e-02
9.33011919260025024e-02
-7.14363455772399902e-02
4.27171774208545685e-02
-9.37796011567115784e-02
1.38760179281234741e-01
7.15399235486984253e-02
1.10922560095787048e-01
3.50855989381670952e-03
6.57664425671100616e-03
-2.94123888015747070e-02
6.70196563005447388e-02
1.01081855595111847e-01
8.40726718306541443e-02
8.72747972607612610e-02
4.49127852916717529e-02
-6.50149732828140259e-02
2.94397771358489990e-02
-3.87374199926853180e-02
-3.65247651934623718e-02
-5.67286498844623566e-02
9.48527082800865173e-02
-1.23470850288867950e-01
-7.24242851138114929e-02
9.33611616492271423e-02
1.21412105858325958e-01
7.71321654319763184e-02
-6.21399953961372375e-02
1.12445689737796783e-01
-4.39374428242444992e-03
-7.49034620821475983e-03
8.07389318943023682e-02
-2.63343118131160736e-02
-4.35224696993827820e-02
5.24345561861991882e-02
4.23696301877498627e-02
1.29877910017967224e-01
-5.88945820927619934e-02
-2.28807087987661362e-02
-3.12825315631926060e-03
-6.63605798035860062e-03
6.18982827290892601e-03
-7.60357221588492393e-03
-2.92277690023183823e-02
-1.86770837754011154e-02
-4.30879294872283936e-02
-8.88113752007484436e-02
5.87481167167425156e-03
-1.18869826197624207e-01
-7.06701446324586868e-03
-6.49961233139038086e-02
4.59286607801914215e-02
-1.02958962321281433e-01
-7.19680031761527061e-03
3.06736826896667480e-02
2.47755553573369980e-02
1.01729989051818848e-01
-2.30288431048393250e-02
-4.82430402189493179e-03
-3.38058657944202423e-02
3.39049547910690308e-02
6.98560476303100586e-02
6.17283135652542114e-02
6.86592143028974533e-03
-1.14799654111266136e-02
-1.00372619926929474e-01
-4.42733280360698700e-02
8.81168693304061890e-02
1.13189006224274635e-02
3.08604091405868530e-02
-1.44238844513893127e-02
4.65401075780391693e-02
-4.01806458830833435e-02
-8.47828090190887451e-02
1.15392521023750305e-01
-6.98189511895179749e-02
1.07277728617191315e-01
-7.54666626453399658e-02
-1.34337440133094788e-01
-2.31442730873823166e-02
1.05433262884616852e-01
-1.50284040719270706e-02
4.34296168386936188e-02
1.64376199245452881e-02
1.96218360215425491e-02
-3.98803912103176117e-02
9.04458295553922653e-03
-1.07783135026693344e-02
1.42825348302721977e-03
7.78143480420112610e-02
-3.77394515089690685e-03
1.77453905344009399e-02
-9.62941274046897888e-02
4.31208275258541107e-02
1.24395862221717834e-01
1.28619089722633362e-01
-8.13617035746574402e-02
-9.32112801820039749e-04
-1.95809118449687958e-02
5.59433102607727051e-02
-8.85854102671146393e-03
1.16850905120372772e-01
1.27411484718322754e-01
-4.92161512374877930e-02
5.86829520761966705e-02
-2.06228345632553101e-02
5.96600472927093506e-02
-1.33590213954448700e-02
2.53705121576786041e-02
2.76065599173307419e-02
-5.60030452907085419e-02
-6.22683949768543243e-02
-7.56783410906791687e-02
6.74610361456871033e-02
1.06087274849414825e-01
1.98857970535755157e-02
6.92941769957542419e-02
-5.38156703114509583e-02
-6.13915361464023590e-02
6.81903352960944176e-03
-3.77286598086357117e-02
1.29015490529127419e-04
3.83054763078689575e-02
-4.34360802173614502e-02
3.19881998002529144e-02
-3.94853204488754272e-02
1.19908843189477921e-02
-3.45809496939182281e-02
3.32439988851547241e-02
-5.10640591382980347e-02
1.16269364953041077e-01
8.37308540940284729e-02
-6.53146207332611084e-02
-5.95581904053688049e-02
2.43679843842983246e-02
-2.08099223673343658e-02
5.79810468479990959e-03
1.61032425239682198e-03
-6.26358576118946075e-03
4.70773838460445404e-02
4.40140813589096069e-02
1.73496361821889877e-02
1.14035708829760551e-02
1.23158656060695648e-02
-3.16467024385929108e-02
2.31083072721958160e-02
7.06573575735092163e-02
-8.07770993560552597e-03
-1.03958539664745331e-01
6.86310604214668274e-02
-1.38090819120407104e-01
4.74830307066440582e-02
6.37922510504722595e-02
-6.91333562135696411e-02
-1.87265351414680481e-02
4.26102578639984131e-02
3.23441997170448303e-02
1.07147306203842163e-01
-2.22328267991542816e-02
1.90667212009429932e-02
-8.54682326316833496e-02
-4.72957454621791840e-02
-4.01994772255420685e-03
6.96389600634574890e-02
9.59491282701492310e-02
-9.34446156024932861e-02
9.32258367538452148e-02
-8.36486294865608215e-02
-8.67182686924934387e-02
-3.37981339544057846e-03
3.74387092888355255e-02
4.24410328269004822e-02
-7.18981027603149414e-02
-7.87119567394256592e-02
8.53321701288223267e-02
6.14073611795902252e-02
5.35984477028250694e-03
-6.48366361856460571e-02
3.86714339256286621e-02
4.79965396225452423e-02
8.18564221262931824e-02
2.70698722451925278e-02
-6.15231785923242569e-03
-1.02998532354831696e-01
8.61030220985412598e-02
2.96311546117067337e-02
-2.11718101054430008e-02
-2.55125332623720169e-02
-3.29030714929103851e-02
-2.95246206223964691e-03
5.27791865170001984e-02
1.94376930594444275e-02
-1.10424190759658813e-01
8.17470327019691467e-02
-1.08603648841381073e-01
-8.84499251842498779e-02
-7.69052878022193909e-02
-5.89585937559604645e-02
-6.41959011554718018e-02
1.05183413252234459e-02
-1.18225075304508209e-01
-4.99898307025432587e-02
-4.64398674666881561e-02
-1.90653856843709946e-02
-1.61632597446441650e-01
-2.70335702225565910e-03
-7.55142271518707275e-02
8.24479907751083374e-02
-9.86278429627418518e-02
6.99432566761970520e-02
9.65035185217857361e-02
9.98508464545011520e-03
9.17068449780344963e-04
3.08554079383611679e-02
-7.14316740632057190e-02
5.46240946277976036e-03
-5.21689839661121368e-03
7.70001411437988281e-02
-2.06229966133832932e-02
-4.90315146744251251e-02
2.02727410942316055e-02
-1.19848258793354034e-01
-6.26126080751419067e-02
-5.60434870421886444e-02
-4.63537871837615967e-02
7.96962603926658630e-02
-3.84370982646942139e-02
3.86051386594772339e-02
-1.04349255561828613e-02
1.08101584017276764e-01
7.11186677217483521e-02
6.54454622417688370e-03
-1.01313386112451553e-02
-2.42398995906114578e-02
1.13705925643444061e-01
3.61615270376205444e-02
3.47489453852176666e-02
-9.64798182249069214e-02
-1.73680726438760757e-02
7.33738392591476440e-02
5.30128553509712219e-02
-2.05938220024108887e-02
-1.84439793229103088e-02
8.37861150503158569e-02
-8.72054044157266617e-03
-6.14359192550182343e-02
-6.03492110967636108e-02
1.10749192535877228e-02
-8.01642239093780518e-02
7.01144188642501831e-02
-2.54941661842167377e-03
-1.32838366553187370e-02
8.68563801050186157e-02
2.51638535410165787e-02
-6.00701756775379181e-02
7.50923082232475281e-02
-1.69591605663299561e-02
1.12654771655797958e-02
7.97270536422729492e-02
-7.12364688515663147e-02
5.83140663802623749e-02
2.97737196087837219e-02
5.92326186597347260e-03
4.86541315913200378e-02
1.10947936773300171e-02
-2.08773650228977203e-02
-5.48701658844947815e-02
-4.07170839607715607e-02
9.82782840728759766e-02
1.05523400008678436e-01
3.58581542968750000e-02
3.43864709138870239e-02
3.87350171804428101e-02
1.14332474768161774e-01
2.59584356099367142e-02
6.71344101428985596e-02
-7.70434318110346794e-03
1.51550974696874619e-02
-4.99159358441829681e-02
-3.60238738358020782e-02
-2.48744357377290726e-02
-8.40933099389076233e-02
2.43632104247808456e-02
7.46242254972457886e-02
1.13034248352050781e-02
-9.68351066112518311e-02
1.01357936859130859e-01
9.89449620246887207e-02
3.02198603749275208e-02
-9.87478047609329224e-02
3.86652839370071888e-03
7.10517391562461853e-02
-5.68106099963188171e-02
2.43332814425230026e-02
8.69407132267951965e-02
8.39970335364341736e-02
5.40783070027828217e-02
1.19324937462806702e-01
-1.04472331702709198e-01
1.13956555724143982e-01
-6.22632615268230438e-02
-2.38902661949396133e-02
4.54044416546821594e-02
-2.80083809047937393e-02
-6.88118338584899902e-02
2.69853156059980392e-02
8.26311483979225159e-02
-3.15131284296512604e-02
-4.83572818338871002e-02
4.92363795638084412e-02
3.05660236626863480e-02
-2.20464691519737244e-02
-3.32291834056377411e-02
3.50654907524585724e-02
4.61237765848636627e-02
-1.17343463003635406e-01
1.63795668631792068e-02
1.94486510008573532e-02
-2.61181360110640526e-03
6.23825266957283020e-02
7.21486434340476990e-02
7.02107250690460205e-02
7.50730782747268677e-02
-1.01470626890659332e-01
-1.07275992631912231e-02
-4.28524054586887360e-02
-6.25278940424323082e-03
-2.67461165785789490e-02
3.02575230598449707e-02
-3.64327915012836456e-02
3.94391976296901703e-02
4.73214983940124512e-02
-4.29362431168556213e-02
-2.97000315040349960e-02
-3.72322648763656616e-02
-8.77332314848899841e-02
9.02987793087959290e-02
-8.32590162754058838e-02
7.90443047881126404e-02
-5.26901967823505402e-02
-5.16825094819068909e-02
-6.13787695765495300e-02
-1.06647029519081116e-01
6.29004538059234619e-02
-4.60700765252113342e-02
5.35164307802915573e-03
-6.48101717233657837e-02
-4.69068670645356178e-03
-4.43161502480506897e-02
8.18859934806823730e-02
-1.24006077647209167e-01
2.73946989327669144e-02
5.23513555526733398e-02
-3.45635972917079926e-02
2.82401498407125473e-03
7.55008608102798462e-02
1.43168941140174866e-01
1.71148660592734814e-03
-8.95693823695182800e-02
-5.35523518919944763e-02
-3.33275571465492249e-02
5.09610734879970551e-02
-1.13460801541805267e-01
-9.68588516116142273e-02
-3.87890934944152832e-02
-1.62771582603454590e-01
-7.79803283512592316e-03
1.57791115343570709e-02
-6.69992640614509583e-02
-3.33910509943962097e-02
2.91831307113170624e-02
-2.78381388634443283e-02
1.22660128399729729e-02
-1.00172810256481171e-01
1.72277502715587616e-02
-6.18528574705123901e-02
-3.93249802291393280e-02
-3.86948585510253906e-02
1.50431571528315544e-02
-3.17181721329689026e-02
1.06583215296268463e-01
6.22961446642875671e-02
4.13989648222923279e-02
-6.10942989587783813e-02
5.48836365342140198e-02
7.84481242299079895e-02
-1.17331985384225845e-02
-2.25834571756422520e-03
-7.33036547899246216e-02
1.18315175175666809e-01
-7.44558051228523254e-02
1.58252060413360596e-01
-1.11752599477767944e-01
-5.51310852169990540e-02
1.00820166990160942e-02
5.45616298913955688e-02
4.90234568715095520e-02
-5.86058422923088074e-02
5.64546547830104828e-02
-3.14901545643806458e-02
-6.65218755602836609e-02
7.11556971073150635e-02
4.30187098681926727e-02
-9.42190177738666534e-03
-1.37109737843275070e-02
6.92032948136329651e-02
4.16059307754039764e-02
-6.75326064229011536e-02
5.84290064871311188e-02
6.42350241541862488e-02
-2.89673395454883575e-02
5.50199225544929504e-02
-3.82938347756862640e-02
-1.81697800755500793e-01
3.04349139332771301e-02
2.69269160926342010e-02
6.13562986254692078e-02
-1.22252665460109711e-01
-9.22105386853218079e-02
-2.92638503015041351e-03
2.14292686432600021e-02
-4.84762080013751984e-02
-7.96189233660697937e-02
-3.37012857198715210e-02
-5.88182322680950165e-02
5.91997429728507996e-02
8.05794745683670044e-02
6.97553157806396484e-02
1.22832231223583221e-01
1.49717293679714203e-02
-2.75176074355840683e-02
-8.82534980773925781e-02
-6.72964155673980713e-02
-8.29411074519157410e-02
3.74615639448165894e-02
-7.48640075325965881e-02
5.52180483937263489e-02
-4.19562533497810364e-02
-5.27372099459171295e-02
-7.85009935498237610e-03
-4.84177879989147186e-02
4.39293347299098969e-02
-4.67423116788268089e-03
-9.65981110930442810e-02
-7.72000998258590698e-02
6.10107593238353729e-02
2.13981792330741882e-02
-4.17596660554409027e-02
9.35682505369186401e-02
-4.96121868491172791e-02
4.20675016939640045e-02
-2.82826032489538193e-02
-5.95133043825626373e-02
2.54870504140853882e-02
3.96748706698417664e-02
-5.22033981978893280e-02
-2.70284954458475113e-02
1.19782481342554092e-02
6.74422383308410645e-02
7.76134729385375977e-02
-6.95041567087173462e-02
-6.51641860604286194e-02
-3.56166511774063110e-02
-7.52287805080413818e-02
-6.19519464671611786e-02
-3.00785414874553680e-02
2.28964313864707947e-02
-8.02602916955947876e-02
8.10883641242980957e-02
1.05944275856018066e-01
1.17010846734046936e-01
7.55870938301086426e-02
6.87875896692276001e-02
-9.51550602912902832e-02
5.15714026987552643e-02
-1.01597264409065247e-01
5.37331169471144676e-03
1.45891278982162476e-01
2.02911049127578735e-02
1.08091458678245544e-02
-5.47932572662830353e-02
-9.11323130130767822e-02
-1.73287966754287481e-03
4.11484949290752411e-02
-2.73111313581466675e-02
3.31291332840919495e-02
1.41181824728846550e-02
4.01609763503074646e-02
4.01761233806610107e-02
-8.04546698927879333e-02
4.65968064963817596e-02
-1.14414123818278313e-02
6.67058378458023071e-02
4.77549107745289803e-03
9.96504724025726318e-02
-2.29223556816577911e-02
4.34572137892246246e-02
4.36219424009323120e-02
-9.51481088995933533e-02
1.07395179569721222e-01
6.36726170778274536e-02
5.43484240770339966e-02
-4.62442710995674133e-02
-2.92464680969715118e-02
5.17570637166500092e-02
4.27690073847770691e-02
-1.01506017148494720e-01
-7.14162364602088928e-02
7.04238489270210266e-02
6.41411691904067993e-02
-1.91997177898883820e-02
-8.53546336293220520e-02
-2.01162546873092651e-02
1.01772218942642212e-01
1.04648955166339874e-01
-4.62177358567714691e-02
-6.93845748901367188e-02
8.17483887076377869e-02
8.88512358069419861e-02
-3.15093025565147400e-02
-7.20046926289796829e-03
6.86645135283470154e-02
1.69969592243432999e-02
-7.64245167374610901e-02
-2.88575887680053711e-02
-1.03538654744625092e-01
5.06951510906219482e-02
6.72869309782981873e-02
-2.58295927196741104e-02
5.51217570900917053e-02
-5.13366721570491791e-02
8.98229926824569702e-02
-3.49212512373924255e-02
-7.74329230189323425e-02
5.25727756321430206e-02
-3.62753421068191528e-02
3.68909165263175964e-02
3.51175181567668915e-02
2.40716505795717239e-02
1.21634872630238533e-02
4.25781086087226868e-02
6.30645677447319031e-02
-6.02497346699237823e-02
-9.03428625315427780e-03
-5.26584573090076447e-02
2.99141481518745422e-02
2.73116901516914368e-02
5.44072873890399933e-02
-1.34578170254826546e-02
-2.25624479353427887e-02
3.16406488418579102e-02
-8.22478607296943665e-02
-1.07965663075447083e-01
-4.74757440388202667e-02
-5.60480281710624695e-02
-2.99471765756607056e-02
6.38984441757202148e-02
1.09357405453920364e-02
3.73689904808998108e-02
-9.09725390374660492e-03
7.21047911792993546e-03
7.62973651289939880e-02
6.11660256981849670e-02
-3.73546332120895386e-02
9.95601862668991089e-02
-2.74848919361829758e-02
1.31754979491233826e-01
7.12674036622047424e-02
-2.35277209430932999e-02
-5.87447024881839752e-02
-4.17535975575447083e-02
-8.21099132299423218e-02
-1.17085315287113190e-01
-8.65598171949386597e-02
3.47346141934394836e-02
5.53636811673641205e-03
1.00908339023590088e-01
-9.25549641251564026e-02
6.73493221402168274e-02
-2.28824838995933533e-02
-3.83659116923809052e-02
-1.02572478353977203e-01
2.84183323383331299e-02
-4.37769144773483276e-02
-5.05174621939659119e-02
-4.91421595215797424e-02
-4.60176207125186920e-02
-1.09658762812614441e-01
-1.30931269377470016e-02
-3.76501753926277161e-02
2.17735301703214645e-02
-3.30700352787971497e-02
-6.80234357714653015e-02
-4.41825389862060547e-02
3.80764566361904144e-02
-1.37922093272209167e-01
7.06292986869812012e-02
-8.81632119417190552e-02
3.92127297818660736e-02
-2.11623199284076691e-02
-6.94661736488342285e-02
-8.48746597766876221e-02
-5.46877011656761169e-02
6.54562413692474365e-02
4.20065484941005707e-02
4.22234013676643372e-02
1.27020716667175293e-01
2.26249787956476212e-02
4.99248020350933075e-02
1.88626423478126526e-02
-2.70688235759735107e-02
-4.91478014737367630e-03
3.40481288731098175e-02
-8.68978500366210938e-02
-3.57042253017425537e-02
-1.15865152329206467e-02
2.59188823401927948e-02
2.29779928922653198e-02
3.62997390329837799e-02
7.33641833066940308e-02
2.70289182662963867e-02
5.19016534090042114e-02
-1.82509105652570724e-02
5.03463223576545715e-02
-5.36033995449542999e-02
-4.91384454071521759e-02
-9.16560143232345581e-02
-5.59117197990417480e-02
5.68336807191371918e-02
-2.72339452058076859e-02
1.92201659083366394e-02
-8.09312909841537476e-02
2.44849715381860733e-02
6.34939596056938171e-02
-2.06715539097785950e-02
-8.92169773578643799e-02
1.07166729867458344e-01
2.71977577358484268e-02
-1.05115547776222229e-01
2.80158985406160355e-02
-2.12698020040988922e-02
-6.70957490801811218e-02
-4.85881865024566650e-02
6.31728116422891617e-03
-2.62646749615669250e-03
-1.11478351056575775e-01
1.64412055164575577e-02
-2.52529121935367584e-02
-8.12143683433532715e-02
-1.23018138110637665e-02
-5.70787042379379272e-02
4.38150018453598022e-02
-1.00377380847930908e-01
-7.40948319435119629e-02
-7.41780996322631836e-02
-8.20610225200653076e-02
-6.82599321007728577e-02
-8.50415229797363281e-02
-6.78282156586647034e-02
-1.37982121668756008e-03
4.62827719748020172e-02
-8.18478465080261230e-02
2.96642482280731201e-02
-7.11731538176536560e-02
-2.14086137712001801e-02
-3.65487150847911835e-02
7.38315051421523094e-04
4.08336855471134186e-02
-3.26040945947170258e-02
4.80978451669216156e-02
4.36076261103153229e-02
3.94515618681907654e-02
6.84555098414421082e-02
9.43188933888450265e-06
-6.72106863930821419e-03
7.79855065047740936e-03
-6.17804862558841705e-02
-1.03551130741834641e-02
-1.74772005993872881e-03
3.52024994790554047e-02
-1.43858343362808228e-01
-6.94372504949569702e-03
1.29106426611542702e-02
3.60938459634780884e-02
8.45509171485900879e-02
-5.34656494855880737e-02
-2.61066015809774399e-02
9.08563509583473206e-02
-5.53549341857433319e-02
-2.56833573803305626e-03
-2.78301853686571121e-02
4.01785410940647125e-02
-6.01296639069914818e-03
-1.01839207112789154e-01
3.90919446945190430e-02
2.33671404421329498e-02
7.29206204414367676e-02
7.96082168817520142e-02
-1.38849154114723206e-01
1.58480722457170486e-02
4.93660457432270050e-02
8.85832402855157852e-03
-3.48831415176391602e-02
7.87417739629745483e-02
6.34510666131973267e-02
1.27523783594369888e-02
-1.24852443113923073e-02
-3.58865596354007721e-02
-1.70821230858564377e-02
-8.00233185291290283e-02
-8.15039724111557007e-02
1.32019426673650742e-02
-1.97825599461793900e-02
2.15784665197134018e-02
-2.12738290429115295e-03
2.61544901877641678e-02
-2.17986032366752625e-02
-1.09267765656113625e-02
-3.99373844265937805e-02
-1.03389509022235870e-01
3.63042391836643219e-02
-7.14267715811729431e-02
9.61946323513984680e-03
4.62466292083263397e-02
-2.37616105005145073e-03
1.23222768306732178e-02
-1.09186671674251556e-01
-3.51832881569862366e-02
1.10329359769821167e-01
3.66358049213886261e-02
-4.26818989217281342e-02
-5.76982572674751282e-02
-7.10691437125205994e-02
-4.86665852367877960e-02
4.82152476906776428e-02
-4.14337143301963806e-02
1.18273705244064331e-01
-2.58989799767732620e-02
-1.47002059966325760e-02
1.12344972789287567e-01
-9.55334976315498352e-02
-5.58915175497531891e-02
-5.27483113110065460e-02
1.46395890042185783e-02
5.90784549713134766e-02
1.45305297337472439e-03
4.97787743806838989e-02
1.02391382679343224e-02
-8.07728432118892670e-03
-3.05223818868398666e-02
-2.43041217327117920e-02
3.30471992492675781e-02
-9.26020815968513489e-02
-1.30368741229176521e-02
6.84797242283821106e-02
-1.85983497649431229e-02
-4.23078611493110657e-03
-1.58927007578313351e-03
-4.11189347505569458e-02
3.73769067227840424e-02
-1.53963983058929443e-01
-4.33745272457599640e-02
5.23186475038528442e-02
-2.84619517624378204e-02
2.96949595212936401e-02
-3.64885404706001282e-02
2.11601071059703827e-02
6.81557878851890564e-02
-2.34746970236301422e-02
5.21186403930187225e-02
8.69456678628921509e-02
-4.99178282916545868e-02
1.28586441278457642e-01
-1.02561108767986298e-01
-1.32138663902878761e-02
5.54996654391288757e-02
2.64103356748819351e-02
-5.57688251137733459e-02
7.82702676951885223e-03
3.62412519752979279e-02
1.41473263502120972e-01
-1.70097872614860535e-01
-2.75142434984445572e-02
4.36087176203727722e-02
1.55772978905588388e-03
6.74175024032592773e-02
2.47030016034841537e-02
1.25021338462829590e-01
-2.62403748929500580e-02
-8.13118815422058105e-02
-8.67454782128334045e-02
1.04295261204242706e-01
-6.13803304731845856e-02
-9.51324589550495148e-03
-4.94315400719642639e-02
4.58990260958671570e-02
-7.97931849956512451e-02
-7.47542455792427063e-02
-1.55705977231264114e-02
-1.08325503766536713e-01
-4.10508811473846436e-02
2.41387505084276199e-02
4.45904061198234558e-02
-1.44147956743836403e-02
6.37173280119895935e-02
-5.08270859718322754e-02
3.92046384513378143e-02
-3.42342257499694824e-02
-2.49208454042673111e-02
4.41163182258605957e-02
8.29930528998374939e-02
-3.47458533942699432e-02
-5.25372102856636047e-02
1.16527481004595757e-02
-8.05134177207946777e-02
7.04420059919357300e-02
6.80030584335327148e-02
2.56622359156608582e-02
-6.12679235637187958e-02
1.10454760491847992e-01
-4.88830246031284332e-02
5.65447611734271049e-03
-9.30859446525573730e-02
1.09386160969734192e-01
5.42048998177051544e-02
-7.31926485896110535e-02
4.82814796268939972e-02
8.82225930690765381e-02
-6.94459257647395134e-03
3.94059196114540100e-02
-1.39543768018484116e-02
-4.78075481951236725e-02
-5.74280321598052979e-02
7.95551016926765442e-02
-5.46542480587959290e-02
8.27836915850639343e-02
-7.61400386691093445e-02
8.47562327980995178e-02
-2.34043095260858536e-02
5.55107668042182922e-02
-2.29123942553997040e-02
5.32105891034007072e-03
1.03840485215187073e-01
1.22893098741769791e-02
1.14780114963650703e-02
-5.28359748423099518e-02
-5.60626499354839325e-02
5.20064495503902435e-02
5.24625964462757111e-02
-6.00099377334117889e-02
-2.42179669439792633e-02
-8.67349803447723389e-02
2.03645955771207809e-02
-6.34882897138595581e-02
5.08849043399095535e-03
-4.35841158032417297e-02
-3.98154333233833313e-02
9.09923091530799866e-02
-5.90636059641838074e-02
-1.06708660721778870e-01
3.91025543212890625e-02
-4.65546399354934692e-02
-8.56331549584865570e-03
-5.84236457943916321e-02
-9.30137112736701965e-02
6.00623302161693573e-02
3.96353155374526978e-02
8.54013860225677490e-03
-9.40525308251380920e-02
-7.77428224682807922e-02
-3.13167534768581390e-02
6.60497769713401794e-02
-6.03891797363758087e-02
7.86778628826141357e-02
-4.81840502470731735e-03
4.95215579867362976e-02
3.79124991595745087e-02
2.62407325208187103e-02
-4.75444644689559937e-02
-4.01378795504570007e-03
4.06859032809734344e-02
2.55231149494647980e-02
-8.27632471919059753e-02
6.99592456221580505e-02
2.41807345300912857e-02
-6.47548437118530273e-02
-9.06212534755468369e-03
-2.25252006202936172e-02
2.59506329894065857e-02
-1.16329481825232506e-02
1.02902762591838837e-02
1.64268948137760162e-02
8.46875458955764771e-03
-4.82169687747955322e-02
1.14493250846862793e-01
1.49017155170440674e-01
-6.29770606756210327e-02
-8.26050862669944763e-02
2.04305648803710938e-02
-5.84564283490180969e-02
-4.03912086039781570e-03
-4.57951016724109650e-02
2.01285053044557571e-02
-5.34198321402072906e-02
-4.99282730743288994e-03
-6.85270354151725769e-02
3.98387238383293152e-02
7.75972334668040276e-03
6.71636089682579041e-02
1.98739022016525269e-02
-4.94430661201477051e-02
-1.26549303531646729e-01
-1.33099019527435303e-01
-1.24017015099525452e-01
7.00250491499900818e-02
-6.63468763232231140e-02
2.41224765777587891e-02
1.09410494565963745e-01
3.39541547000408173e-02
1.07684759423136711e-02
4.70169335603713989e-02
2.15844530612230301e-02
-8.94759024959057570e-04
-3.63069064915180206e-02
9.28698256611824036e-02
1.35705678258091211e-03
2.08863113075494766e-02
1.37616440653800964e-01
5.81565015017986298e-02
-9.05436649918556213e-03
1.99031252413988113e-02
-7.78279304504394531e-02
-3.83528396487236023e-02
9.36378687620162964e-02
-4.96676973998546600e-02
1.38979405164718628e-01
5.76903149485588074e-02
-1.30585040897130966e-02
-7.04671815037727356e-02
-7.71908238530158997e-02
1.21023677289485931e-01
4.67051612213253975e-03
2.88994866423308849e-03
-1.29163831472396851e-01
-6.13266862928867340e-02
1.05024918913841248e-01
5.85830472409725189e-02
2.75518000125885010e-02
6.44795298576354980e-02
-7.03742429614067078e-02
7.98241980373859406e-03
1.50898518040776253e-02
-4.45319805294275284e-03
-2.09220740944147110e-02
4.41297627985477448e-02
-4.91876043379306793e-02
-4.52750995755195618e-02
7.84033834934234619e-02
-6.71979635953903198e-02
-3.86406183242797852e-02
1.23980134725570679e-01
5.64691610634326935e-02
8.97991731762886047e-02
2.51611024141311646e-02
-9.03346166014671326e-02
-3.24153639376163483e-02
-8.94508976489305496e-03
2.48215515166521072e-02
1.60395856946706772e-02
3.89804542064666748e-02
-1.32206454873085022e-01
6.96653127670288086e-02
3.84595468640327454e-02
5.98845295608043671e-02
-5.63284531235694885e-02
-3.67840677499771118e-02
6.73269405961036682e-02
1.06663089245557785e-02
8.23805704712867737e-02
1.69938150793313980e-02
-2.66007632017135620e-02
1.25902127474546432e-02
7.67228081822395325e-02
2.49441191554069519e-02
-5.63813783228397369e-02
-5.17106875777244568e-02
-1.19523098692297935e-02
5.26722930371761322e-02
-7.17387646436691284e-02
1.28329709172248840e-01
1.00666172802448273e-01
4.86916638910770416e-02
1.06647409498691559e-01
-1.63014218211174011e-01
-1.27492889761924744e-01
-3.98028083145618439e-02
4.86378744244575500e-02
-3.85480141267180443e-03
-4.33362387120723724e-02
-1.41118451952934265e-01
-1.19497887790203094e-01
-8.86206626892089844e-02
-7.14217945933341980e-02
-4.68425415456295013e-02
9.32970419526100159e-02
-2.92221121490001678e-02
8.88582319021224976e-02
1.65731385350227356e-02
-8.86073336005210876e-02
2.14496254920959473e-03
-3.60469287261366844e-03
-6.93622529506683350e-02
-9.67060029506683350e-02
9.12765860557556152e-02
-1.24660246074199677e-01
2.26589478552341461e-02
-1.77445560693740845e-02
-7.44401291012763977e-02
2.46408600360155106e-02
-6.42836540937423706e-02
-4.52216826379299164e-02
2.04433985054492950e-02
1.24180197715759277e-01
-2.65078376978635788e-02
-6.73450354952365160e-04
1.40036016702651978e-01
3.45818586647510529e-02
-2.74756755679845810e-02
-1.21230240911245346e-02
2.43429969996213913e-02
-1.11002504825592041e-01
7.86176249384880066e-02
7.50697329640388489e-02
2.36512999981641769e-02
7.55376443266868591e-02
7.59628117084503174e-02
5.67203480750322342e-03
3.50635498762130737e-02
7.91273415088653564e-02
3.16886194050312042e-02
6.59213513135910034e-02
9.02052745223045349e-02
5.05077727138996124e-02
-7.10909813642501831e-02
2.81406566500663757e-02
1.46392717957496643e-01
9.94452387094497681e-02
8.90752896666526794e-02
1.92948374897241592e-02
1.03739261627197266e-01
4.36088405549526215e-02
-2.61549912393093109e-02
2.41036769002676010e-02
8.31497311592102051e-02
-4.98643219470977783e-02
-2.90065892040729523e-02
3.83872948586940765e-02
-1.61081869155168533e-02
-3.58606725931167603e-02
-3.75955328345298767e-02
7.07744061946868896e-02
-6.48539438843727112e-02
2.93997544795274734e-02
6.51262626051902771e-02
5.23313805460929871e-02
8.00792500376701355e-02
5.59608377516269684e-02
-2.49867234379053116e-02
4.47099395096302032e-02
1.22601259499788284e-02
-2.70482972264289856e-02
-2.06396616995334625e-02
4.11283858120441437e-02
5.93657940626144409e-02
-1.61217488348484039e-02
4.38300967216491699e-02
-2.05367784947156906e-02
-2.74339299649000168e-02
4.78754043579101562e-02
1.00762613117694855e-01
-2.16554081998765469e-03
1.19169898331165314e-01
4.96589392423629761e-02
-5.29041253030300140e-02
-7.53109231591224670e-02
-4.10218238830566406e-02
6.13810420036315918e-02
3.43014560639858246e-02
-5.79059273004531860e-02
-5.69360703229904175e-02
-1.05151906609535217e-02
3.06599196046590805e-02
3.71320210397243500e-02
1.22609823942184448e-01
-6.10273852944374084e-02
6.32626339793205261e-02
-6.99146986007690430e-02
8.17883983254432678e-02
1.09804570674896240e-02
9.04250666499137878e-02
8.15266445279121399e-02
-4.10451889038085938e-02
5.35841006785631180e-03
-3.72954607009887695e-02
1.77799761295318604e-02
-4.64705824851989746e-02
-4.79138316586613655e-03
-6.17107003927230835e-02
5.00649996101856232e-02
6.56366944313049316e-02
7.83670134842395782e-03
-1.49139529094099998e-02
-7.00409486889839172e-02
-9.43942219018936157e-02
-7.69646167755126953e-02
-7.97164887189865112e-02
-6.99315965175628662e-02
3.88403981924057007e-02
-6.95110559463500977e-02
3.09092402458190918e-02
5.40511421859264374e-02
1.68876373209059238e-03
7.13824387639760971e-03
6.08144812285900116e-02
-8.05334523320198059e-02
7.23218992352485657e-02
8.93867090344429016e-02
1.00515462458133698e-01
-4.44130264222621918e-02
6.53374344110488892e-02
-3.71298044919967651e-02
2.56585069000720978e-02
8.12440961599349976e-02
2.39781681448221207e-02
2.56759077310562134e-02
-4.62988615036010742e-02
-2.12286338210105896e-02
6.43750503659248352e-02
-6.36420696973800659e-02
2.24027708172798157e-02
-1.42939798533916473e-02
-4.34993617236614227e-02
-9.77799966931343079e-02
-4.69788536429405212e-02
-4.61595803499221802e-02
8.96477978676557541e-03
4.23530042171478271e-02
-8.37438032031059265e-02
-3.64569015800952911e-02
-9.78725105524063110e-02
5.66203184425830841e-02
-9.37273427844047546e-02
-1.17229958996176720e-02
-1.72779299318790436e-02
-6.18803426623344421e-02
6.63515925407409668e-02
3.76693829894065857e-02
5.33601604402065277e-02
5.97262978553771973e-02
-4.57693114876747131e-02
4.47161085903644562e-02
5.67623004317283630e-02
-1.24082788825035095e-02
-1.64454802870750427e-03
-9.23964846879243851e-03
-8.43450725078582764e-02
7.85818975418806076e-03
-7.25499959662556648e-03
-6.76511898636817932e-02
6.21371529996395111e-02
-8.13870653510093689e-02
-2.94439904391765594e-02
5.59206120669841766e-02
2.54357252269983292e-02
5.35721816122531891e-02
-7.79739231802523136e-04
-1.01341366767883301e-01
-6.58903867006301880e-02
-3.67643609642982483e-02
-6.63120523095130920e-02
-4.62434999644756317e-02
-4.57382537424564362e-02
8.22299122810363770e-02
8.00568386912345886e-02
3.24768908321857452e-02
-6.75947740674018860e-02
-6.00976347923278809e-02
9.60152670741081238e-02
1.14824539050459862e-02
1.78088545799255371e-02
-3.48813124001026154e-02
-5.21738715469837189e-02
1.99347957968711853e-02
-1.58457253128290176e-02
3.16417738795280457e-02
-2.11589094251394272e-02
-1.03554680943489075e-01
-7.07685574889183044e-02
-1.26391083002090454e-01
9.83078628778457642e-02
3.18144224584102631e-02
7.14317262172698975e-02
8.97561535239219666e-02
4.21454310417175293e-02
2.79253302142024040e-03
8.92780125141143799e-02
-1.15608423948287964e-02
-1.17130056023597717e-01
6.59309551119804382e-02
-5.73469661176204681e-02
-7.42625966668128967e-02
-4.22732830047607422e-02
1.35171413421630859e-02
8.18523615598678589e-02
-7.39363655447959900e-02
-8.15131887793540955e-02
-5.83386756479740143e-02
-6.50707110762596130e-02
8.31016302108764648e-02
4.42705070599913597e-03
7.55773782730102539e-02
3.31843271851539612e-02
7.46065750718116760e-02
-2.06900723278522491e-02
2.78728287667036057e-02
4.15816009044647217e-02
6.10107108950614929e-02
-9.54200476408004761e-02
-6.83505833148956299e-03
7.13752433657646179e-02
-3.29626984894275665e-02
-1.09966605901718140e-01
-9.14743617177009583e-02
-2.71809436380863190e-02
2.14737895876169205e-02
-2.58774007670581341e-03
4.19977940618991852e-02
3.71640436351299286e-02
-5.03770709037780762e-02
3.84329142980277538e-03
9.75253582000732422e-02
4.52271029353141785e-02
-4.36027646064758301e-02
-8.62963795661926270e-02
3.41194346547126770e-02
2.73958854377269745e-02
1.73609741032123566e-02
-1.01490758359432220e-01
9.16403681039810181e-02
5.22201098501682281e-02
-1.14348560571670532e-01
1.38732204213738441e-02
-7.02425977215170860e-03
9.36048254370689392e-02
9.26090702414512634e-02
-9.60853509604930878e-03
-3.21462154388427734e-02
-8.50866585969924927e-02
-1.08819724991917610e-02
6.08940869569778442e-02
-1.83736924082040787e-02
5.72444535791873932e-02
7.30170384049415588e-02
-7.00635164976119995e-02
1.49088697507977486e-02
-3.33693102002143860e-02
4.60084527730941772e-04
1.93635411560535431e-02
-3.38732544332742691e-03
6.82802498340606689e-02
8.23333337903022766e-02
1.68825704604387283e-02
-3.03496923297643661e-02
-5.05046173930168152e-02
5.37323169410228729e-02
5.93213364481925964e-03
1.08514226973056793e-01
-1.06791384518146515e-01
-7.81339406967163086e-02
-8.55718553066253662e-02
5.67607246339321136e-02
9.12318304181098938e-02
4.49016503989696503e-03
-9.22347605228424072e-02
1.11714294180274010e-02
-6.29845559597015381e-02
3.72126959264278412e-02
-9.22569856047630310e-02
3.48222553730010986e-02
4.13712784647941589e-02
3.07063143700361252e-02
-6.26494437456130981e-02
5.20078651607036591e-02
3.64157706499099731e-02
2.32994370162487030e-02
-7.05506503582000732e-02
8.14185291528701782e-02
-9.49968770146369934e-03
-5.06500974297523499e-02
-4.65637035667896271e-02
-4.68101305887103081e-03
1.66233405470848083e-01
4.79280315339565277e-02
-4.23152139410376549e-03
1.00639432668685913e-01
-8.45346599817276001e-02
1.48973492905497551e-02
-3.22867557406425476e-03
-3.66829056292772293e-03
-7.97470137476921082e-02
5.55323734879493713e-02
-9.76477935910224915e-03
1.71547532081604004e-02
5.35093210637569427e-02
7.70468860864639282e-02
8.44413414597511292e-02
-1.46424900740385056e-02
-3.37236723862588406e-03
4.27472814917564392e-02
-1.20229974389076233e-01
-5.87513186037540436e-02
-2.17221565544605255e-02
1.12205825746059418e-01
1.36434912681579590e-01
-6.96733668446540833e-02
7.40869790315628052e-02
-1.31607994437217712e-01
8.77195596694946289e-02
-8.15280750393867493e-02
9.36742126941680908e-03
-3.72432768344879150e-02
1.40894930809736252e-02
8.78253057599067688e-02
2.11487710475921631e-02
4.27728109061717987e-02
3.18764746189117432e-02
4.70215640962123871e-02
8.03306475281715393e-02
-6.38418793678283691e-02
1.16830080747604370e-01
1.00497335195541382e-01
6.44310042262077332e-02
3.32050547003746033e-02
-4.81642298400402069e-02
-7.12085738778114319e-02
-1.08134001493453979e-02
-3.04274801164865494e-02
-1.02406339719891548e-02
-1.54201304540038109e-02
3.08281909674406052e-02
-8.84963423013687134e-02
-3.77928763628005981e-02
7.75076262652873993e-03
4.30523902177810669e-02
-4.50953096151351929e-02
2.33667101711034775e-02
5.85736706852912903e-03
2.04394664615392685e-02
2.20820400863885880e-02
-1.49128343909978867e-02
3.77344265580177307e-02
-9.08271297812461853e-02
-1.23292043805122375e-01
1.04992195963859558e-01
1.45002052187919617e-01
1.95357520133256912e-02
9.44133475422859192e-02
7.05943778157234192e-02
1.10344745218753815e-01
5.72164244949817657e-02
-4.83366958796977997e-02
-1.43953353166580200e-01
-1.50387305766344070e-02
-4.31351177394390106e-02
7.26922675967216492e-02
1.26007586717605591e-01
-6.24051094055175781e-02
-1.00180439651012421e-01
6.95846229791641235e-02
-2.91436146944761276e-02
-8.53177160024642944e-02
-7.30490460991859436e-02
-8.03169235587120056e-03
-3.66879254579544067e-02
6.78851008415222168e-02
-8.64044874906539917e-02
-4.83935549855232239e-02
6.98674190789461136e-03
5.91272190213203430e-02
1.33981049060821533e-01
-9.26355570554733276e-02
-2.32085306197404861e-02
1.79819520562887192e-02
-7.23184570670127869e-02
5.27349393814802170e-03
8.95083025097846985e-02
5.65871335566043854e-02
7.49763399362564087e-02
-5.03879226744174957e-02
-5.08926808834075928e-02
9.43214222788810730e-02
9.07474756240844727e-03
9.92963928729295731e-03
4.81046214699745178e-02
-8.79928842186927795e-03
8.52312073111534119e-02
-8.88427495956420898e-02
9.71041340380907059e-03
6.28548115491867065e-02
3.59154539182782173e-03
-7.58718103170394897e-02
-2.72101443260908127e-02
-8.55941995978355408e-02
6.83652609586715698e-02
4.91925105452537537e-02
-5.05830049514770508e-02
5.77938668429851532e-02
3.85838970541954041e-02
8.43472257256507874e-02
9.78059470653533936e-02
-1.19083859026432037e-01
-9.30675640702247620e-02
9.65281054377555847e-02
4.32842187583446503e-02
-9.38796997070312500e-02
7.29494839906692505e-02
-2.27910727262496948e-02
-9.70057100057601929e-02
1.29521125927567482e-02
-1.11356601119041443e-01
-9.59494411945343018e-02
-4.44289855659008026e-02
-8.15439894795417786e-02
7.45427468791604042e-03
-3.88025268912315369e-02
8.44180658459663391e-02
3.87275852262973785e-02
-1.15294806659221649e-01
4.06101793050765991e-02
-3.20046618580818176e-02
2.13066954165697098e-02
-3.19707533344626427e-03
-5.18102794885635376e-02
-4.92472127079963684e-02
-7.72041752934455872e-02
-4.61693964898586273e-02
-1.84182170778512955e-02
-1.26866057515144348e-01
-2.22116913646459579e-02
-6.15659505128860474e-02
-9.14552807807922363e-03
7.66311883926391602e-02
9.34353545308113098e-02
4.98744323849678040e-02
-4.27879951894283295e-02
1.12452572211623192e-02
-7.24777206778526306e-02
1.07209980487823486e-02
-8.41400548815727234e-02
1.04901872575283051e-01
-1.01768344640731812e-01
7.89316818118095398e-02
6.01467415690422058e-02
5.77908381819725037e-02
1.27173915505409241e-01
4.11817282438278198e-02
7.26690050214529037e-03
5.74722960591316223e-02
-1.63678135722875595e-02
-1.79807003587484360e-02
-5.93107081949710846e-02
6.59259855747222900e-02
-1.42520621418952942e-01
1.51726128533482552e-02
-6.78369700908660889e-02
4.02684230357408524e-03
9.83326230198144913e-04
-8.07290598750114441e-02
-7.72739201784133911e-02
-9.38205793499946594e-02
-4.10590432584285736e-02
4.79878559708595276e-02
9.63315889239311218e-02
-1.20609045028686523e-01
6.50890986435115337e-04
2.05144956707954407e-02
-9.43963155150413513e-02
-2.63826586306095123e-02
-5.16478940844535828e-02
2.62139439582824707e-02
-6.27602487802505493e-02
-7.92704522609710693e-02
2.64512072317302227e-03
1.33937925100326538e-01
1.02476932108402252e-01
1.70253604650497437e-01
-3.35039906203746796e-02
1.27921625971794128e-01
-7.58662894368171692e-02
9.23705026507377625e-02
5.86577653884887695e-02
-6.01372495293617249e-02
-5.64654432237148285e-02
8.53631794452667236e-02
1.16130569949746132e-02
-7.91099220514297485e-02
9.03607606887817383e-02
2.33698245137929916e-02
-9.88210272043943405e-03
-6.65658041834831238e-02
1.44987642765045166e-01
5.86602613329887390e-02
-1.25042721629142761e-01
4.58495505154132843e-02
5.32693043351173401e-02
-1.00649572908878326e-01
2.91560720652341843e-02
4.62002493441104889e-02
7.21180811524391174e-02
4.28301170468330383e-02
7.86517262458801270e-02
-6.69995173811912537e-02
1.36391609907150269e-01
3.10473274439573288e-02
2.31719594448804855e-02
9.93493050336837769e-02
-1.55907705426216125e-01
-1.97143554687500000e-02
2.67257262021303177e-02
-8.42327103018760681e-02
-6.61975592374801636e-02
5.30265681445598602e-02
1.41113519668579102e-01
-7.11795017123222351e-02
-4.66883145272731781e-02
-2.65112072229385376e-02
4.79854032164439559e-04
-2.94039789587259293e-02
9.82285439968109131e-02
-5.98200932145118713e-02
3.03298048675060272e-02
-1.43946148455142975e-02
-8.67803469300270081e-02
7.67262652516365051e-02
-6.24692924320697784e-02
-7.41134881973266602e-02
5.73827922344207764e-02
-1.17625191807746887e-01
6.63553029298782349e-02
-3.94124165177345276e-02
-1.41085520386695862e-01
3.48260439932346344e-02
-3.35625819861888885e-02
8.72136503458023071e-02
1.11436553299427032e-01
-1.59984396304935217e-04
-1.28731936216354370e-01
2.34227366745471954e-02
-3.49306967109441757e-03
9.18171778321266174e-02
5.31626679003238678e-02
-2.94622536748647690e-02
6.06852285563945770e-02
5.84271363914012909e-02
-7.04891160130500793e-02
9.12897661328315735e-02
1.69253334403038025e-01
1.43546182662248611e-02
1.23838871717453003e-01
1.58344179391860962e-01
3.73119562864303589e-02
-3.39804999530315399e-02
2.37939488142728806e-02
2.33949329704046249e-02
8.66585597395896912e-02
-4.78875413537025452e-02
-1.68137496802955866e-03
4.33599054813385010e-02
-9.44437980651855469e-02
1.20897414162755013e-02
-4.65367771685123444e-02
-9.39945206046104431e-02
1.36708140373229980e-01
-1.31088852882385254e-01
-1.03231161832809448e-01
2.77388393878936768e-02
1.71091444790363312e-02
-3.01039367914199829e-02
5.17137721180915833e-02
-8.46268013119697571e-02
-7.02049210667610168e-02
3.82457152009010315e-02
3.60551029443740845e-02
-5.10868914425373077e-02
-1.36180639266967773e-01
-2.25436706095933914e-02
2.95463949441909790e-02
4.97465431690216064e-02
-2.26321741938591003e-02
-1.18805587291717529e-01
-9.38281565904617310e-02
-6.15353472530841827e-02
-9.44760739803314209e-02
-1.42171902552945539e-05
-6.84145465493202209e-02
1.77951268851757050e-02
3.93401412293314934e-03
-3.29837538301944733e-02
5.49974963068962097e-02
1.46087892353534698e-02
1.01581193506717682e-01
2.48777512460947037e-02
5.79168610274791718e-02
2.21441350877285004e-02
-7.37553015351295471e-02
8.11562538146972656e-02
1.32283596321940422e-02
-2.87636328721418977e-04
1.42531888559460640e-02
1.02856397628784180e-01
8.30694660544395447e-02
9.84169915318489075e-02
-7.26230219006538391e-02
-6.26566559076309204e-02
4.00454923510551453e-02
3.84382507763803005e-03
-2.44310218840837479e-02
8.62044245004653931e-02
-7.84061998128890991e-02
-6.71419203281402588e-02
2.10431404411792755e-02
-3.55427041649818420e-02
-3.74116376042366028e-02
-5.81049993634223938e-02
9.45194363594055176e-02
-1.05589725077152252e-01
1.57433301210403442e-02
9.07411500811576843e-02
-1.21446937322616577e-01
-2.11235545575618744e-02
-7.05137476325035095e-02
-6.62873685359954834e-02
3.55123123154044151e-03
1.59885529428720474e-02
4.39396165311336517e-02
1.34339332580566406e-01
3.73641699552536011e-02
8.33446253091096878e-03
-2.86531001329421997e-02
-2.91869677603244781e-02
-9.58727002143859863e-02
-1.16023629903793335e-01
-6.53213262557983398e-02
1.13456912338733673e-01
3.02319676848128438e-04
1.16919808089733124e-01
8.37718099355697632e-02
9.53484252095222473e-02
4.65125143527984619e-02
-9.52438637614250183e-03
6.79234936833381653e-02
-6.82449713349342346e-02
-9.81832668185234070e-02
7.86799788475036621e-02
6.66307657957077026e-02
-3.76178584992885590e-02
-8.65198969841003418e-02
-9.11649838089942932e-02
-9.23192799091339111e-02
-2.50130202621221542e-02
-1.59753439947962761e-03
-1.50852389633655548e-02
7.45657384395599365e-02
6.86981994658708572e-03
2.04241462051868439e-02
9.80350226163864136e-02
-4.64423140510916710e-03
3.09929028153419495e-02
4.27728369832038879e-02
9.16134119033813477e-02
1.71534195542335510e-02
-2.36591640859842300e-02
-1.27738729119300842e-01
5.85651397705078125e-03
8.61954540014266968e-02
-2.88382619619369507e-02
-9.45620983839035034e-03
-4.25551645457744598e-02
7.11227580904960632e-02
7.88328722119331360e-02
-7.31392353773117065e-02
-5.81875108182430267e-02
5.92546239495277405e-02
5.86064881645143032e-04
7.51690492033958435e-02
-1.02803193032741547e-01
6.01742304861545563e-02
-5.97386024892330170e-02
-5.31970858573913574e-02
-4.22032587230205536e-02
-4.83575388789176941e-02
-9.87139623612165451e-03
9.31236967444419861e-02
-7.02853351831436157e-02
1.87468938529491425e-02
-5.34932054579257965e-02
4.84907217323780060e-02
-4.55300919711589813e-02
1.87488477677106857e-02
-7.96700343489646912e-02
5.66308349370956421e-02
4.78585762903094292e-03
-4.09013032913208008e-02
-7.88790639489889145e-03
7.86695629358291626e-02
1.01638093590736389e-01
-7.76672586798667908e-02
4.97729852795600891e-02
-3.73912230134010315e-02
-1.25328198075294495e-01
-4.14391933009028435e-03
-5.54487891495227814e-02
4.45528291165828705e-02
-3.71582768857479095e-02
-2.81357467174530029e-02
6.16732649505138397e-02
-4.94833886623382568e-02
-6.27604350447654724e-02
2.28311144746840000e-03
4.65833693742752075e-02
2.91218142956495285e-02
-9.02969762682914734e-02
4.63133193552494049e-02
-2.10121199488639832e-02
-4.81810197234153748e-02
9.31238234043121338e-02
-4.83940802514553070e-02
6.02920986711978912e-02
1.49495732039213181e-02
-2.84211598336696625e-02
-5.89933209121227264e-02
1.56223520636558533e-01
1.82581003755331039e-02
-2.41118129342794418e-02
-6.40242397785186768e-02
4.08292412757873535e-02
5.06040118634700775e-02
4.98693361878395081e-02
9.51963141560554504e-02
8.91321748495101929e-02
2.42055281996726990e-02
-3.11506371945142746e-02
3.47928330302238464e-03
4.84303236007690430e-02
5.84006644785404205e-02
9.31362900882959366e-03
1.11525580286979675e-01
6.98296725749969482e-02
-1.77201759070158005e-02
-7.81184760853648186e-03
3.15286964178085327e-02
7.89307728409767151e-02
-3.65874351700767875e-04
-3.82625870406627655e-02
-1.22305694967508316e-02
1.98321770876646042e-02
7.55426660180091858e-02
2.30552777647972107e-02
1.10318869352340698e-01
1.24534048140048981e-01
-1.00919134914875031e-01
-7.81664997339248657e-02
-7.28269815444946289e-02
-7.65439728274941444e-03
6.91799297928810120e-02
-3.74460630118846893e-02
-4.01325523853302002e-02
-2.43554934859275818e-02
4.57184240221977234e-02
4.17256839573383331e-02
-8.53116437792778015e-02
-2.31238305568695068e-02
-3.22808250784873962e-02
1.13658159971237183e-01
-7.49547928571701050e-02
-1.13192483782768250e-01
9.35307219624519348e-02
7.55533650517463684e-02
4.17384356260299683e-02
-1.21880345046520233e-01
-3.14698927104473114e-02
7.60825425386428833e-02
8.96534770727157593e-02
1.05688152834773064e-02
6.38303011655807495e-02
5.37363477051258087e-02
8.20805691182613373e-03
-4.91309650242328644e-02
-6.81026233360171318e-03
-4.30305339395999908e-02
-9.49411466717720032e-02
5.07918000221252441e-02
1.10871682409197092e-03
-2.76756379753351212e-02
-7.08397924900054932e-02
-6.76203072071075439e-02
-5.97165450453758240e-02
2.68020704388618469e-02
-4.01055663824081421e-02
9.05309454537928104e-04
-6.16335645318031311e-02
4.98681440949440002e-02
-3.11147235333919525e-02
4.15679365396499634e-02
9.53247956931591034e-03
3.02043389528989792e-02
5.67960403859615326e-02
5.34520298242568970e-02
-9.69199370592832565e-03
6.81761419400572777e-03
5.95123022794723511e-02
-6.22538030147552490e-02
9.58084035664796829e-03
-1.85145437717437744e-02
5.05715012550354004e-02
-1.59151125699281693e-02
-2.96560227870941162e-02
4.20637466013431549e-02
-8.02096873521804810e-02
6.13070093095302582e-02
-7.67380595207214355e-02
3.54925766587257385e-02
1.25636579468846321e-02
-4.12328951060771942e-02
-1.10313864424824715e-02
-8.14898610115051270e-02
-4.75343763828277588e-02
6.66755205020308495e-03
-4.24834862351417542e-02
1.06525100767612457e-01
-7.24867265671491623e-03
1.14290989935398102e-01
-1.28014180809259415e-02
-6.23970590531826019e-02
-2.33015120029449463e-02
8.18206369876861572e-02
-5.81657364964485168e-02
9.43624302744865417e-02
1.01085212081670761e-02
7.71956518292427063e-02
8.21944791823625565e-03
-7.80601501464843750e-02
-6.47222325205802917e-02
1.63788069039583206e-02
-9.98837947845458984e-02
1.19905017316341400e-01
1.02327607572078705e-01
3.43330320902168751e-03
1.09146967530250549e-01
-1.31109394133090973e-02
2.92101055383682251e-02
-4.63517494499683380e-02
-9.37569960951805115e-02
-7.53314420580863953e-02
-2.02255472540855408e-02
5.02640642225742340e-02
2.82016675919294357e-02
-1.79045312106609344e-02
8.70223417878150940e-02
1.77917592227458954e-02
-1.38726666569709778e-01
2.80010700225830078e-02
5.17524033784866333e-02
4.31595779955387115e-02
-1.62187349051237106e-02
-4.46208287030458450e-03
-3.35657745599746704e-02
7.81640559434890747e-02
3.21581726893782616e-03
8.10900703072547913e-02
1.04032240808010101e-01
4.64202538132667542e-02
-9.16761606931686401e-02
2.83505693078041077e-02
4.19101901352405548e-02
-3.33878733217716217e-02
1.21087111532688141e-01
-2.88512222468852997e-02
-9.12752002477645874e-02
7.06068575382232666e-02
9.36254709959030151e-02
6.48432523012161255e-02
7.91324973106384277e-02
-1.00453250110149384e-01
4.90645505487918854e-02
1.17915630340576172e-01
-4.56292964518070221e-02
3.50734852254390717e-02
5.39107434451580048e-03
-2.54510808736085892e-02
1.58517323434352875e-02
5.50498366355895996e-02
3.63413691520690918e-02
-1.28209173679351807e-01
7.09060132503509521e-02
-1.27761602401733398e-01
7.54049466922879219e-03
6.35961024090647697e-03
-5.97793534398078918e-02
-8.74972194433212280e-02
-8.45432132482528687e-02
-6.94624036550521851e-02
-2.98054181039333344e-02
-3.39491702616214752e-02
1.33486818522214890e-02
8.06597620248794556e-02
-2.35088746994733810e-02
-8.55457484722137451e-02
2.51090228557586670e-02
8.17919224500656128e-02
-8.55753794312477112e-02
6.35680034756660461e-02
1.75711903721094131e-02
6.28234371542930603e-02
1.86802353709936142e-02
-6.70774132013320923e-02
-1.13643400371074677e-01
9.22908261418342590e-02
6.85198828577995300e-02
-2.71128285676240921e-02
-1.03542581200599670e-01
-2.90538161061704159e-03
1.13846711814403534e-01
1.04796513915061951e-01
-9.07293986529111862e-03
5.75825646519660950e-02
1.04501498863101006e-02
3.28012965619564056e-02
-3.92228737473487854e-02
-5.80593235790729523e-02
1.16570398211479187e-01
-1.75466164946556091e-02
-1.03073187172412872e-01
1.55005194246768951e-02
3.25732193887233734e-02
7.02284183353185654e-03
-8.28333124518394470e-02
6.86330497264862061e-02
-1.21410302817821503e-01
1.08901662752032280e-02
7.72165879607200623e-03
-6.95394501090049744e-02
3.63617613911628723e-02
-1.70152690261602402e-02
-1.66474878787994385e-02
-2.27072858251631260e-03
-9.05117988586425781e-02
5.67918717861175537e-02
-1.35647103190422058e-01
3.83934713900089264e-02
-4.69017364084720612e-02
-2.67748478800058365e-02
-2.74918954819440842e-02
1.82036664336919785e-02
2.09218952804803848e-02
7.26878568530082703e-02
3.36956456303596497e-02
6.47008717060089111e-02
-2.82732527703046799e-02
7.69198834896087646e-02
-3.79650630056858063e-02
-1.20721606072038412e-03
2.14765295386314392e-02
-7.73478373885154724e-02
-5.15180677175521851e-02
3.90249416232109070e-02
8.47534760832786560e-02
-9.86046195030212402e-02
3.16585414111614227e-02
2.97201592475175858e-02
9.15437862277030945e-02
1.75693519413471222e-02
8.72214660048484802e-02
1.24296315014362335e-01
7.54826590418815613e-02
-1.27046916168183088e-03
-9.83456745743751526e-02
-3.31912189722061157e-02
-5.86090758442878723e-02
7.17240646481513977e-02
-6.00551329553127289e-02
-6.95241661742329597e-03
6.23238757252693176e-02
3.14660742878913879e-02
-1.08232438564300537e-01
-9.36357751488685608e-02
1.68151222169399261e-02
-8.43279883265495300e-02
8.53233486413955688e-02
3.44004631042480469e-02
-7.42015838623046875e-02
-7.41795375943183899e-02
1.36539875529706478e-03
-1.67309083044528961e-02
6.12275302410125732e-02
7.07499384880065918e-02
7.33822882175445557e-02
6.91664814949035645e-02
3.27451378107070923e-02
-5.86029700934886932e-02
4.82598654925823212e-02
9.59194730967283249e-03
1.28820493817329407e-01
7.32218995690345764e-02
4.25514541566371918e-02
-4.93655316531658173e-02
3.24958339333534241e-02
-8.08972120285034180e-02
-8.37485641241073608e-02
1.00113779306411743e-01
-2.24439967423677444e-02
1.29874289035797119e-01
-1.60961568355560303e-01
4.98612448573112488e-02
3.27614396810531616e-02
-3.83688621222972870e-02
1.36990025639533997e-01
-9.74450111389160156e-02
7.87100121378898621e-02
-2.64224726706743240e-02
3.57912592589855194e-02
-6.71815499663352966e-02
-8.42841714620590210e-02
4.53070998191833496e-02
7.43954721838235855e-03
-1.08957171440124512e-01
8.54155123233795166e-02
2.80278064310550690e-02
-7.66002833843231201e-02
-1.39799499884247780e-02
4.76605519652366638e-02
-1.53904855251312256e-01
-3.76926064491271973e-02
-1.41237927600741386e-02
3.43759283423423767e-02
8.93099606037139893e-02
1.63469072431325912e-02
-9.94859822094440460e-03
-6.78601041436195374e-02
-6.76748454570770264e-02
1.27814352512359619e-01
-3.97749654948711395e-02
8.20965096354484558e-02
-3.87212969362735748e-02
-7.67753198742866516e-02
-5.23532107472419739e-02
3.62275447696447372e-03
5.68857081234455109e-02
-1.52767319232225418e-02
6.65100011974573135e-03
-3.89611944556236267e-02
4.40033189952373505e-02
-8.48636478185653687e-02
6.19661509990692139e-02
-9.76211857050657272e-03
8.07602480053901672e-02
-1.06963060796260834e-01
4.75083924829959869e-02
6.44351914525032043e-02
-1.44479036331176758e-01
-7.13916048407554626e-02
1.30955040454864502e-01
-5.83835784345865250e-03
8.21735411882400513e-02
-3.13480123877525330e-02
-8.21069553494453430e-02
7.78688117861747742e-02
-3.05764786899089813e-02
8.79933089017868042e-02
7.81828612089157104e-02
1.09763048589229584e-01
8.48790481686592102e-02
-3.18948663771152496e-02
1.20305255055427551e-01
-9.31517854332923889e-02
1.60452753305435181e-01
-1.87060739845037460e-02
-3.17411087453365326e-02
2.19957511872053146e-02
7.41091072559356689e-02
3.37791442871093750e-02
1.59816816449165344e-02
-5.22786527872085571e-02
-1.13882414996623993e-01
2.10034158080816269e-02
-1.36065194383263588e-02
4.28421329706907272e-03
-1.19608126580715179e-01
5.27109168469905853e-02
4.76581715047359467e-02
-5.08610121905803680e-02
-6.74640983343124390e-02
4.37989458441734314e-02
2.20216177403926849e-02
-5.59230856597423553e-02
2.05234829336404800e-02
-2.73580383509397507e-02
-9.10499915480613708e-02
-5.42080812156200409e-02
-7.76463374495506287e-02
4.66839643195271492e-03
9.16912406682968140e-02
4.03264090418815613e-02
3.49334180355072021e-02
8.93560722470283508e-02
-2.26997919380664825e-02
6.19168020784854889e-03
-1.00757926702499390e-01
5.11315884068608284e-03
7.16868713498115540e-02
3.65179739892482758e-02
-9.61605980992317200e-02
1.62462703883647919e-02
-4.04702797532081604e-02
4.38526496291160583e-02
6.96736606187187135e-05
1.24861896038055420e-01
-5.80988377332687378e-02
7.95732587575912476e-02
9.40706580877304077e-03
-7.60254636406898499e-02
5.97664527595043182e-02
-1.03388749063014984e-01
-5.97523264586925507e-02
2.52427700906991959e-02
-4.04153838753700256e-02
-5.27082718908786774e-02
-3.83229255676269531e-02
9.16332677006721497e-02
7.03943446278572083e-02
-6.74656629562377930e-02
-9.09857973456382751e-02
-8.09143185615539551e-02
-6.81218951940536499e-02
-7.68411681056022644e-02
-6.55975714325904846e-02
7.13741779327392578e-02
-3.96542958915233612e-02
-1.13137118518352509e-01
8.28644842840731144e-04
3.73827442526817322e-02
9.13662835955619812e-03
7.61201083660125732e-02
-1.20249986648559570e-01
-8.01787078380584717e-02
-1.35268673300743103e-01
-4.94772382080554962e-02
-3.16681377589702606e-02
-9.86434817314147949e-02
7.30898678302764893e-02
2.25366279482841492e-02
-1.46004343405365944e-02
-5.42214512825012207e-02
-2.45169419795274734e-02
1.08969733119010925e-01
-8.70640277862548828e-02
-4.73385155200958252e-02
1.49698937311768532e-02
-6.57558888196945190e-02
6.73030912876129150e-02
-1.84582583606243134e-02
9.57451388239860535e-02
5.38833811879158020e-02
-7.86438509821891785e-02
1.04911029338836670e-01
-1.12802989780902863e-01
6.83969333767890930e-02
-8.50620567798614502e-02
-6.85057044029235840e-02
-2.15664282441139221e-02
6.96703186258673668e-03
-1.11788101494312286e-01
8.08709189295768738e-02
-3.80801521241664886e-02
-2.33925355132669210e-04
8.63276198506355286e-02
-3.29470727592706680e-03
1.06857672333717346e-01
-3.43215838074684143e-02
-1.82085800915956497e-02
4.25800681114196777e-02
-9.25232172012329102e-02
6.67864107526838779e-04
2.33147479593753815e-02
-4.96460171416401863e-03
4.86019775271415710e-02
-1.25571265816688538e-01
-5.16169667243957520e-02
-2.86918673664331436e-02
-1.77816618233919144e-02
-5.86991105228662491e-03
1.89894750714302063e-01
4.03289757668972015e-02
2.02116705477237701e-02
5.76164014637470245e-02
5.79689908772706985e-03
3.94406914710998535e-02
-1.52266070246696472e-01
-8.01021903753280640e-02
7.31426849961280823e-02
1.41214966773986816e-01
-1.82386413216590881e-02
-9.10657122731208801e-02
5.88285140693187714e-02
5.17221912741661072e-02
-8.13422203063964844e-02
1.18935525417327881e-01
9.20263901352882385e-02
4.93392646312713623e-02
-5.91173171997070312e-02
6.52800202369689941e-02
-6.50697425007820129e-02
1.26609221100807190e-01
-5.74515424668788910e-02
-3.28254280611872673e-03
1.59459933638572693e-01
-8.57141464948654175e-02
7.95945674180984497e-02
1.42655819654464722e-01
-8.04145485162734985e-02
-1.11616238951683044e-01
7.02537223696708679e-03
-1.06503423303365707e-02
2.51852050423622131e-02
-1.43302202224731445e-01
-3.82252736017107964e-03
-3.30800041556358337e-02
2.41018570959568024e-02
-2.62076202780008316e-02
7.99053087830543518e-02
5.62517903745174408e-02
-5.72650022804737091e-02
-4.92894239723682404e-02
4.39395830035209656e-02
-1.05333350598812103e-01
-9.84610542654991150e-02
8.16618427634239197e-02
-1.63419753313064575e-01
-6.24449085444211960e-03
-1.67972333729267120e-02
2.52305511385202408e-02
8.86475816369056702e-02
1.37050256133079529e-01
9.73537936806678772e-02
1.84949994087219238e-01
-3.90597954392433167e-02
-9.25517752766609192e-02
-2.93290168046951294e-02
-1.76061943173408508e-01
3.43751627951860428e-03
-8.87524485588073730e-02
-1.33765175938606262e-01
-1.04473054409027100e-01
-5.10619059205055237e-02
9.36471372842788696e-02
1.45171225070953369e-01
1.38842714950442314e-02
1.08444347977638245e-01
-9.70811918377876282e-02
-9.39840637147426605e-03
1.37868061661720276e-01
2.39409450441598892e-02
-1.57796517014503479e-01
-9.47487354278564453e-02
5.30640073120594025e-02
-5.24905174970626831e-02
8.77647548913955688e-02
-8.54001194238662720e-02
2.50338260084390640e-02
3.51535752415657043e-02
6.75204396247863770e-02
-8.37489962577819824e-02
1.03388361632823944e-01
-1.45848900079727173e-01
-1.00040130317211151e-01
8.57780352234840393e-02
-1.66718021035194397e-01
-1.10900476574897766e-01
4.32821139693260193e-02
-1.25571593642234802e-01
2.81717367470264435e-02
1.25635921955108643e-01
-3.68960164487361908e-02
1.26332893967628479e-01
-1.08276717364788055e-01
3.88203747570514679e-03
-4.36601787805557251e-02
4.99186292290687561e-03
-3.73645387589931488e-02
8.60209465026855469e-02
-1.69509220868349075e-02
-1.32311126217246056e-02
-1.19132794439792633e-01
-4.68156524002552032e-02
-3.58563102781772614e-02
-3.29368971288204193e-02
-2.27748416364192963e-02
-6.51205480098724365e-02
-9.94112528860569000e-03
5.89346699416637421e-02
-7.73229300975799561e-02
-4.35390276834368706e-03
-3.07265445590019226e-02
6.05112388730049133e-02
2.02963314950466156e-02
4.42722433945164084e-04
5.70455752313137054e-02
-2.16343142092227936e-02
2.09138616919517517e-02
-8.93221050500869751e-02
-5.76212853193283081e-02
6.32904050871729851e-03
7.91404768824577332e-02
4.00204434990882874e-02
5.72381578385829926e-02
-1.69162806123495102e-02
-7.36692398786544800e-02
1.56083395704627037e-02
1.48793114349246025e-02
5.73774538934230804e-02
-3.65932565182447433e-03
1.30633860826492310e-01
-8.08490626513957977e-03
4.36291098594665527e-02
-1.02552056312561035e-01
-1.14110363647341728e-02
-8.41173455119132996e-02
-2.12094690650701523e-02
-9.66812819242477417e-02
-2.59235650300979614e-02
9.23234596848487854e-02
9.26526114344596863e-02
1.06657147407531738e-01
3.83677184581756592e-02
1.21039981022477150e-02
-9.27889645099639893e-02
6.20199309196323156e-04
-8.05049240589141846e-02
-9.62247699499130249e-02
-6.21112659573554993e-02
3.76309938728809357e-02
4.53960001468658447e-02
-6.42533302307128906e-02
-4.45955693721771240e-02
8.77232849597930908e-02
-1.01089894771575928e-01
-5.79595118761062622e-02
-1.39685288071632385e-01
1.15138888359069824e-02
1.21853210031986237e-01
1.60450283437967300e-02
-4.66881543397903442e-02
3.08657693676650524e-03
1.53578454628586769e-02
-4.74118925631046295e-02
7.41021186113357544e-02
-2.39393878728151321e-02
-3.80313433706760406e-02
-6.29775896668434143e-02
8.08097720146179199e-02
-5.75430803000926971e-02
1.05261281132698059e-01
-2.38928431645035744e-03
-3.81636545062065125e-02
1.31340399384498596e-01
6.17309994995594025e-02
-3.25793847441673279e-02
3.69274765253067017e-02
-4.19680438935756683e-02
-9.66767370700836182e-02
5.30966259539127350e-02
3.08190565556287766e-02
-1.25461503863334656e-01
-1.10790431499481201e-01
-1.00358121097087860e-01
-4.60894294083118439e-02
6.54001487419009209e-04
9.59155783057212830e-02
1.70296560972929001e-02
-4.02521006762981415e-02
-4.14489442482590675e-03
-4.55479770898818970e-02
2.80136726796627045e-02
4.16467785835266113e-02
-6.86507448554039001e-02
1.06915630400180817e-01
3.70855256915092468e-02
-1.19070075452327728e-01
-7.30660706758499146e-02
6.75118118524551392e-02
1.30617320537567139e-02
-4.99236769974231720e-02
-2.89118960499763489e-02
-1.18010215461254120e-01
3.99108305573463440e-02
-3.10746692121028900e-02
8.99889245629310608e-02
-8.46855808049440384e-03
-7.75662511587142944e-02
5.78926205635070801e-02
-2.34990976750850677e-02
-8.51908698678016663e-02
-9.25939083099365234e-02
-5.58301582932472229e-02
4.86790351569652557e-02
5.27460612356662750e-02
-5.00462055206298828e-02
-4.03249338269233704e-02
-4.43630777299404144e-02
-8.32874774932861328e-02
5.40373101830482483e-02
-7.39800333976745605e-02
-7.38451583310961723e-03
-8.92228726297616959e-03
-2.93310936540365219e-02
-5.01008704304695129e-04
-7.06868320703506470e-02
-6.55073374509811401e-02
-5.26637658476829529e-02
5.99035173654556274e-02
-4.60907071828842163e-02
-8.05966183543205261e-02
-2.90933866053819656e-02
-5.56459166109561920e-02
-4.96800690889358521e-02
-2.51573156565427780e-02
-9.70093384385108948e-02
-4.39675413072109222e-02
9.04370248317718506e-02
-9.52065661549568176e-02
2.70780437858775258e-04
7.29227140545845032e-02
7.04524740576744080e-02
1.33811431005597115e-02
4.18982096016407013e-02
-4.70892377197742462e-02
-7.18680545687675476e-02
-6.80889710783958435e-02
-1.07243649661540985e-01
9.37825739383697510e-02
-4.96184639632701874e-02
-9.20533612370491028e-02
-7.69773721694946289e-02
-2.16939691454172134e-02
6.40209615230560303e-02
-2.53057363443076611e-03
5.50381690263748169e-02
-4.63256910443305969e-02
-7.47609371319413185e-03
7.96974226832389832e-02
3.14127728343009949e-02
-7.50516206026077271e-02
1.19583889842033386e-01
9.02207717299461365e-02
4.40639071166515350e-02
1.92715227603912354e-02
5.97805678844451904e-02
-2.32941098511219025e-02
1.39788892120122910e-02
1.76483932882547379e-02
1.32229330483824015e-03
-1.45687982439994812e-02
-1.56911481171846390e-02
8.10084864497184753e-02
-5.43122328817844391e-02
-6.95004761219024658e-02
-2.31938082724809647e-02
5.07173165678977966e-02
-6.58187344670295715e-02
-3.35498824715614319e-02
5.93933090567588806e-02
-1.19251638650894165e-01
1.02269336581230164e-01
2.48423758894205093e-02
-1.96182029321789742e-03
3.03794257342815399e-02
2.67040394246578217e-02
5.10975625365972519e-03
-1.99762415140867233e-02
1.20287857949733734e-01
-9.11954566836357117e-02
6.78177597001194954e-03
1.00364536046981812e-01
-1.71370618045330048e-02
-5.11821806430816650e-02
4.48263697326183319e-02
-3.78618240356445312e-02
-5.77262304723262787e-02
1.51595566421747208e-02
1.85062866657972336e-02
6.75895735621452332e-02
3.56603972613811493e-02
-8.89361575245857239e-02
9.64149460196495056e-02
3.80156263709068298e-02
-1.69987529516220093e-02
3.60638760030269623e-02
5.82616217434406281e-02
5.72112612426280975e-02
8.90837684273719788e-02
-5.56008182466030121e-02
9.37276110053062439e-02
8.72584953904151917e-02
-6.08708374202251434e-02
3.29375676810741425e-02
-6.61408454179763794e-02
4.51179482042789459e-02
-1.07986163347959518e-02
8.07930156588554382e-02
-5.50961941480636597e-02
4.84443679451942444e-02
-2.65244711190462112e-02
5.59896156191825867e-02
-1.18339303880929947e-02
4.10186089575290680e-02
-4.36189398169517517e-02
6.93505778908729553e-02
7.12860077619552612e-02
4.86252307891845703e-02
-2.98603307455778122e-02
1.82643700391054153e-02
-1.00839719176292419e-01
3.18231210112571716e-02
6.27405717968940735e-02
5.78177124261856079e-02
2.30461899191141129e-02
-4.69314381480216980e-02
-8.86941887438297272e-03
1.15020275115966797e-01
8.43831524252891541e-02
8.37757624685764313e-03
6.02115616202354431e-02
-1.20502747595310211e-02
8.86773969978094101e-03
-5.20510002970695496e-02
-4.83682490885257721e-02
-1.64391323924064636e-02
-8.28409194946289062e-02
1.20639905333518982e-01
-9.05736014246940613e-02
7.20666795969009399e-02
2.95450687408447266e-02
-2.60335505008697510e-02
1.16077316924929619e-02
6.09638616442680359e-02
-4.49399314820766449e-02
1.37485489249229431e-02
-2.20328420400619507e-02
-5.37684336304664612e-02
-7.85287842154502869e-02
-1.46144088357686996e-02
-1.15354014560580254e-02
7.22301658242940903e-03
-9.80738624930381775e-02
5.78725785017013550e-02
1.06644734740257263e-01
5.75181618332862854e-02
-4.86260503530502319e-02
-1.04360669851303101e-01
5.93648627400398254e-02
4.73396591842174530e-02
1.10217779874801636e-01
-1.39397978782653809e-01
2.91064847260713577e-02
-4.57262955605983734e-02
-7.08525106310844421e-02
4.01252284646034241e-02
-3.37463133037090302e-02
2.99801137298345566e-02
-6.38600438833236694e-02
9.17604491114616394e-02
-2.98130623996257782e-02
8.14176425337791443e-02
8.11234638094902039e-02
-8.49713087081909180e-02
-7.36592635512351990e-02
2.43967189453542233e-03
-7.97700434923171997e-02
-5.85348866879940033e-02
-6.86709657311439514e-02
-3.84929254651069641e-02
8.94362851977348328e-02
-8.20610150694847107e-02
1.18867151439189911e-01
-5.00855259597301483e-02
8.86930245906114578e-03
-5.33837452530860901e-03
-4.34898138046264648e-02
-4.60580773651599884e-02
1.93600226193666458e-02
-9.87353846430778503e-02
-1.18417203426361084e-01
6.82512000203132629e-02
3.77745144069194794e-02
-1.14409573376178741e-01
2.13646769523620605e-01
-2.72243842482566833e-02
4.94267269968986511e-02
-2.65983655117452145e-03
-9.46128666400909424e-02
-1.44682154059410095e-01
-6.99883848428726196e-02
1.23065739870071411e-01
9.08907651901245117e-02
6.48058727383613586e-02
-9.02261063456535339e-02
4.61078025400638580e-02
-4.98483069241046906e-02
7.13011026382446289e-02
5.55708892643451691e-02
-1.78941562771797180e-02
7.55182430148124695e-02
2.07899883389472961e-02
-4.96112145483493805e-02
6.45586401224136353e-02
-1.95224225521087646e-01
9.70081612467765808e-02
-4.76464480161666870e-02
3.25032100081443787e-02
7.50375390052795410e-02
1.74219116568565369e-01
9.10619180649518967e-03
-1.34151518344879150e-01
7.91313797235488892e-02
-8.16556811332702637e-03
1.41956768929958344e-02
8.96944403648376465e-02
-2.66657918691635132e-02
-1.75992294680327177e-03
-4.65466864407062531e-02
-1.22077748179435730e-01
-4.30795140564441681e-02
-3.45548950135707855e-02
-1.61012653261423111e-02
3.42856869101524353e-02
-6.30781278014183044e-02
8.61874893307685852e-02
2.81669478863477707e-02
2.43196096271276474e-02
8.94062742590904236e-02
9.62836742401123047e-02
-9.98301655054092407e-02
-1.69708967208862305e-01
-1.91318526864051819e-01
7.39916320890188217e-03
-1.17644563317298889e-01
6.18870146572589874e-02
-3.16624506376683712e-03
3.97476814687252045e-02
9.78622734546661377e-02
7.62069448828697205e-02
-3.91718521714210510e-02
-3.86618189513683319e-02
-1.61300525069236755e-01
-1.19701869785785675e-01
-8.74814987182617188e-02
-1.19907751679420471e-01
-1.29369869828224182e-01
7.25636854767799377e-02
-8.10079872608184814e-02
-4.26642261445522308e-02
9.96945127844810486e-02
-2.03706212341785431e-02
8.12637209892272949e-02
-9.21123549342155457e-02
-2.14222613722085953e-02
9.07411351799964905e-02
6.30808472633361816e-02
1.42631977796554565e-01
2.46752817183732986e-02
-4.01851646602153778e-02
1.23852230608463287e-01
-8.35990160703659058e-03
9.16294604539871216e-02
2.19231601804494858e-02
1.28484383225440979e-01
-4.78455014526844025e-02
3.90411466360092163e-02
-5.07209673523902893e-02
-3.46164442598819733e-02
1.05648189783096313e-01
-1.00018106400966644e-01
-4.96328659355640411e-02
2.09611319005489349e-02
6.09470009803771973e-02
2.14111693203449249e-02
5.74994646012783051e-02
2.21971864812076092e-03
1.52032554149627686e-01
9.50972959399223328e-02
-1.43103495240211487e-01
9.57325249910354614e-02
4.11957539618015289e-02
-9.08233691006898880e-03
9.65704768896102905e-02
1.65256693959236145e-01
-6.01659230887889862e-02
1.90969258546829224e-02
-4.28800508379936218e-02
-7.44427293539047241e-02
-7.63205662369728088e-02
4.63751405477523804e-02
-3.59276048839092255e-02
4.79544252157211304e-02
3.18982359021902084e-03
-1.16272523999214172e-01
-2.89901327341794968e-02
1.04841757565736771e-02
1.29459202289581299e-01
2.29493193328380585e-02
2.19478867948055267e-02
9.04882177710533142e-02
-1.34406790137290955e-01
7.22232982516288757e-02
-7.16914832592010498e-02
-8.29221904277801514e-02
1.35882422327995300e-01
-7.46695250272750854e-02
-4.71236631274223328e-02
-1.11527360975742340e-01
8.06635320186614990e-02
2.60735489428043365e-02
6.47639036178588867e-02
-2.96861287206411362e-02
-1.40136685222387314e-02
1.24794699251651764e-01
-6.66196793317794800e-02
-6.28994926810264587e-02
-6.61612600088119507e-02
1.50947734713554382e-01
3.12234070152044296e-02
-1.05465061962604523e-01
1.68081633746623993e-02
1.22724391520023346e-01
-3.21307107806205750e-02
6.95876330137252808e-02
-5.22064566612243652e-02
-7.19675868749618530e-02
-2.32848618179559708e-02
4.37335371971130371e-02
1.30277857184410095e-01
2.41446029394865036e-02
-6.76992535591125488e-02
-1.56655177474021912e-01
8.04533585906028748e-02
3.04555837064981461e-02
3.08829192072153091e-02
-8.11993554234504700e-02
1.17594607174396515e-01
8.78120015840977430e-04
-8.27404037117958069e-02
2.21191179007291794e-02
1.51639594696462154e-03
-3.55574185959994793e-03
-1.36258929967880249e-01
-6.50775968097150326e-04
6.69580698013305664e-02
1.48641601204872131e-01
8.65610968321561813e-03
4.86635677516460419e-02
1.04757912456989288e-01
8.32518711686134338e-02
-1.39142677187919617e-01
7.02082067728042603e-02
2.84448545426130295e-02
-6.38142675161361694e-02
-3.85221317410469055e-02
-2.33193933963775635e-02
7.78449401259422302e-02
-1.79597049951553345e-01
6.38337954878807068e-02
-9.62462052702903748e-02
1.02738507091999054e-01
-8.53179693222045898e-02
-1.13180570304393768e-01
6.10874630510807037e-02
-1.06373779475688934e-01
5.15497811138629913e-02
-1.49557784199714661e-01
-1.78119558840990067e-02
-3.50233726203441620e-02
1.04996249079704285e-01
6.46680667996406555e-02
7.86906778812408447e-02
-6.78066164255142212e-02
-6.00660964846611023e-02
9.59628373384475708e-02
-6.52759298682212830e-02
-5.92646300792694092e-02
-1.02867856621742249e-01
-7.37805068492889404e-02
-1.06965024024248123e-02
-7.51730576157569885e-02
-2.10196580737829208e-02
-1.14982448518276215e-01
3.16525883972644806e-02
-2.57313940674066544e-02
-9.29944962263107300e-02
1.12866565585136414e-01
1.34623562917113304e-02
-5.33997528254985809e-02
1.16320796310901642e-01
8.95681977272033691e-02
1.71163808554410934e-02
-1.04910333175212145e-03
6.15235790610313416e-02
1.29840718582272530e-02
-2.95672267675399780e-02
-1.39889009296894073e-02
4.96922656893730164e-02
3.77179472707211971e-03
1.40189826488494873e-01
-6.76516070961952209e-02
-4.13336940109729767e-02
2.34902184456586838e-02
5.62319997698068619e-03
8.89964252710342407e-02
7.27991834282875061e-02
-1.37676417827606201e-01
4.19162400066852570e-02
5.29389232397079468e-02
4.39734570682048798e-02
-1.43664464354515076e-01
1.03305913507938385e-01
5.37398792803287506e-02
-9.05286520719528198e-02
1.12804353237152100e-01
8.62823873758316040e-02
-1.16900503635406494e-01
-8.55614170432090759e-02
-1.32946595549583435e-01
-4.72088810056447983e-03
5.34522533416748047e-03
-1.31348431110382080e-01
-7.21238404512405396e-02
1.68810337781906128e-02
1.17308840155601501e-01
8.56807976961135864e-02
1.22308626770973206e-01
7.15568363666534424e-02
-7.92306885123252869e-02
1.72073915600776672e-02
-3.84968221187591553e-02
-3.72891686856746674e-02
5.79352341592311859e-02
-1.12033024430274963e-01
6.95867836475372314e-02
-9.25518795847892761e-02
1.56012447405373678e-05
-4.25875224173069000e-02
6.41140714287757874e-02
9.32593420147895813e-02
1.14361383020877838e-01
4.38286326825618744e-02
-1.14489365369081497e-02
3.04803457111120224e-02
-9.15567278861999512e-02
-5.64833655953407288e-02
-4.53430414199829102e-02
-5.33343367278575897e-02
-2.53278128802776337e-02
-1.07793956995010376e-02
-1.79780740290880203e-02
6.19422271847724915e-02
3.33414264023303986e-02
-8.86508747935295105e-02
-1.24721594154834747e-01
3.10796350240707397e-02
3.30653749406337738e-02
5.60337118804454803e-02
1.29592204466462135e-02
-4.55237925052642822e-02
-6.35245516896247864e-02
-5.73852322995662689e-02
1.85623590368777514e-03
-7.90588259696960449e-02
1.12887568771839142e-01
-3.85984368622303009e-02
3.77917923033237457e-02
4.44319508969783783e-02
2.63982005417346954e-02
-7.06157013773918152e-02
2.35792845487594604e-02
-1.30700925365090370e-02
2.46125906705856323e-02
1.29699349403381348e-01
-8.79113301634788513e-02
5.93370199203491211e-02
-1.31756678223609924e-01
7.06153586506843567e-02
-3.10391038656234741e-02
6.88716471195220947e-02
-9.38586443662643433e-02
-3.99790890514850616e-03
2.29295436292886734e-02
-7.60244205594062805e-02
8.27737078070640564e-02
6.23786896467208862e-02
4.41137328743934631e-03
2.75492724031209946e-02
1.24815693125128746e-02
-8.86346548795700073e-02
-1.16473257541656494e-01
-5.71450740098953247e-02
2.06353813409805298e-02
1.78797394037246704e-02
-3.81385199725627899e-02
1.03367581963539124e-01
-1.31905227899551392e-01
4.36150208115577698e-02
7.52178579568862915e-02
-1.40414938330650330e-01
7.62867555022239685e-02
1.07062116265296936e-01
-1.53678461909294128e-01
1.12019710242748260e-01
-1.32649630308151245e-01
-1.75138339400291443e-02
-5.93931088224053383e-03
3.01108751446008682e-02
-1.56443789601325989e-02
-8.63344371318817139e-02
1.01124659180641174e-01
-1.59748867154121399e-01
-1.82826817035675049e-02
4.45253476500511169e-02
-6.07580505311489105e-02
-1.24462269246578217e-01
7.84384608268737793e-02
-2.95593421906232834e-02
4.77770268917083740e-02
4.37467619776725769e-02
5.89389316737651825e-02
4.81829941272735596e-02
4.61543630808591843e-03
4.66396994888782501e-02
-5.61193227767944336e-02
1.70547533780336380e-02
-1.30797013640403748e-01
-7.09948092699050903e-02
-7.41769075393676758e-02
6.15159720182418823e-02
-5.62735050916671753e-02
4.05872017145156860e-02
3.18045578896999359e-02
1.60526022315025330e-01
-7.57262781262397766e-02
-4.24713641405105591e-02
-6.82576671242713928e-02
-2.16097617521882057e-03
-4.88033704459667206e-02
4.52230237424373627e-02
-1.41215696930885315e-02
1.17218252271413803e-02
3.38698811829090118e-02
-4.31578047573566437e-02
6.46117702126502991e-02
-2.34132613986730576e-02
6.59870281815528870e-02
1.35262757539749146e-01
-4.77956011891365051e-02
-2.73479502648115158e-02
-3.50877903401851654e-02
-1.04547679424285889e-01
1.10201507806777954e-01
1.39658004045486450e-01
6.99258521199226379e-02
-1.20933800935745239e-01
9.71399433910846710e-03
-1.90523378551006317e-02
4.82079423964023590e-02
-9.30294021964073181e-02
6.07246346771717072e-02
-1.70840471982955933e-02
-4.30725421756505966e-03
-8.69052931666374207e-02
-2.16950960457324982e-02
-8.40998217463493347e-02
4.02440242469310760e-02
-3.94882727414369583e-03
-8.11975076794624329e-02
7.19881653785705566e-02
8.38318914175033569e-02
4.12149168550968170e-02
7.74951130151748657e-02
-5.39073906838893890e-02
-7.78306573629379272e-02
4.09232154488563538e-02
-1.27019986510276794e-01
1.03436708450317383e-01
2.22961623221635818e-02
2.67356354743242264e-03
8.46102759242057800e-02
6.21839240193367004e-02
-3.65392416715621948e-02
-5.92625327408313751e-02
-1.20238877832889557e-01
9.79770794510841370e-02
-5.95806762576103210e-02
1.29429688677191734e-02
-3.16989049315452576e-02
-1.49764508008956909e-01
-2.73181721568107605e-02
-5.77045641839504242e-02
3.32474112510681152e-02
-1.03178983554244041e-02
1.18188215419650078e-02
-7.64155387878417969e-02
6.84023555368185043e-03
1.29429986700415611e-02
9.75519046187400818e-02
5.23138120770454407e-02
-9.93412956595420837e-02
1.50706440210342407e-01
9.11271423101425171e-02
-5.68028539419174194e-02
4.34874780476093292e-02
-5.86504023522138596e-03
-6.51111686602234840e-03
-1.60481384955346584e-03
-4.53067086637020111e-02
3.87326441705226898e-02
-6.62880763411521912e-02
1.79189606569707394e-03
1.71223096549510956e-03
-7.01846927404403687e-02
-7.99515098333358765e-02
7.41649717092514038e-02
3.07370796799659729e-02
4.92238886654376984e-02
7.14271515607833862e-02
-9.42677333950996399e-02
2.56792567670345306e-02
2.68814340233802795e-02
4.10092845559120178e-02
-1.03533512447029352e-03
-5.83415757864713669e-03
3.89706976711750031e-02
3.07988356798887253e-02
-2.50389687716960907e-02
9.45709273219108582e-02
3.84334139525890350e-02
-1.49276062846183777e-01
-1.70475337654352188e-02
1.23849041759967804e-01
-3.88952419161796570e-02
-1.53394222259521484e-01
-1.50135457515716553e-02
8.90072435140609741e-03
-2.81192343682050705e-02
-2.87308562546968460e-02
5.45706367120146751e-03
2.34085507690906525e-02
-6.71138316392898560e-02
1.02974615991115570e-01
-8.73120352625846863e-02
-1.65338534861803055e-02
4.68152947723865509e-02
1.65904369205236435e-02
-1.80645342916250229e-02
-8.63744318485260010e-02
2.87051852792501450e-02
-7.56741091609001160e-02
-1.52249112725257874e-02
-7.28532373905181885e-02
6.55979886651039124e-02
1.21600227430462837e-02
4.91263717412948608e-02
9.30011048913002014e-02
6.12018369138240814e-02
7.45712146162986755e-02
1.52796536684036255e-01
-3.33535373210906982e-02
8.63444283604621887e-02
5.28317168354988098e-02
2.22065784037113190e-02
-3.26726958155632019e-02
-9.02468860149383545e-02
6.95018544793128967e-02
-1.37536644935607910e-01
-6.86665400862693787e-02
2.54811458289623260e-02
-7.11598712950944901e-03
5.97510254010558128e-03
-5.88681027293205261e-02
-4.74519208073616028e-02
6.43730461597442627e-02
3.47845326177775860e-03
-2.54010930657386780e-02
-1.56933441758155823e-02
-8.33787117153406143e-03
-1.44659534096717834e-01
8.36730301380157471e-02
-5.45522309839725494e-02
3.32059077918529510e-02
-1.65857374668121338e-01
-6.91443979740142822e-02
-8.98827612400054932e-02
-5.54173104465007782e-02
-8.94875377416610718e-02
-5.46562522649765015e-02
-2.35916823148727417e-02
2.83180661499500275e-02
-6.79567977786064148e-02
2.76917219161987305e-02
-6.03151470422744751e-02
-1.14488482475280762e-01
-8.76510813832283020e-02
-8.95483046770095825e-02
1.95541023276746273e-03
1.23404964804649353e-01
-1.22856525704264641e-02
-1.56880225986242294e-02
8.32468122243881226e-02
-8.49313195794820786e-03
6.05826452374458313e-02
-9.85778942704200745e-02
1.70542281121015549e-02
-4.13082130253314972e-02
1.50828406214714050e-01
-2.39974819123744965e-02
6.31014853715896606e-02
2.24401336163282394e-02
-7.18187689781188965e-02
-2.45340391993522644e-02
-1.02271564304828644e-01
6.84562027454376221e-02
6.41403049230575562e-02
-7.21841603517532349e-02
-7.43402242660522461e-02
4.83252517879009247e-02
7.24210366606712341e-02
4.77652624249458313e-02
5.59286288917064667e-02
1.25039936974644661e-02
9.51646268367767334e-02
-1.10539615154266357e-01
-1.56233599409461021e-02
1.40508404001593590e-02
1.66920423507690430e-02
-3.02529707551002502e-02
-7.15261399745941162e-02
4.39973175525665283e-03
5.13348393142223358e-02
3.56663111597299576e-03
4.63225021958351135e-02
3.40236909687519073e-02
-4.49073426425457001e-02
-3.91725860536098480e-02
-6.48728162050247192e-02
8.59737023711204529e-02
2.07993332296609879e-02
2.66095362603664398e-02
3.70335802435874939e-02
-5.56754805147647858e-02
-4.61888983845710754e-02
8.99557545781135559e-02
7.66257103532552719e-03
1.12574622035026550e-01
3.51191833615303040e-02
-8.84093269705772400e-02
-1.14425823092460632e-01
1.48308081552386284e-02
-9.99752879142761230e-02
-2.53472686745226383e-03
1.01012840867042542e-01
4.76244650781154633e-02
9.22602191567420959e-02
-3.08273062109947205e-02
8.20164009928703308e-02
-6.38879165053367615e-02
-5.32473102211952209e-02
1.49352150037884712e-02
1.17439121007919312e-01
-3.15342545509338379e-02
-1.44115477800369263e-01
-2.91763357818126678e-02
2.00730692595243454e-02
6.32818564772605896e-02
3.46052013337612152e-02
7.47849792242050171e-02
8.04105550050735474e-02
6.62954300642013550e-02
-1.46742790937423706e-01
-1.06373250484466553e-01
-3.65211926400661469e-02
-5.32253719866275787e-02
-1.00652370601892471e-02
9.88072007894515991e-02
-2.20196899026632309e-02
-3.83367314934730530e-02
-2.69510895013809204e-02
-5.24217113852500916e-02
1.02543413639068604e-01
-4.82838079333305359e-02
5.58907240629196167e-02
5.97840845584869385e-02
1.02643668651580811e-03
1.15081414580345154e-01
-1.77240241318941116e-02
5.04298657178878784e-02
5.34296333789825439e-02
-6.86049088835716248e-02
-6.80539086461067200e-02
8.66838321089744568e-02
1.58281866461038589e-02
-4.92973625659942627e-02
-8.38634297251701355e-02
-2.02594082802534103e-02
-7.80395269393920898e-02
-4.38158139586448669e-02
7.32644870877265930e-02
1.04841671884059906e-01
6.77485913038253784e-02
2.59093418717384338e-02
-8.29862281680107117e-02
8.26140046119689941e-02
-3.81827428936958313e-02
-1.01185560226440430e-01
1.44717106595635414e-02
-9.19657200574874878e-03
1.02103255689144135e-01
-2.52193454653024673e-02
3.67832705378532410e-02
5.69890066981315613e-02
6.29282183945178986e-03
-7.02525600790977478e-02
1.41083868220448494e-02
2.78909830376505852e-03
-6.66182786226272583e-02
5.71403391659259796e-02
1.81292705237865448e-02
2.85350997000932693e-02
9.16120130568742752e-04
-6.16514869034290314e-02
6.29393905401229858e-02
4.60460744798183441e-02
7.53553137183189392e-02
-2.92633119970560074e-02
-3.06098518194630742e-04
3.56352515518665314e-02
-2.54722833633422852e-02
-3.50318178534507751e-02
-3.07522267103195190e-02
-7.64179043471813202e-03
-5.15201725065708160e-02
1.71722188591957092e-01
1.37630384415388107e-02
1.30688667297363281e-01
-1.53501350432634354e-02
7.61593580245971680e-02
-1.22766587883234024e-02
-4.11730520427227020e-02
-2.08972841501235962e-02
-6.13516159355640411e-02
-1.25808835029602051e-01
-2.84223351627588272e-02
5.40785342454910278e-02
1.97803806513547897e-02
9.26120653748512268e-02
-1.98439061641693115e-02
6.25108694657683372e-03
6.14925436675548553e-02
9.00826379656791687e-02
1.34207099676132202e-01
-5.28921112418174744e-02
-4.76527623832225800e-02
7.17041222378611565e-03
6.35905750095844269e-03
6.95227459073066711e-02
-1.36543631553649902e-01
-1.03811979293823242e-01
-1.01339787244796753e-01
1.94719694554805756e-02
-5.00848963856697083e-02
1.19039621204137802e-02
3.09584364295005798e-02
7.07398056983947754e-02
1.94425098598003387e-02
5.06396666169166565e-02
1.01691171526908875e-01
8.32949113100767136e-03
1.72145236283540726e-02
-1.03482402861118317e-01
-5.07976189255714417e-02
-9.36982929706573486e-02
-2.05958075821399689e-02
-7.07433931529521942e-03
4.90595540031790733e-03
3.60491871833801270e-02
-2.57271137088537216e-02
-6.74654021859169006e-02
-8.80973488092422485e-02
2.71208863705396652e-02
-3.52748408913612366e-02
-9.99157279729843140e-02
2.44555175304412842e-02
4.18952330946922302e-02
9.10171046853065491e-02
1.22845927253365517e-02
6.40312433242797852e-02
-1.71355493366718292e-02
1.13572530448436737e-01
-1.10188707709312439e-01
-4.10328470170497894e-02
-8.83792638778686523e-02
1.18383457884192467e-02
5.55812045931816101e-02
9.59184169769287109e-02
1.29606351256370544e-01
6.15469999611377716e-02
-1.13946404308080673e-02
-1.05256274342536926e-01
-5.54384328424930573e-02
-4.76693883538246155e-02
-1.14651627838611603e-01
-2.16983649879693985e-02
-2.40576677024364471e-02
-2.01267818920314312e-03
-2.62737460434436798e-02
-3.11594568192958832e-02
-8.68324488401412964e-02
-1.14408051595091820e-02
-1.50864273309707642e-02
1.80557067506015301e-03
-1.21415086090564728e-01
-1.51803884655237198e-02
4.78118993341922760e-02
-5.02017103135585785e-02
-5.82501515746116638e-02
-9.87645983695983887e-02
-1.41770780086517334e-01
3.80932874977588654e-02
-1.06766968965530396e-02
-4.69553656876087189e-02
7.65218492597341537e-03
5.02539984881877899e-02
8.55715051293373108e-02
9.65104475617408752e-02
6.89575001597404480e-02
1.33015587925910950e-01
-2.42907311767339706e-02
8.86375159025192261e-02
1.98943540453910828e-02
-1.01191036403179169e-01
-5.88973909616470337e-02
7.93436728417873383e-03
8.49142670631408691e-02
5.50241135060787201e-02
2.49069407582283020e-02
-6.96837157011032104e-02
-3.24137844145298004e-02
1.65993289556354284e-03
5.22625930607318878e-02
6.47211298346519470e-02
1.15766969975084066e-03
4.61334697902202606e-02
-1.11241683363914490e-01
-4.95264939963817596e-02
-9.35213342308998108e-02
1.27993151545524597e-01
-2.55228728055953979e-02
-7.64121264219284058e-02
1.07032634317874908e-01
-4.74124476313591003e-02
7.86189222708344460e-04
5.44844828546047211e-02
1.14500582218170166e-01
1.00826425477862358e-02
6.06067925691604614e-02
5.98809272050857544e-02
1.17412861436605453e-02
5.32708689570426941e-02
1.03154674172401428e-01
-6.90495446324348450e-02
-5.65504506230354309e-02
-5.27274720370769501e-02
3.92183549702167511e-02
-3.20100486278533936e-02
3.09494622051715851e-02
5.51413893699645996e-02
4.10437248647212982e-02
-8.24723467230796814e-02
9.40598696470260620e-02
-4.63459547609090805e-03
-1.42361735925078392e-02
-9.77185219526290894e-02
3.89192923903465271e-02
6.36587291955947876e-02
1.21220864355564117e-01
6.17813691496849060e-02
1.40907227993011475e-01
4.30332496762275696e-02
1.86031609773635864e-02
-1.62246208637952805e-02
8.67934152483940125e-02
8.06437656283378601e-02
-1.11969701945781708e-01
-2.29503195732831955e-02
-1.80987957864999771e-02
-3.62171046435832977e-02
8.94216671586036682e-02
7.07698101177811623e-03
7.94417876750230789e-03
-9.06040593981742859e-02
6.64889961481094360e-02
-1.79253309033811092e-03
-7.59079828858375549e-02
-6.80016502737998962e-02
-8.37334915995597839e-02
-4.08392548561096191e-02
3.82036790251731873e-02
9.08721834421157837e-02
-1.23921684920787811e-01
6.28646537661552429e-02
-9.83742773532867432e-02
-9.16148442775011063e-03
-1.35978693142533302e-02
1.07083223760128021e-01
-5.36331273615360260e-02
-2.86855809390544891e-02
5.55816069245338440e-02
-6.09135162085294724e-03
-2.25227661430835724e-02
1.16013055667281151e-02
3.68581600487232208e-02
-8.33138152956962585e-02
-9.57563817501068115e-02
-1.48720026481896639e-03
5.69272115826606750e-02
7.42657631635665894e-02
1.43957272171974182e-01
-3.24383713304996490e-02
-6.97200372815132141e-02
-7.62397050857543945e-02
-3.70371080935001373e-02
1.70001871883869171e-02
-1.01570777595043182e-01
6.61600604653358459e-02
-5.10735064744949341e-02
3.64771224558353424e-02
5.98081648349761963e-02
6.20019845664501190e-02
2.13087759912014008e-02
-2.52232421189546585e-02
4.12398129701614380e-02
-1.11036330461502075e-01
1.35595411062240601e-01
-3.36771085858345032e-02
8.81529152393341064e-02
-5.20704090595245361e-02
-1.12055040895938873e-01
1.35445073246955872e-01
-5.65040297806262970e-03
5.85474297404289246e-02
-5.56500144302845001e-02
9.85554233193397522e-02
4.76156920194625854e-02
2.47458387166261673e-02
-7.53528848290443420e-02
-2.34217625111341476e-02
-2.05469001084566116e-02
-1.09439022839069366e-01
-5.27332983911037445e-02
-1.43559034913778305e-02
-2.18108273111283779e-03
6.27380087971687317e-02
-5.74358701705932617e-02
-1.34952276945114136e-01
7.52133205533027649e-02
6.26264959573745728e-02
-2.85297241061925888e-02
2.48255499172955751e-04
-1.31952896714210510e-01
-2.04884372651576996e-02
2.90156137198209763e-02
-1.02094992995262146e-01
3.54098081588745117e-02
-7.51980766654014587e-02
-2.11518462747335434e-02
3.60080301761627197e-02
2.19935085624456406e-02
1.51736307889223099e-02
9.11751538515090942e-02
5.45352846384048462e-02
9.71083343029022217e-02
5.94983212649822235e-02
7.44321048259735107e-02
-9.20124799013137817e-02
-7.97819644212722778e-02
8.20368304848670959e-02
-6.10692836344242096e-02
7.20140114426612854e-02
-1.58018812537193298e-01
-4.49481420218944550e-02
-4.94972504675388336e-02
-4.48663756251335144e-02
-6.18160292506217957e-02
5.05940383300185204e-03
-6.88200294971466064e-02
5.35665974020957947e-02
-1.18600353598594666e-01
-6.04121871292591095e-02
6.28817081451416016e-02
2.78018880635499954e-02
-9.06389579176902771e-02
3.03486008197069168e-02
9.36406552791595459e-02
3.13849933445453644e-02
-1.28379195928573608e-01
1.19298718869686127e-01
-2.50367745757102966e-02
-4.28478084504604340e-02
1.59367829561233521e-01
-7.45207369327545166e-02
-2.45490763336420059e-02
-9.07456651329994202e-02
-5.53263202309608459e-02
-1.96440052241086960e-02
-5.64649254083633423e-02
-1.10675878822803497e-01
-2.61939708143472672e-02
8.56353864073753357e-02
-4.19783182442188263e-02
-1.43719958141446114e-02
1.01546190679073334e-01
-1.21214784681797028e-01
5.08149452507495880e-02
1.78268067538738251e-02
-4.10207509994506836e-02
2.58581954985857010e-02
3.25341261923313141e-02
-1.18752848356962204e-02
1.25107586383819580e-01
7.76087865233421326e-02
2.08576358854770660e-02
-8.92807357013225555e-03
-4.04457636177539825e-02
-8.92137363553047180e-02
-1.71825751662254333e-01
3.35935205221176147e-02
-3.57988439500331879e-02
2.57880110293626785e-02
8.17671865224838257e-02
1.61042451858520508e-01
-1.48372426629066467e-02
-1.01137690246105194e-01
7.30795934796333313e-02
-1.34364008903503418e-01
4.18869778513908386e-02
-1.35466977953910828e-01
-7.89032727479934692e-02
-3.35659869015216827e-02
4.64565604925155640e-02
-5.23267406970262527e-03
1.31925985217094421e-01
9.89565253257751465e-02
6.61403639242053032e-03
-1.95379108190536499e-02
6.14323504269123077e-02
4.73148562014102936e-02
-1.16715475916862488e-01
-6.27052038908004761e-02
-1.57774403691291809e-01
-4.26880121231079102e-02
1.12911932170391083e-01
-2.40852702409029007e-02
-3.44178546220064163e-03
-2.78647849336266518e-03
1.66975036263465881e-02
-5.81627227365970612e-02
-5.60423405840992928e-03
1.18136882781982422e-01
2.36201994121074677e-02
-2.99792066216468811e-02
6.96640610694885254e-02
-3.62259373068809509e-02
-1.13382160663604736e-01
1.78136713802814484e-02
-6.66800886392593384e-02
-3.31517606973648071e-02
6.33805692195892334e-02
1.61045029759407043e-01
2.72906050086021423e-02
-4.56993058323860168e-02
7.09961950778961182e-02
-6.00243732333183289e-02
1.32192447781562805e-01
8.22594314813613892e-02
-3.77739197574555874e-03
-3.51719781756401062e-02
6.04518726468086243e-02
1.68224703520536423e-02
-2.25693490356206894e-02
-3.51957529783248901e-02
5.84378466010093689e-02
3.64725068211555481e-02
7.90306627750396729e-02
-1.19392901659011841e-01
-3.80854643881320953e-02
-4.77126464247703552e-02
-5.73150962591171265e-02
6.47246614098548889e-02
6.86679631471633911e-02
-7.63797014951705933e-02
-8.69501829147338867e-02
9.59328487515449524e-02
8.29757601022720337e-02
5.61263635754585266e-02
1.50374043732881546e-02
-7.31697771698236465e-03
-6.46029859781265259e-02
-6.05125650763511658e-02
2.03986149281263351e-02
-2.54873726516962051e-02
-1.35144740343093872e-02
1.06947664171457291e-02
9.80235338211059570e-02
7.12212994694709778e-02
8.28563235700130463e-03
-3.47499363124370575e-02
1.20240509510040283e-01
3.82723137736320496e-02
-7.81283378601074219e-02
4.27695326507091522e-02
4.81041297316551208e-02
-2.24373079836368561e-02
4.25805114209651947e-02
9.27717015147209167e-02
5.54615408182144165e-02
-2.86552589386701584e-02
8.35498273372650146e-02
3.60236018896102905e-02
1.07713438570499420e-01
9.63193736970424652e-03
9.10473316907882690e-02
3.16338893026113510e-03
-5.94381280243396759e-02
1.80410910397768021e-02
-8.75555165112018585e-03
4.36538308858871460e-02
1.22717767953872681e-01
-2.13768929243087769e-02
-6.79471120238304138e-02
1.10040985047817230e-01
-7.53722293302416801e-03
1.54349002987146378e-02
9.71925109624862671e-02
-8.04013833403587341e-02
1.06310388073325157e-02
-7.15314745903015137e-02
7.01473727822303772e-02
3.30444946885108948e-02
5.73557394091039896e-04
-2.25064940750598907e-02
9.84221026301383972e-02
-2.58579244837164879e-03
3.25320251286029816e-02
7.26676583290100098e-02
2.53736451268196106e-02
-1.04575743898749352e-02
9.06908214092254639e-02
4.91394586861133575e-02
-4.75640110671520233e-02
7.23887875210493803e-04
-7.05008357763290405e-02
1.09368160367012024e-01
-1.05066351592540741e-01
1.66090931743383408e-02
-1.11872285604476929e-01
1.46877631545066833e-01
-8.27044099569320679e-02
-2.12538260966539383e-02
-1.15553908050060272e-01
-1.16449877619743347e-01
-4.39440123736858368e-02
-1.06969334185123444e-01
-4.45984825491905212e-02
-4.37795184552669525e-02
4.25948724150657654e-02
-8.05531591176986694e-02
-1.20847753714770079e-03
5.92635981738567352e-02
6.16302378475666046e-02
4.50680434703826904e-01
7.87619650363922119e-01
1.18050706386566162e+00
1.80350148677825928e+00
-9.74193215370178223e-01
2.69425570964813232e-01
-3.78960996866226196e-01
9.90995049476623535e-01
-1.53260791301727295e+00
-2.69597947597503662e-01
2.33166837692260742e+00
3.28121066093444824e-01
4.89567458629608154e-01
6.01174712181091309e-01
-2.14264392852783203e+00
4.65187549591064453e-01
-1.97542214393615723e+00
1.99593913555145264e+00
1.61006838083267212e-01
-2.20080852508544922e-01
-1.11118018627166748e+00
-8.49843502044677734e-01
9.62491035461425781e-01
2.15643310546875000e+00
1.08679962158203125e+00
1.05599097907543182e-01
1.08278669416904449e-01
7.29069411754608154e-02
1.69423103332519531e-01
4.89358417689800262e-02
-2.43644237518310547e-01
-1.39043718576431274e-01
-2.00634123757481575e-03
-1.25287864357233047e-02
-5.60146011412143707e-03
3.92647786065936089e-03
-4.94383974000811577e-03
1.20161604136228561e-02
8.19745007902383804e-04
-6.82136788964271545e-02
-6.97487890720367432e-02
2.75869332253932953e-02
1.23854711651802063e-01
-7.17860534787178040e-02
-1.48675024509429932e-01
-7.02079832553863525e-02
1.01836472749710083e-01
6.53734207153320312e-02
-4.26590628921985626e-02
3.45693677663803101e-02
6.28256052732467651e-02
1.17973662912845612e-01
-4.23608114942908287e-03
-1.00438311696052551e-01
1.54859289526939392e-01
-4.03247624635696411e-02
4.52934764325618744e-02
-3.85817210189998150e-03
-2.23473906517028809e-02
-8.36521983146667480e-02
6.76269829273223877e-02
1.53882995247840881e-01
-7.92399346828460693e-02
2.03607633709907532e-01
3.83481159806251526e-02
-2.17783953994512558e-02
-5.55593669414520264e-02
-2.15481087565422058e-01
-1.43216416239738464e-01
-4.30134870111942291e-02
-1.57109767198562622e-01
-3.79939712584018707e-02
2.14275810867547989e-02
-1.63035895675420761e-02
2.58583016693592072e-02
-1.09923435375094414e-02
-6.68864324688911438e-02
6.32884271908551455e-04
-1.85900591313838959e-02
-1.14724591374397278e-01
1.60525113344192505e-01
-1.62877231836318970e-01
-3.15375812351703644e-02
-2.20019649714231491e-03
-4.23794146627187729e-04
-1.22473940253257751e-01
2.18116622418165207e-02
-1.44785404205322266e-01
5.72673231363296509e-02
-1.09421879053115845e-01
-5.02926483750343323e-02
-1.28845110535621643e-01
1.41869917511940002e-01
1.38872144743800163e-02
-8.04493129253387451e-02
1.50161990895867348e-02
-1.39954790472984314e-01
-3.65687906742095947e-02
-7.12952166795730591e-02
-2.57888473570346832e-02
-8.11607390642166138e-02
8.64842683076858521e-02
2.01233960688114166e-02
1.32282897830009460e-01
1.00446231663227081e-01
1.01645320653915405e-01
-1.33566319942474365e-01
-1.34107023477554321e-01
-2.06661894917488098e-01
7.03893927857279778e-03
1.55642966274172068e-03
6.11827010288834572e-03
-2.12264363653957844e-03
-3.02572781220078468e-03
9.21271182596683502e-03
1.15794530138373375e-02
6.34645868558436632e-04
-2.55221650004386902e-02
-1.80977940559387207e-01
2.55546625703573227e-02
1.49467391893267632e-02
7.44162127375602722e-02
-8.25136676430702209e-02
-1.15100026130676270e-01
-4.95543666183948517e-02
9.59802195429801941e-02
1.25446245074272156e-01
-1.10502623021602631e-01
-2.25841850042343140e-02
6.85761049389839172e-02
6.49367496371269226e-02
1.44583329558372498e-01
8.72111767530441284e-02
-4.98735010623931885e-02
1.19574613869190216e-01
1.46030886098742485e-02
8.12209174036979675e-02
-1.39722943305969238e-01
-1.87499523162841797e-02
-1.39068737626075745e-01
9.23105105757713318e-02
7.52186030149459839e-02
1.43633842468261719e-01
8.97455513477325439e-02
1.84235155582427979e-01
1.97785913944244385e-01
2.05987244844436646e-01
-8.65620821714401245e-02
5.62163889408111572e-02
-3.06047918274998665e-03
1.14087788388133049e-02
-5.79179823398590088e-03
-1.61556359380483627e-02
1.02774761617183685e-02
-9.25457477569580078e-03
7.66016135457903147e-04
9.42705257330089808e-04
-6.34549632668495178e-02
6.73698559403419495e-02
1.02033883333206177e-01
1.01344436407089233e-01
9.95307136327028275e-03
-1.47675663232803345e-01
-7.57933780550956726e-02
-1.29543527960777283e-01
-9.44420546293258667e-02
8.47670137882232666e-02
-2.85208178684115410e-03
9.63238701224327087e-02
-6.12718164920806885e-02
-1.14507339894771576e-02
-1.39936789870262146e-01
3.59116420149803162e-02
1.05776354670524597e-01
-9.37636196613311768e-02
1.41640836372971535e-02
-1.42161939293146133e-02
8.41258615255355835e-02
5.37712723016738892e-02
-5.41385971009731293e-02
1.19619734585285187e-01
-3.38395684957504272e-02
-8.77271220088005066e-02
-6.13204278051853180e-02
1.41773179173469543e-01
1.07830666005611420e-01
1.81537881493568420e-01
7.96448066830635071e-02
2.07251310348510742e-03
-1.04839662089943886e-02
1.17627531290054321e-02
-1.07791172340512276e-02
-3.56296775862574577e-03
4.36753313988447189e-03
-3.01097374176606536e-04
6.82750390842556953e-03
9.05312746763229370e-02
6.28125891089439392e-02
1.23789988458156586e-01
8.97465944290161133e-02
-3.72465699911117554e-02
7.96850584447383881e-03
-1.01600959897041321e-01
-1.70289520174264908e-02
-8.30467566847801208e-02
8.96355211734771729e-02
-4.04725931584835052e-02
9.92010906338691711e-02
-1.31156921386718750e-01
2.17137709259986877e-02
6.94153904914855957e-02
-1.72003339976072311e-02
-9.99725311994552612e-02
-9.14168059825897217e-02
1.29107162356376648e-01
8.11809673905372620e-03
-1.11578606069087982e-01
6.49117454886436462e-02
9.79878455400466919e-02
9.39639359712600708e-02
-1.25776693224906921e-01
-5.38818240165710449e-02
-1.47929579019546509e-01
5.96643015742301941e-02
-1.88509270548820496e-01
-1.02517463266849518e-01
-2.83891092985868454e-02
-1.53052043169736862e-02
-1.21871829032897949e-02
-1.24658597633242607e-02
-1.07408699113875628e-03
-1.14603228867053986e-02
2.50057112425565720e-02
-1.13181350752711296e-03
1.39016523957252502e-01
2.10747495293617249e-02
-2.95337499119341373e-03
1.29485815763473511e-01
8.86218696832656860e-02
-1.15542978048324585e-01
1.01078435778617859e-01
2.21842862665653229e-02
-2.77722496539354324e-02
1.17344662547111511e-01
2.82822232693433762e-02
1.22452460229396820e-01
-1.17130085825920105e-01
-1.53960570693016052e-01
-3.01584275439381599e-03
-1.29703665152192116e-02
-1.10357053577899933e-01
-1.21938779950141907e-01
6.69246464967727661e-02
-1.11538410186767578e-01
9.84819903969764709e-02
7.98538997769355774e-02
-3.71690541505813599e-02
-1.06653846800327301e-01
-5.40399998426437378e-02
8.99911746382713318e-02
2.19585280865430832e-02
-1.00792758166790009e-01
-1.96217209100723267e-01
2.25201267749071121e-02
-1.60420298576354980e-01
-3.49472053349018097e-02
-5.60087477788329124e-03
2.32547204941511154e-02
-1.60379037261009216e-02
-1.36524559929966927e-02
1.58576481044292450e-02
2.17589065432548523e-02
2.64772916125366464e-05
-1.48584693670272827e-01
6.41834884881973267e-02
-6.69274330139160156e-02
1.06147408485412598e-01
2.92010288685560226e-02
8.65748599171638489e-02
-3.89844030141830444e-02
2.78441570699214935e-02
-8.91314521431922913e-02
-1.43372148275375366e-01
-5.80764301121234894e-02
1.38014599680900574e-01
7.86091461777687073e-02
6.93359375000000000e-02
1.10053203999996185e-01
-9.21110659837722778e-02
6.59339651465415955e-02
1.38809636235237122e-01
-7.68421888351440430e-02
-9.56843942403793335e-02
-1.93401332944631577e-02
7.67818614840507507e-02
-9.53049287199974060e-02
-6.85787945985794067e-02
-5.72308897972106934e-02
-1.09927296638488770e-01
-1.20504766702651978e-01
-5.87640479207038879e-02
-2.01721413759514689e-04
-1.06957606971263885e-01
-1.36506929993629456e-01
1.73972114920616150e-01
-3.17253847606480122e-03
-1.08450464904308319e-02
-5.03037823364138603e-03
6.73561776056885719e-03
6.20920071378350258e-03
-8.45745299011468887e-03
-5.04036725033074617e-04
7.89257287979125977e-02
1.02087520062923431e-01
-4.02204766869544983e-02
5.65129332244396210e-02
-8.03069323301315308e-02
1.13653324544429779e-01
5.00678978860378265e-02
4.26733791828155518e-02
-3.84126324206590652e-03
1.27367284148931503e-02
6.17205314338207245e-02
-5.34348189830780029e-02
1.61936044692993164e-01
1.26305297017097473e-01
-1.00917473435401917e-01
1.91208962351083755e-02
-1.99319601058959961e-01
8.11004545539617538e-04
-9.80882272124290466e-02
9.18260440230369568e-02
1.86461582779884338e-01
-4.72132079303264618e-02
1.17187701165676117e-01
3.59871350228786469e-02
-8.17988738417625427e-02
2.61739790439605713e-02
6.59217238426208496e-02
-1.65996036957949400e-03
4.04605045914649963e-02
1.54360681772232056e-01
2.68935114145278931e-01
1.20538519695401192e-02
9.76473279297351837e-03
-6.40985788777470589e-03
8.86690616607666016e-03
1.16015563253313303e-03
9.35372617095708847e-03
-2.28603021241724491e-03
1.89402257092297077e-04
1.18175193667411804e-01
9.29113030433654785e-02
1.49350509047508240e-01
6.92629292607307434e-02
1.69528797268867493e-01
-3.17239016294479370e-02
-1.06815043836832047e-02
-7.62410163879394531e-02
4.17525023221969604e-02
1.21548421680927277e-01
-2.86584664136171341e-02
6.42291381955146790e-02
-8.13745781779289246e-02
7.41721540689468384e-02
-1.13893814384937286e-01
-5.15162535011768341e-02
1.53971120715141296e-01
-7.98092037439346313e-02
-4.00900803506374359e-02
-3.67539338767528534e-02
-9.20082181692123413e-02
-1.12829014658927917e-01
1.44202142953872681e-01
7.50557333230972290e-02
4.29219044744968414e-02
-1.11872360110282898e-01
9.13713220506906509e-03
-1.42051070928573608e-01
-1.02214775979518890e-01
-1.68078005313873291e-01
1.55064642429351807e-01
-1.71213313937187195e-01
-6.23036001343280077e-04
-5.80846983939409256e-03
1.07945995405316353e-02
1.01602934300899506e-02
-2.63461610302329063e-03
1.44635578617453575e-02
-2.86762224277481437e-04
-1.01385395973920822e-02
1.32170274853706360e-01
1.23152479529380798e-01
2.82518640160560608e-02
8.49385261535644531e-02
7.16593489050865173e-02
1.06945790350437164e-01
-6.58503249287605286e-02
-1.65137611329555511e-02
3.32053862512111664e-02
-7.74870514869689941e-02
-6.29083067178726196e-02
5.76926805078983307e-02
6.88005536794662476e-02
-5.66925927996635437e-02
-2.65561826527118683e-02
9.71313863992691040e-02
-2.20475181937217712e-01
-1.07589595019817352e-01
6.42417073249816895e-02
-1.32978513836860657e-01
2.77129709720611572e-02
-8.20768177509307861e-02
-2.92571075260639191e-02
-6.84567540884017944e-02
1.46916612982749939e-01
1.08982607722282410e-01
2.10025727748870850e-01
-8.83517041802406311e-03
1.16907924413681030e-01
1.46558389067649841e-01
-1.34432867169380188e-01
-4.13579447194933891e-03
1.91123003605753183e-03
-8.44319351017475128e-04
-8.66286514792591333e-04
4.17364761233329773e-03
-1.44376028329133987e-02
-5.19770546816289425e-04
-1.24747171998023987e-01
-8.26612189412117004e-02
-1.56492993235588074e-01
-1.27246499061584473e-01
3.77652235329151154e-03
1.63382008671760559e-01
1.22607700526714325e-01
2.91774235665798187e-02
-1.02951094508171082e-01
-1.22635684907436371e-01
-9.58262383937835693e-02
4.93095554411411285e-02
-4.32103164494037628e-02
-1.26252576708793640e-01
7.97196924686431885e-02
-1.79278001189231873e-01
6.28511831164360046e-02
-4.20094728469848633e-02
1.44189119338989258e-01
-1.59002944827079773e-01
1.60982176661491394e-01
-1.32140459027141333e-03
-1.16043940186500549e-01
-5.50134703516960144e-02
-8.07346329092979431e-02
1.97302503511309624e-03
1.08078084886074066e-01
1.10154867172241211e-01
9.11482125520706177e-02
1.08040757477283478e-01
-1.47879317402839661e-01
-1.09046183526515961e-01
1.97536335326731205e-03
1.57995021436363459e-03
1.24957459047436714e-02
-2.12238840758800507e-02
-3.25024593621492386e-03
-8.11068993061780930e-03
-7.91976577602326870e-04
-1.30761027336120605e-01
1.23627051711082458e-01
-5.35661764442920685e-02
-1.60656720399856567e-01
1.65476147085428238e-02
-9.40561369061470032e-02
1.31551057100296021e-01
2.93366536498069763e-02
-5.95516338944435120e-03
3.24214659631252289e-02
6.13531880080699921e-02
2.50256108120083809e-03
6.48038610816001892e-02
-1.72000497579574585e-01
1.56651258468627930e-01
9.85657274723052979e-02
-4.39851395785808563e-02
2.03080289065837860e-02
1.07482962310314178e-01
-6.38968870043754578e-03
1.51775643229484558e-01
5.75883425772190094e-02
-1.37560784816741943e-01
4.83098663389682770e-02
-6.65878653526306152e-02
-1.72637701034545898e-01
7.28858709335327148e-02
3.63800581544637680e-03
-6.36083483695983887e-02
1.07801117002964020e-01
-4.73107919096946716e-02
1.32290840148925781e-01
1.46798836067318916e-02
-8.00025183707475662e-03
-2.54337787628173828e-02
4.09788126125931740e-03
2.34772767871618271e-02
3.49498279392719269e-02
-4.49219602160155773e-04
2.98146493732929230e-02
-2.48804409056901932e-02
-7.81918466091156006e-02
2.28312052786350250e-02
-1.02435275912284851e-01
4.81799691915512085e-02
-5.65468817949295044e-02
6.96333646774291992e-02
-1.38610992580652237e-02
4.26408536732196808e-02
1.12218178808689117e-01
-1.01582489907741547e-01
1.91139951348304749e-01
-5.14619834721088409e-02
-9.01874601840972900e-02
-1.24604359269142151e-01
-4.36046645045280457e-02
-3.93330566585063934e-02
1.41252696514129639e-01
-6.22937269508838654e-02
9.91724655032157898e-02
1.73228550702333450e-02
-1.08379915356636047e-01
-8.97230021655559540e-03
9.29018035531044006e-02
-1.35847300291061401e-01
-1.54565736651420593e-01
-1.14527419209480286e-01
3.85045334696769714e-02
1.91819638013839722e-01
-7.70023390650749207e-02
4.68875057995319366e-02
-3.56468767859041691e-03
2.08923287573270500e-04
2.69110035151243210e-02
2.24476102739572525e-02
-5.82534074783325195e-03
1.69600471854209900e-02
-3.48726520314812660e-04
1.76878310739994049e-02
-1.43446207046508789e-01
1.24802470207214355e-01
5.02060949802398682e-02
4.49001081287860870e-02
-9.21196416020393372e-02
3.20720747113227844e-02
1.00740335881710052e-01
4.04891297221183777e-02
-1.23685590922832489e-01
9.87397059798240662e-02
1.46087065339088440e-01
4.78094816207885742e-02
1.10377043485641479e-01
1.38156145811080933e-01
-7.87102356553077698e-02
-3.19696478545665741e-02
7.47433006763458252e-02
-4.27659749984741211e-02
-1.84340164065361023e-01
-1.62807494401931763e-01
7.22782686352729797e-02
4.26541417837142944e-02
5.27789294719696045e-02
-6.85426294803619385e-02
1.09911998733878136e-02
-5.42635656893253326e-02
8.92177596688270569e-02
-9.13969203829765320e-02
-1.35611459612846375e-01
-1.87828451395034790e-01
-1.37212544679641724e-01
8.09706561267375946e-03
1.24869477003812790e-02
2.46395785361528397e-02
4.02923822402954102e-02
-1.04653965681791306e-02
3.27896163798868656e-03
8.08642827905714512e-04
-1.33339226245880127e-01
8.27815104275941849e-03
9.72192138433456421e-02
2.50538066029548645e-02
1.32851544767618179e-02
-8.73912200331687927e-02
-5.99519535899162292e-02
2.65348106622695923e-02
1.94355905055999756e-01
-6.02904856204986572e-02
-1.31527215242385864e-01
9.00028198957443237e-02
-2.07524374127388000e-02
8.40678215026855469e-02
-8.01307149231433868e-03
6.55603036284446716e-02
6.82017579674720764e-02
-1.05426095426082611e-01
6.80742412805557251e-02
3.22807244956493378e-02
1.74617171287536621e-01
-1.31063431501388550e-01
5.11189252138137817e-02
5.34377656877040863e-02
-1.67771559208631516e-02
-5.67597374320030212e-02
-1.87926918268203735e-01
-1.55275046825408936e-01
-2.09939613938331604e-01
1.72207672148942947e-02
1.93548291921615601e-01
-8.36163014173507690e-02
6.12358655780553818e-03
9.17447730898857117e-03
4.01373906061053276e-03
-6.12942362204194069e-03
1.89074210356920958e-03
-8.82370676845312119e-03
-1.68460799613967538e-04
7.47431442141532898e-02
1.02466456592082977e-01
-5.77933387830853462e-03
1.17326311767101288e-01
7.03552067279815674e-02
-8.38709548115730286e-02
-8.42724218964576721e-02
7.81021341681480408e-02
9.32772830128669739e-03
1.06640584766864777e-01
4.25283685326576233e-02
-1.00257266312837601e-02
6.99707642197608948e-02
-1.72560781240463257e-01
3.01272906363010406e-02
1.23439505696296692e-02
-1.01480521261692047e-01
1.35340377688407898e-01
-2.35432460904121399e-02
-8.95127952098846436e-02
5.03762103617191315e-02
-1.55829101800918579e-01
-1.26483291387557983e-01
-1.21064577251672745e-02
3.37159559130668640e-02
1.41197606921195984e-01
1.13880619406700134e-01
1.09838746488094330e-01
1.91341802477836609e-01
-1.16011440753936768e-01
9.37851220369338989e-02
-1.79211810231208801e-01
-2.69790762104094028e-03
9.66972857713699341e-03
-1.05202915146946907e-02
-1.57710490748286247e-03
-8.27998947352170944e-03
9.23498068004846573e-03
3.55352531187236309e-05
-4.34348098933696747e-02
9.87256541848182678e-02
-1.00176341831684113e-01
1.12502574920654297e-01
2.42911325767636299e-03
-4.21463698148727417e-02
1.13313116133213043e-01
-1.51274487376213074e-01
6.50248080492019653e-02
-4.83935885131359100e-02
-1.23912274837493896e-01
-1.10951103270053864e-01
-9.54412147402763367e-02
-4.48824390769004822e-02
7.65768140554428101e-02
-6.66493251919746399e-02
-2.43993196636438370e-03
-4.12260405719280243e-02
5.74888251721858978e-02
5.85371293127536774e-02
3.41247282922267914e-02
-7.10623711347579956e-02
-4.18550334870815277e-02
-1.29574537277221680e-01
-1.14210639148950577e-02
-7.33250975608825684e-02
5.47796860337257385e-02
-6.49435222148895264e-02
1.61365911364555359e-01
-1.36935830116271973e-01
-4.45652306079864502e-02
1.97471063584089279e-02
1.52453286573290825e-02
1.38798286207020283e-03
-3.70739703066647053e-03
1.61132868379354477e-03
1.90819110721349716e-02
8.91017541289329529e-03
4.21482109231874347e-05
9.83982682228088379e-02
1.35608702898025513e-01
6.27009421586990356e-02
-6.33272230625152588e-02
-1.02021150290966034e-01
8.35599750280380249e-02
-1.24531751498579979e-02
1.02185323834419250e-01
9.38235372304916382e-02
1.22448280453681946e-01
-5.89089430868625641e-02
-4.14860844612121582e-02
1.32880479097366333e-01
5.11819571256637573e-02
9.57105383276939392e-02
4.82017956674098969e-02
-1.14988364279270172e-01
5.56738674640655518e-02
-6.44570623990148306e-04
-3.37293483316898346e-02
1.16189397871494293e-01
-1.47083938121795654e-01
1.68852284550666809e-01
1.11367754638195038e-01
3.60362231731414795e-02
1.56445086002349854e-01
4.36612479388713837e-02
-3.08101084083318710e-02
-1.66644409298896790e-01
1.56067639589309692e-01
4.29888293147087097e-02
1.93753726780414581e-02
-2.92625138536095619e-03
2.15413514524698257e-02
-3.04821715690195560e-03
-1.03152608498930931e-02
-1.35564459487795830e-02
1.01687889546155930e-02
-8.55819380376487970e-04
8.30185338854789734e-02
1.04715814813971519e-02
7.05507546663284302e-02
1.19147025048732758e-01
-5.80729916691780090e-02
-8.34616124629974365e-02
-1.02611258625984192e-01
-4.22574728727340698e-02
-1.08789741992950439e-01
-7.91549831628799438e-02
-8.03134664893150330e-02
-7.60365575551986694e-02
7.50397741794586182e-02
8.97750407457351685e-02
1.25303879380226135e-01
1.07531391084194183e-01
2.11063232272863388e-02
-9.78699997067451477e-02
2.69370768219232559e-02
1.69690057635307312e-01
8.62386971712112427e-02
7.54726305603981018e-02
1.10069356858730316e-01
1.40490068588405848e-03
-7.13414922356605530e-02
-1.08803715556859970e-02
-1.46774098277091980e-01
-3.78208868205547333e-02
-1.69983655214309692e-02
4.26888205111026764e-02
-2.07491233944892883e-01
-1.26144275069236755e-01
7.57784629240632057e-03
5.55800041183829308e-03
6.13558851182460785e-03
5.40980044752359390e-03
1.36029114946722984e-02
9.29478846956044436e-04
4.79826530863647349e-06
-1.20292222127318382e-02
-3.29228453338146210e-02
-8.51587802171707153e-02
3.06848343461751938e-02
1.52462631464004517e-01
1.27969279885292053e-01
-1.19830437004566193e-01
-1.52035686187446117e-03
-6.57312646508216858e-02
-1.05901882052421570e-01
9.83702540397644043e-02
6.26917183399200439e-02
-8.93412679433822632e-02
3.85282039642333984e-02
1.90047651529312134e-01
7.36456969752907753e-03
5.61419390141963959e-02
4.38271351158618927e-02
5.50889559090137482e-02
6.26127701252698898e-04
-2.74848262779414654e-03
-8.77589657902717590e-02
3.67113649845123291e-02
-1.52123257517814636e-01
7.69939571619033813e-02
-7.62549117207527161e-02
-4.83170524239540100e-02
5.92730864882469177e-02
-2.66508489847183228e-01
-2.43378207087516785e-02
-1.80961728096008301e-01
-8.60616341233253479e-02
-1.22093865647912025e-02
-4.25431737676262856e-03
-1.74041055142879486e-02
6.29899976775050163e-03
-1.49026298895478249e-02
2.70488858222961426e-03
-2.08978221053257585e-04
-1.65034756064414978e-02
-2.23933346569538116e-02
3.05890589952468872e-02
1.11510984599590302e-01
6.10698983073234558e-02
4.58878725767135620e-02
1.98168493807315826e-02
3.56840267777442932e-02
6.15004189312458038e-02
1.15824654698371887e-01
1.76675133407115936e-02
-1.41011960804462433e-02
-2.49921362847089767e-02
8.61373692750930786e-02
4.52884994447231293e-02
-3.97072657942771912e-02
-6.56437575817108154e-02
-1.06971830129623413e-01
4.30532172322273254e-02
9.86715108156204224e-02
-1.27438157796859741e-01
6.29087835550308228e-02
-3.68860773742198944e-02
1.17270804941654205e-01
3.34808416664600372e-02
1.46148517727851868e-01
1.38748705387115479e-01
1.36059671640396118e-01
3.56999784708023071e-02
2.11275100708007812e-01
-1.17242150008678436e-01
-4.34566549956798553e-02
-1.07109583914279938e-02
-1.11253354698419571e-02
-1.48814311251044273e-02
-1.33654791861772537e-02
-4.69155749306082726e-03
-1.40887848101556301e-03
-2.79755495284916833e-05
-8.70730355381965637e-02
1.83227239176630974e-03
-8.87314975261688232e-02
-5.65470270812511444e-02
1.25940561294555664e-01
9.86105427145957947e-02
5.89199513196945190e-02
-4.02835346758365631e-02
-1.15416444838047028e-01
-7.81551003456115723e-02
-5.53726404905319214e-02
-5.64832389354705811e-02
-7.07970112562179565e-02
-1.16149619221687317e-01
1.89690440893173218e-01
1.12608599010854959e-03
1.21414668858051300e-01
-1.43488124012947083e-01
1.10037930309772491e-01
-1.27509832382202148e-01
-3.88607382774353027e-02
-8.32225233316421509e-02
-1.47817805409431458e-01
-1.16728328168392181e-01
-1.29867762327194214e-01
-9.69022214412689209e-02
-1.25345215201377869e-01
-1.76964178681373596e-01
7.34754502773284912e-02
-3.51957604289054871e-02
7.59261399507522583e-02
9.45892408490180969e-02
-1.34436162188649178e-02
1.62879899144172668e-02
-4.94745466858148575e-03
-8.08167178183794022e-03
-6.80758897215127945e-03
9.88117652013897896e-04
2.67843191977590322e-04
5.29845692217350006e-02
-4.84887659549713135e-02
6.40275925397872925e-02
-1.28089979290962219e-01
-2.17147264629602432e-02
-3.43720018863677979e-02
-6.80223330855369568e-02
1.03479042649269104e-01
-1.08722105622291565e-01
5.92139735817909241e-02
-1.29611581563949585e-01
5.34421391785144806e-02
1.43680006265640259e-01
-1.01942509412765503e-01
-2.32277885079383850e-02
-5.29469363391399384e-02
8.96479710936546326e-02
1.34094133973121643e-02
-1.58839821815490723e-02
1.64719358086585999e-01
1.01598508656024933e-01
-6.44233673810958862e-02
-1.08058318495750427e-01
1.15857020020484924e-01
-9.99330356717109680e-02
-1.96596849709749222e-02
-3.80548574030399323e-02
1.72744691371917725e-02
-1.11256234347820282e-01
2.23163768649101257e-01
1.74054086208343506e-01
-7.84900784492492676e-02
-2.18614866025745869e-03
5.82802109420299530e-03
-2.05983105115592480e-03
3.51107004098594189e-03
-8.40886961668729782e-03
1.20469427201896906e-03
-4.79044028907082975e-05
-1.20704695582389832e-01
-1.47424638271331787e-01
4.83911111950874329e-02
-1.26244768500328064e-01
3.12265548855066299e-02
-2.13554245419800282e-03
-1.27193808555603027e-01
1.02819176390767097e-02
1.16760633885860443e-01
3.68711464107036591e-02
-1.10128991305828094e-01
1.18759781122207642e-01
1.14497162401676178e-01
1.62133127450942993e-02
-7.98700526356697083e-02
5.81839904189109802e-02
6.17760643362998962e-02
-1.09961673617362976e-01
-7.43910744786262512e-02
-7.11881145834922791e-02
1.46428897976875305e-01
3.31595838069915771e-02
2.18059550970792770e-02
2.54894644021987915e-02
-8.11968147754669189e-02
-8.19163545966148376e-02
-2.90404967963695526e-02
2.12755035609006882e-02
2.91539076715707779e-03
-2.74368114769458771e-02
-2.83916980028152466e-01
-1.63026362657546997e-01
1.09586389735341072e-02
-1.00045753642916679e-02
2.16423049569129944e-02
-2.79735382646322250e-02
2.32583917677402496e-02
-1.24323908239603043e-02
-2.08515717531554401e-04
1.56645700335502625e-02
-4.13006357848644257e-02
1.59553103148937225e-02
-1.55783548951148987e-01
9.66720189899206161e-03
-1.89710035920143127e-02
3.42775732278823853e-02
1.74840956926345825e-01
1.25749990344047546e-01
2.55241896957159042e-02
-8.17994400858879089e-02
-4.18666489422321320e-02
2.84697115421295166e-03
-1.89858868718147278e-01
1.39523535966873169e-01
1.11443348228931427e-01
5.75880110263824463e-02
7.62645006179809570e-02
-3.81235405802726746e-02
-7.69297778606414795e-02
-8.65487679839134216e-02
-1.02236248552799225e-01
-1.32427543401718140e-01
-6.51422366499900818e-02
-5.27777299284934998e-02
-2.94878371059894562e-02
-7.07857608795166016e-02
4.59933057427406311e-02
-1.98423951864242554e-01
-1.66378349065780640e-01
9.98947992920875549e-02
-9.38082188367843628e-02
-1.68271362781524658e-03
-3.21523696184158325e-02
8.14810115844011307e-03
1.33668314665555954e-02
-2.42860964499413967e-03
-1.74299497157335281e-02
-2.21693655475974083e-04
-6.80795758962631226e-02
1.09472893178462982e-01
-5.34625304862856865e-03
6.54138550162315369e-02
-1.13928811624646187e-02
-1.21071122586727142e-01
-1.97737999260425568e-02
7.35639035701751709e-02
1.75855845212936401e-01
8.02739635109901428e-02
-5.26636466383934021e-02
6.49763876572251320e-03
9.13490578532218933e-02
5.00583648681640625e-02
9.99129116535186768e-02
3.19767408072948456e-02
2.03441958874464035e-02
5.39480857551097870e-02
6.95353895425796509e-02
-1.12463831901550293e-01
1.22422024607658386e-01
-3.09778954833745956e-02
1.58480688929557800e-01
1.09741084277629852e-01
8.93515627831220627e-03
-1.98426380753517151e-01
-2.04444140195846558e-01
-1.48367553949356079e-01
3.74926626682281494e-02
-3.25963310897350311e-02
1.05295726098120213e-03
-1.59250393509864807e-01
1.03111639618873596e-02
5.13883400708436966e-03
-1.28287042025476694e-03
-2.06867381930351257e-02
-5.29889669269323349e-03
1.44208604469895363e-02
-4.25020611146464944e-04
-1.24348208308219910e-01
1.34052798151969910e-01
-1.22022040188312531e-01
-1.18724264204502106e-01
-1.13242797553539276e-01
-1.52051597833633423e-01
6.85827955603599548e-02
7.32428729534149170e-02
1.11725091934204102e-01
6.73424005508422852e-02
-1.16559928283095360e-02
4.97091151773929596e-02
5.28407096862792969e-02
-1.76833420991897583e-01
1.36453071609139442e-02
2.28305310010910034e-02
1.64001315832138062e-01
8.91224667429924011e-02
-6.83591961860656738e-02
-4.53850738704204559e-02
9.44055914878845215e-02
1.18033856153488159e-01
-8.81652310490608215e-02
1.26976266503334045e-01
-3.00134979188442230e-02
-4.50204350054264069e-02
9.06011685729026794e-02
2.32824236154556274e-02
-2.20394819974899292e-01
7.18888193368911743e-02
-8.92376899719238281e-02
-2.10462231189012527e-02
1.90655011683702469e-02
-9.34658944606781006e-03
6.33441493846476078e-04
-1.56289413571357727e-02
1.51883848011493683e-02
6.34992029517889023e-03
2.40750377997756004e-04
-5.20601198077201843e-02
1.08282551169395447e-01
1.32562085986137390e-01
7.60158002376556396e-02
8.92844349145889282e-02
5.32205253839492798e-02
4.56643067300319672e-02
2.73620756343007088e-03
-5.79524859786033630e-02
-1.03551305830478668e-01
3.17564718425273895e-02
3.60235385596752167e-03
-1.13449558615684509e-01
-1.03943839669227600e-01
5.26040941476821899e-02
-1.03422880172729492e-01
1.04335531592369080e-01
3.50522249937057495e-02
1.54891256242990494e-02
-8.26007314026355743e-03
-5.72973415255546570e-02
6.08941987156867981e-02
-1.30036383867263794e-01
-3.24449203908443451e-02
-1.85440644621849060e-01
-6.73193484544754028e-02
-1.76076173782348633e-01
-1.35136634111404419e-01
-1.49029701948165894e-01
9.21021848917007446e-02
1.87486633658409119e-01
1.17251850664615631e-01
-4.33592686022166163e-05
1.30227077752351761e-02
-3.89529066160321236e-03
2.42080353200435638e-03
3.68951400741934776e-03
-7.84649699926376343e-03
-3.05066205328330398e-04
1.31584554910659790e-01
9.64688658714294434e-02
1.09560027718544006e-01
5.99218457937240601e-02
-1.07640385627746582e-01
6.57015293836593628e-02
-8.11884775757789612e-02
4.80521619319915771e-02
-1.11602224409580231e-01
-1.14912481512874365e-03
-7.10143297910690308e-02
-6.00693710148334503e-02
-7.53358155488967896e-02
-2.98031643033027649e-02
-5.47705553472042084e-02
-7.69839212298393250e-02
-1.69896319508552551e-01
1.28479704260826111e-01
8.35304707288742065e-02
-5.89513257145881653e-02
7.03273713588714600e-02
2.60012652724981308e-02
-1.17338344454765320e-01
-3.17878811620175838e-03
6.96465000510215759e-02
-1.64807010442018509e-02
-3.04926950484514236e-02
-6.10957369208335876e-02
2.08049699664115906e-01
-2.01343044638633728e-01
-4.45413850247859955e-02
-1.03032737970352173e-01
1.13555453717708588e-02
5.02613000571727753e-03
4.81502065667882562e-04
-1.18757109157741070e-03
-3.15294810570776463e-03
-1.69234927743673325e-02
1.37038023240165785e-05
-1.41615699976682663e-02
-5.42083419859409332e-02
-1.14165470004081726e-01
-1.33902523666620255e-02
7.56068676710128784e-02
-1.59103959798812866e-01
-5.31962588429450989e-02
1.17838427424430847e-01
1.03199996054172516e-01
-7.64848515391349792e-02
-9.30076614022254944e-02
2.21746891736984253e-01
-5.49207441508769989e-03
1.08358571305871010e-02
-1.33539333939552307e-01
1.02027118206024170e-01
6.57987257000058889e-04
-1.97837557643651962e-02
-8.25185030698776245e-02
5.40146715939044952e-02
-9.69977378845214844e-02
-1.46370992064476013e-01
-7.22250714898109436e-02
1.45115330815315247e-01
6.42257183790206909e-02
-3.87906357645988464e-02
1.21261663734912872e-02
6.56521022319793701e-02
-1.83623105287551880e-01
1.20905809104442596e-01
-1.77438871469348669e-03
2.66772676259279251e-02
-7.13342474773526192e-03
-1.29701700061559677e-02
1.69713031500577927e-02
2.42960471659898758e-02
8.94644763320684433e-03
-2.25685518234968185e-02
7.99457367975264788e-04
4.40460368990898132e-02
-1.38131722807884216e-01
-5.79437129199504852e-02
1.37723730877041817e-02
-5.19652813673019409e-02
-1.03398233652114868e-01
-5.56543171405792236e-02
-7.92613923549652100e-02
1.03816561400890350e-01
-1.12623669207096100e-01
-1.73457358032464981e-02
-7.92861282825469971e-02
7.41297826170921326e-02
-2.77823172509670258e-02
1.35815918445587158e-01
5.02052158117294312e-03
1.96674540638923645e-02
-1.59312367439270020e-01
-2.73438915610313416e-02
-3.39871905744075775e-02
1.20341345667839050e-01
-5.45981600880622864e-02
4.79909516870975494e-02
-1.61844193935394287e-01
4.17867787182331085e-02
-3.03099793381989002e-03
-5.29528707265853882e-02
4.35999743640422821e-02
-2.31224447488784790e-01
4.94223907589912415e-02
1.99841901659965515e-01
-4.08946536481380463e-02
-2.13501062244176865e-02
2.12849061936140060e-02
-2.33067292720079422e-03
-2.40477398037910461e-02
1.01214097812771797e-02
-2.65438612550497055e-02
-1.68218917679041624e-04
-2.76804044842720032e-02
4.76361736655235291e-02
-3.87928970158100128e-02
-1.10077731311321259e-01
1.63666427135467529e-01
-9.85256060957908630e-02
-2.16396874748170376e-03
8.24047252535820007e-02
-2.02941801398992538e-02
-1.34558111429214478e-01
-1.74021452665328979e-01
4.51525785028934479e-02
-5.02558518201112747e-03
5.56124486029148102e-02
2.63917334377765656e-02
1.34460777044296265e-01
9.64371189475059509e-02
7.82012566924095154e-02
1.02133072912693024e-01
2.58884280920028687e-02
8.63588228821754456e-02
-8.78439173102378845e-02
1.49356760084629059e-02
9.09418761730194092e-02
-1.40591830015182495e-01
1.92017450928688049e-01
1.48172795772552490e-01
9.82161313295364380e-02
2.54192240536212921e-02
-1.45497575402259827e-01
1.50416433811187744e-01
-4.88778650760650635e-02
-2.81164841726422310e-03
4.29719453677535057e-03
7.25218420848250389e-03
3.44177428632974625e-03
-8.79379455000162125e-03
2.42061819881200790e-03
-5.60866377782076597e-04
1.58208273351192474e-02
1.89010687172412872e-02
1.14341482520103455e-01
-1.62191048264503479e-01
-1.41981855034828186e-01
-1.46901100873947144e-01
1.57678022980690002e-01
1.11549764871597290e-01
1.26397356390953064e-01
1.43021732568740845e-01
-1.43303787335753441e-02
1.57509461045265198e-01
-2.57619153708219528e-02
4.24878299236297607e-03
-5.08391819894313812e-02
2.42235027253627777e-02
-7.95130282640457153e-02
-1.58936884254217148e-02
7.84768238663673401e-02
-3.69148924946784973e-02
-5.07436133921146393e-02
-2.91181635111570358e-02
-9.49688553810119629e-02
-6.22659102082252502e-02
9.67548340559005737e-02
2.98359408043324947e-03
4.46020578965544701e-03
1.05519592761993408e-01
-1.36076822876930237e-01
-1.94870065897703171e-02
-1.12510740756988525e-01
5.49268722534179688e-02
6.90844235941767693e-03
-1.02880867198109627e-02
-1.79640948772430420e-02
-2.49997843056917191e-02
5.26919262483716011e-04
1.28367468714714050e-02
-1.00358796771615744e-03
9.17258635163307190e-02
-9.43564400076866150e-02
-4.00522165000438690e-03
9.64852124452590942e-02
4.99263890087604523e-02
-2.83258222043514252e-02
-7.37067824229598045e-03
1.23143773525953293e-02
-4.43242229521274567e-02
1.26614421606063843e-01
1.22893281280994415e-01
-9.15295705199241638e-02
1.01667717099189758e-01
6.56368732452392578e-02
-1.23191639780998230e-01
-5.05597703158855438e-02
-4.40037325024604797e-02
-6.68381676077842712e-02
-1.12596690654754639e-01
4.42704884335398674e-03
-1.53597667813301086e-01
-9.08185467123985291e-02
4.08509559929370880e-02
3.10309063643217087e-02
1.23021587729454041e-01
1.57521322369575500e-01
1.52357935905456543e-01
-9.12345387041568756e-03
4.97835204005241394e-02
-9.62873622775077820e-02
8.79190713167190552e-02
-1.51454314589500427e-01
1.85080803930759430e-02
1.23183233663439751e-02
2.85432278178632259e-03
-2.16505099087953568e-02
8.41351132839918137e-03
-6.56644348055124283e-03
-7.76040367782115936e-04
-1.03720270097255707e-01
-6.40962198376655579e-02
-1.67654514312744141e-01
9.48518328368663788e-03
1.68848093599081039e-02
1.46554842591285706e-01
-7.12895095348358154e-02
-1.29742190241813660e-01
3.77498045563697815e-02
4.84225992113351822e-03
3.23175229132175446e-02
-9.78348478674888611e-02
-1.28823131322860718e-01
-1.55582621693611145e-01
1.44914045929908752e-01
-4.90888543426990509e-02
-1.62974875420331955e-02
3.45527455210685730e-02
-4.43566627800464630e-02
-1.10695928335189819e-01
-1.08513318002223969e-01
5.79805113375186920e-02
3.84945832192897797e-02
5.52575103938579559e-02
-7.42255598306655884e-02
5.98707012832164764e-02
-2.95166944852098823e-04
1.63329228758811951e-01
-8.43564867973327637e-02
1.22511416673660278e-01
3.16854640841484070e-02
8.82467105984687805e-02
-1.06454491615295410e-02
1.68922834564000368e-03
-1.56105998903512955e-02
-3.98599356412887573e-03
-1.45198488608002663e-02
1.98934916406869888e-02
-1.75027365912683308e-04
8.30014646053314209e-02
-8.27112123370170593e-02
-2.18494851142168045e-02
-6.64917659014463425e-03
-6.22143298387527466e-02
-3.70464213192462921e-02
6.70509189367294312e-02
-3.33060100674629211e-02
-1.27110943198204041e-01
-9.42436233162879944e-03
1.17581270635128021e-01
2.50081252306699753e-02
1.40921577811241150e-01
-9.94867533445358276e-02
5.66642321646213531e-02
-1.31638916209340096e-02
7.44900852441787720e-02
7.90539383888244629e-02
7.40181468427181244e-03
-1.13562159240245819e-01
-1.70535477809607983e-03
-3.18218693137168884e-02
-3.07483151555061340e-02
8.81337001919746399e-02
-5.46691864728927612e-02
-1.00946307182312012e-01
-1.51660114526748657e-01
-4.53234091401100159e-02
2.44007006287574768e-01
-1.80739373899996281e-03
-1.32183924317359924e-01
2.36798953264951706e-02
-2.61875567957758904e-03
1.09265493229031563e-02
-1.05116572231054306e-02
1.45140290260314941e-03
1.79033372551202774e-02
-8.96668061614036560e-03
6.76955678500235081e-04
-4.73551638424396515e-02
-1.11907757818698883e-01
1.72603696584701538e-01
-7.20233842730522156e-02
3.48291685804724693e-03
1.52246877551078796e-01
-7.17569962143898010e-02
9.07412096858024597e-02
5.31359016895294189e-03
4.02853405103087425e-03
5.77308349311351776e-02
-5.21071553230285645e-02
-3.15074212849140167e-02
-1.48102104663848877e-01
1.40382468700408936e-01
-1.34223839268088341e-02
1.19973637163639069e-01
6.67781196534633636e-03
-4.04578670859336853e-02
1.53256893157958984e-01
7.18230977654457092e-02
2.82198246568441391e-02
-1.71588007360696793e-02
7.01701492071151733e-02
-1.00947692990303040e-01
-7.58848115801811218e-02
-5.32560609281063080e-02
-1.03177972137928009e-01
-2.64512002468109131e-03
3.35104763507843018e-02
9.71332862973213196e-02
-2.26290449500083923e-02
-2.11218558251857758e-02
-1.56549047678709030e-02
-2.22261026501655579e-02
-2.31754221022129059e-02
-1.06909405440092087e-02
-2.19167601317167282e-02
-1.00899385870434344e-04
-9.74261909723281860e-02
-8.22588242590427399e-03
8.75061750411987305e-02
-7.71272853016853333e-02
1.08502306044101715e-01
-1.04981444776058197e-01
-1.20145626366138458e-01
9.40351113677024841e-02
-5.37967272102832794e-02
1.34571045637130737e-01
1.13582544028759003e-01
2.50682681798934937e-02
-1.01284191012382507e-01
1.43250182271003723e-01
4.48815599083900452e-02
9.27235092967748642e-03
1.97228062897920609e-02
1.39299556612968445e-01
-3.97477410733699799e-02
9.11860167980194092e-02
-3.25225293636322021e-02
-4.02385890483856201e-02
9.07431095838546753e-02
-3.17488126456737518e-02
3.88757549226284027e-02
-1.97437163442373276e-02
5.43572343885898590e-02
-8.22197794914245605e-02
9.46767926216125488e-02
8.19910913705825806e-02
6.59901835024356842e-03
6.98596984148025513e-02
2.28677205741405487e-02
3.96342985332012177e-02
-3.91771830618381500e-02
-2.16254852712154388e-02
8.73011816293001175e-03
5.35870157182216644e-02
1.95968954358249903e-04
-2.96757742762565613e-02
7.99043569713830948e-03
-2.26033236831426620e-02
6.19950369000434875e-02
8.37856605648994446e-02
-1.31022825837135315e-01
4.61619198322296143e-02
-8.03512930870056152e-02
5.90012855827808380e-02
-2.78654210269451141e-02
1.77038684487342834e-02
-1.24032720923423767e-02
7.86175131797790527e-02
-1.22571513056755066e-01
4.35290187597274780e-02
1.68000355362892151e-01
-2.76044681668281555e-02
3.89153556898236275e-03
-6.96519836783409119e-02
-7.31275528669357300e-02
-7.25432261824607849e-02
4.60164174437522888e-02
1.34435892105102539e-01
-1.57345477491617203e-02
2.34001670032739639e-02
-4.48112674057483673e-02
1.26830730587244034e-02
8.58726501464843750e-02
7.36526995897293091e-02
-1.70107483863830566e-01
1.97153896093368530e-01
-1.18226975202560425e-01
2.11873259395360947e-02
-2.97211185097694397e-02
1.71463040169328451e-03
-1.57459545880556107e-02
1.60694327205419540e-02
2.23622024059295654e-02
9.56338481046259403e-04
-4.10559996962547302e-02
-2.27225758135318756e-02
1.38498805463314056e-02
4.42129466682672501e-03
-8.81779640913009644e-02
1.47791415452957153e-01
-1.10823750495910645e-01
-9.14833620190620422e-02
-1.53932273387908936e-01
-1.14609450101852417e-02
1.70632600784301758e-02
8.48205164074897766e-02
-4.70449291169643402e-02
-1.07571966946125031e-01
-8.38046520948410034e-02
7.60901346802711487e-02
1.06271952390670776e-01
-6.96536004543304443e-02
9.06189754605293274e-02
6.96852058172225952e-02
-1.04138880968093872e-01
-1.13531254231929779e-01
9.34552401304244995e-02
-4.93080876767635345e-02
3.74403595924377441e-02
3.78962643444538116e-02
-6.03664703667163849e-02
8.21510031819343567e-02
-8.98294746875762939e-02
-1.52486085891723633e-01
-4.41657900810241699e-02
-4.50159609317779541e-02
-2.09794426336884499e-03
1.95132475346326828e-02
-1.38442805036902428e-02
-2.76473574340343475e-02
-3.01952171139419079e-03
-1.69919524341821671e-02
-1.34953370434232056e-04
1.47966176271438599e-01
-6.04151338338851929e-02
-1.39597922563552856e-01
-1.21177427470684052e-01
6.58418610692024231e-02
4.50496971607208252e-02
-1.36310845613479614e-01
-8.69370177388191223e-02
5.04830144345760345e-02
7.92282260954380035e-03
1.05360850691795349e-01
8.16325843334197998e-02
-1.11400403082370758e-01
2.96590384095907211e-02
-1.68684899806976318e-01
8.24841577559709549e-03
2.36733090132474899e-02
-5.92797063291072845e-02
1.91559437662363052e-02
-9.33887362480163574e-02
7.62299634516239166e-03
1.79462432861328125e-01
6.26415610313415527e-02
4.65497188270092010e-02
-1.03620037436485291e-01
5.81265948712825775e-02
1.20641417801380157e-01
-1.54814636334776878e-02
-1.22011965140700340e-02
1.80609479546546936e-01
2.26236656308174133e-01
1.93350147455930710e-02
2.81670838594436646e-02
1.77518685813993216e-03
1.92124228924512863e-02
1.14928847178816795e-02
1.81045643985271454e-02
-2.60705687105655670e-02
5.73518453165888786e-04
6.99214041233062744e-02
-6.77235573530197144e-02
-5.86980879306793213e-02
-2.08337567746639252e-02
-1.11196883022785187e-01
3.12630347907543182e-02
1.19380444288253784e-01
6.11556358635425568e-02
-7.28152617812156677e-02
1.38640627264976501e-01
-1.72738227993249893e-02
-7.20524638891220093e-02
-1.59235984086990356e-01
-1.25112263485789299e-02
1.14114411175251007e-01
1.77369594573974609e-01
1.28101795911788940e-01
1.06080636382102966e-01
-5.57048320770263672e-02
-2.19852387090213597e-04
-7.58026093244552612e-02
-5.64913898706436157e-02
1.55959203839302063e-02
3.71982306241989136e-02
5.94614259898662567e-02
-6.12052194774150848e-02
2.47845239937305450e-03
-1.48360237479209900e-01
-1.27496972680091858e-01
-4.24064993858337402e-02
7.82514885067939758e-02
-4.29707877337932587e-02
-5.43137872591614723e-03
-1.31855374202132225e-02
3.18604824133217335e-03
9.52479138504713774e-04
2.39959936589002609e-02
-1.26092145219445229e-02
-3.33609466906636953e-04
1.01679615676403046e-01
-8.70817601680755615e-02
-2.20998795703053474e-03
-2.32296541333198547e-01
-4.86665703356266022e-02
-3.78201715648174286e-02
8.53478237986564636e-02
-4.01299633085727692e-02
-8.60427599400281906e-03
3.95492166280746460e-02
2.27768756449222565e-02
-5.85896149277687073e-03
-1.31063908338546753e-01
4.88260202109813690e-02
5.52795603871345520e-02
1.45205929875373840e-02
-4.40161414444446564e-02
-1.43863394856452942e-01
-2.02923491597175598e-02
-1.83081373572349548e-01
-6.58060284331440926e-03
-1.18803054094314575e-01
-1.12497001886367798e-01
-4.69341762363910675e-02
8.37748870253562927e-02
-8.85623395442962646e-02
-1.52905106544494629e-01
-1.19095295667648315e-01
2.43405014276504517e-01
1.39770358800888062e-01
-1.70841664075851440e-02
-3.41365151107311249e-02
2.56426108535379171e-04
3.94471781328320503e-03
4.94460435584187508e-03
7.65428878366947174e-04
8.81097745150327682e-03
-1.80690772831439972e-02
-6.46814180072396994e-04
-1.46499469876289368e-01
7.85946622490882874e-02
2.61865518987178802e-02
3.84709835052490234e-02
-1.39109387993812561e-01
-9.33188050985336304e-02
4.37475927174091339e-02
1.24047093093395233e-01
-1.31175115704536438e-01
4.06090058386325836e-02
9.50390938669443130e-03
7.19116255640983582e-03
1.06483168900012970e-01
-1.21915444731712341e-01
9.78587716817855835e-02
-2.87341382354497910e-02
1.02363198995590210e-01
-7.45467916131019592e-02
1.07731573283672333e-01
-9.56409350037574768e-02
-1.67023494839668274e-01
1.18885897099971771e-01
-2.33740396797657013e-02
2.38781198859214783e-02
1.26807734370231628e-01
6.01105540990829468e-02
2.85354093648493290e-03
-1.28972738981246948e-01
-7.26554170250892639e-02
1.73481196165084839e-01
-3.41676883399486542e-02
1.16461679339408875e-01
-1.16470018401741982e-02
-2.02801115810871124e-02
-3.28823807649314404e-03
1.69958975166082382e-02
4.00573872029781342e-02
-4.78117074817419052e-03
5.02764480188488960e-04
1.30677789449691772e-01
1.19986563920974731e-01
1.66299805045127869e-01
1.35378077626228333e-01
6.80381059646606445e-03
-2.15805210173130035e-02
-1.12496800720691681e-01
-2.94362455606460571e-02
-1.43676310777664185e-01
5.67085556685924530e-02
9.84150022268295288e-02
7.93939530849456787e-02
-4.40340079367160797e-02
-9.52121317386627197e-02
1.28675639629364014e-01
7.66298919916152954e-02
-3.70499491691589355e-02
-1.18670366646256298e-04
-1.29619583487510681e-01
5.44004514813423157e-03
-3.47365327179431915e-02
8.90817567706108093e-02
3.49685698747634888e-02
9.18366536498069763e-02
1.25997200608253479e-01
-5.02668134868144989e-02
3.89791503548622131e-02
-1.86256077140569687e-02
-2.57552325725555420e-01
1.55441328883171082e-01
-1.73693165183067322e-01
1.19240432977676392e-01
6.50697993114590645e-03
1.76907097920775414e-03
-6.23294431716203690e-03
1.23759650159627199e-03
6.04241853579878807e-03
2.61005922220647335e-03
2.02375231310725212e-04
-5.96310943365097046e-02
-6.63483142852783203e-02
6.48111999034881592e-02
4.12093363702297211e-02
6.55897334218025208e-02
1.43180713057518005e-01
3.13153513707220554e-03
1.32630646228790283e-01
-1.13643668591976166e-01
-1.10521197319030762e-01
5.99959380924701691e-02
1.31407842040061951e-01
-5.09381815791130066e-02
1.76627654582262039e-02
-1.74636319279670715e-02
7.99267366528511047e-02
-5.44814243912696838e-02
-9.33254882693290710e-02
-2.44536716490983963e-02
-8.80680009722709656e-02
-6.72237649559974670e-02
-1.39602914452552795e-01
3.31951938569545746e-02
7.61021301150321960e-02
-6.44662678241729736e-02
-2.02279575169086456e-02
-5.48540167510509491e-02
3.86537495069205761e-03
-2.46995668858289719e-02
-1.52538105845451355e-01
1.10859826207160950e-01
1.35999828577041626e-01
2.44302907958626747e-03
-1.31843229755759239e-02
4.85528493300080299e-04
-1.53399342671036720e-02
9.62573941797018051e-03
2.34200935810804367e-02
-2.88163195364177227e-04
-2.03428957611322403e-02
1.47765234112739563e-01
1.87847003340721130e-01
2.51805409789085388e-02
-1.87898986041545868e-02
-8.62191542983055115e-02
9.17053371667861938e-02
4.39557880163192749e-02
1.04495748877525330e-01
9.73970219492912292e-02
-4.60015870630741119e-02
4.89898398518562317e-02
-7.78553215786814690e-03
-1.22174747288227081e-01
-1.68485894799232483e-01
-1.14262238144874573e-01
1.56936291605234146e-02
1.46644473075866699e-01
1.49661108851432800e-01
-1.14377260208129883e-01
-8.21987092494964600e-02
-4.48253154754638672e-02
4.11828532814979553e-02
1.62722602486610413e-01
7.90982171893119812e-02
1.02082155644893646e-01
9.98376756906509399e-02
-6.58333525061607361e-02
-1.76482170820236206e-01
-1.45707234740257263e-01
-5.86400032043457031e-02
-1.35685637593269348e-01
1.48481847718358040e-02
-1.33664542809128761e-02
1.02726565673947334e-02
3.35491215810179710e-03
3.61710079014301300e-02
1.18356626480817795e-02
-7.00718199368566275e-04
2.04335078597068787e-02
-1.41567960381507874e-01
9.54905822873115540e-02
7.90904164314270020e-02
1.68097048997879028e-01
-1.16282045841217041e-01
-1.15871420130133629e-02
6.97559639811515808e-02
4.87058348953723907e-02
4.43736230954527855e-03
-1.17928318679332733e-01
2.63958470895886421e-03
2.41500213742256165e-02
-7.15909451246261597e-02
1.43713682889938354e-01
-1.56379535794258118e-01
1.31114989519119263e-01
-4.24538441002368927e-02
-2.70168073475360870e-02
3.61422896385192871e-02
-1.30508318543434143e-01
1.39130353927612305e-01
-7.21618011593818665e-02
-8.42158794403076172e-02
-3.49638313055038452e-02
1.28075808286666870e-01
1.18504531681537628e-01
1.28916829824447632e-01
6.31233900785446167e-02
-9.58089344203472137e-03
1.85500234365463257e-01
6.84555023908615112e-02
-8.70362762361764908e-03
-3.28807346522808075e-03
-2.31830999255180359e-02
-6.31577707827091217e-03
-6.74053188413381577e-03
2.10811495780944824e-02
-2.66690534772351384e-04
8.15875083208084106e-02
-9.63076353073120117e-02
-1.13492287695407867e-01
8.19658711552619934e-02
7.63528561219573021e-03
1.51025755330920219e-02
4.02692295610904694e-02
-2.43330989032983780e-02
-1.06143042445182800e-01
1.64458468556404114e-01
1.34635671973228455e-01
8.78643915057182312e-02
-1.83141380548477173e-02
3.07224094867706299e-02
-7.39511922001838684e-02
7.08459466695785522e-02
1.13302491605281830e-01
-5.62116913497447968e-02
-1.05795869603753090e-02
5.09382560849189758e-02
-2.38091405481100082e-02
-2.88401171565055847e-02
4.66349273920059204e-02
-3.41492481529712677e-02
3.71772274374961853e-02
1.08627073466777802e-01
1.24522343277931213e-01
2.18812704086303711e-01
1.98064669966697693e-02
7.38935247063636780e-02
-1.02421388030052185e-01
6.56304508447647095e-02
1.96075271815061569e-02
-1.89371313899755478e-02
8.47437232732772827e-03
1.10694272443652153e-02
-1.68695027241483331e-04
-1.20292305946350098e-02
-1.81950890691950917e-04
-1.58676039427518845e-02
5.52001409232616425e-02
-1.07421502470970154e-01
1.69313382357358932e-02
1.58962160348892212e-01
1.05059877038002014e-01
9.27745848894119263e-02
-5.21559640765190125e-02
3.43142375349998474e-02
-6.46427348256111145e-02
1.27054154872894287e-01
-2.09141452796757221e-03
-9.26606357097625732e-02
-7.27108716964721680e-02
1.19478059932589531e-02
4.18605655431747437e-03
-1.61708407104015350e-02
-5.71533059701323509e-03
-1.18159882724285126e-01
-2.53104604780673981e-02
8.69156196713447571e-02
4.46605309844017029e-02
1.47188737988471985e-01
1.45435243844985962e-01
1.36688677594065666e-02
1.48743214085698128e-02
1.33072510361671448e-01
1.27820789813995361e-01
-1.40337869524955750e-01
-1.04926489293575287e-01
-1.24368583783507347e-02
-1.22093737125396729e-01
1.35685419663786888e-02
-3.44245298765599728e-03
1.37230260297656059e-02
-3.14674386754631996e-03
9.92661109194159508e-04
1.52331925928592682e-02
-2.53343896474689245e-04
2.58596986532211304e-02
-1.23289860785007477e-01
-1.78614765405654907e-01
1.27861410379409790e-01
1.24867603182792664e-01
-1.06266802176833153e-02
1.53446063399314880e-01
1.17296613752841949e-02
-1.46048724651336670e-01
-1.96667462587356567e-02
-1.46563172340393066e-01
4.89817894995212555e-02
2.95277554541826248e-02
4.25789915025234222e-02
5.46858473171596415e-06
-1.42582757398486137e-02
-5.76946362853050232e-02
-1.17702789604663849e-01
-4.21256273984909058e-02
1.64629761129617691e-02
7.31330830603837967e-03
1.31614459678530693e-02
-8.31770375370979309e-02
-1.21831566095352173e-01
-1.22511766850948334e-01
-7.71288126707077026e-02
7.59256109595298767e-02
-6.92412555217742920e-02
7.21597597002983093e-02
-1.10425110906362534e-02
-3.19821201264858246e-02
-1.90275982022285461e-01
-1.23489890247583389e-02
-1.33689967915415764e-02
-1.20126223191618919e-02
-3.77758443355560303e-02
5.17885386943817139e-03
3.39645110070705414e-02
3.47903202055022120e-04
1.09230756759643555e-01
-1.63770630955696106e-01
-1.78737938404083252e-02
-5.03208450973033905e-02
-1.55504018068313599e-01
-1.20167560875415802e-01
-3.54440659284591675e-02
-1.71150267124176025e-01
1.95224527269601822e-02
-1.03122815489768982e-01
9.14621427655220032e-02
-7.55269546061754227e-03
-1.44151061773300171e-01
-2.96044014394283295e-02
1.99322387576103210e-01
2.72218100726604462e-02
1.52066275477409363e-01
5.05218319594860077e-02
-1.12227931618690491e-01
8.04044529795646667e-02
-4.83877062797546387e-02
-9.78776663541793823e-02
9.87893268465995789e-02
-1.93028077483177185e-01
-1.02998025715351105e-01
-4.42309565842151642e-02
7.21828266978263855e-02
6.23437315225601196e-02
1.73815920948982239e-01
-1.73945471644401550e-01
1.18700332939624786e-01
5.51357418298721313e-02
-7.25527585018426180e-04
-2.81201850157231092e-04
-4.09955112263560295e-03
5.98825467750430107e-03
3.99158423533663154e-04
4.64430591091513634e-03
3.01707535982131958e-04
1.14941306412220001e-01
-1.36030301451683044e-01
9.35878753662109375e-02
1.10643438994884491e-01
-6.95168226957321167e-02
5.20163886249065399e-02
2.64504123479127884e-02
4.25437353551387787e-02
-5.57950399816036224e-02
-1.92016661167144775e-02
8.35700891911983490e-03
7.02494233846664429e-02
-1.16961717605590820e-01
-4.11134287714958191e-02
7.71271288394927979e-02
8.07578861713409424e-02
-6.89845010638237000e-02
-8.34444016218185425e-02
1.24115839600563049e-01
5.08511215448379517e-02
1.32284969091415405e-01
-1.04894123971462250e-01
7.25095942616462708e-02
6.27669924870133400e-03
2.38050930202007294e-02
-4.66774329543113708e-02
-1.45065665245056152e-01
-2.68990490585565567e-02
8.48511531949043274e-02
-2.05314680933952332e-01
5.90709364041686058e-03
-1.14172743633389473e-02
1.28382509574294090e-02
1.72521434724330902e-02
-2.21536983735859394e-03
-9.64784529060125351e-03
1.41711514443159103e-02
-2.53501930274069309e-03
-1.91427985555492342e-04
1.35351195931434631e-01
1.31662338972091675e-01
-9.77837070822715759e-02
-1.58980667591094971e-01
-5.96943348646163940e-02
-4.50382791459560394e-02
-4.41283807158470154e-02
-1.51408821344375610e-01
-7.57426619529724121e-02
-1.37166246771812439e-01
-5.36589808762073517e-02
-5.33935837447643280e-02
1.33755013346672058e-01
-1.68571323156356812e-01
1.12805366516113281e-01
-7.84741416573524475e-02
1.83231845498085022e-01
-1.69591218233108521e-01
-1.05159901082515717e-01
-4.10029180347919464e-02
3.69539521634578705e-02
-1.60089835524559021e-01
-3.98344658315181732e-02
-1.00445039570331573e-01
8.82541686296463013e-02
-1.17411494255065918e-01
-1.09930612146854401e-01
-1.54001429677009583e-01
1.36798009276390076e-01
1.94489523768424988e-01
3.05822230875492096e-02
3.94480265676975250e-02
1.00901268888264894e-03
-1.27578049432486296e-03
-1.99780752882361412e-03
6.18353299796581268e-03
-9.83580574393272400e-03
-1.29903480410575867e-02
-9.73244255874305964e-04
8.00777748227119446e-02
6.64186850190162659e-02
1.15830786526203156e-01
6.15942291915416718e-02
-1.72729305922985077e-02
6.64361044764518738e-02
-1.11900091171264648e-01
7.00547639280557632e-03
1.14030130207538605e-01
1.18130631744861603e-01
-1.59750148653984070e-01
1.47413119673728943e-01
2.59550148621201515e-03
2.19418555498123169e-02
2.84586083143949509e-02
1.19538865983486176e-02
-9.86046269536018372e-02
9.08535122871398926e-02
5.24080507457256317e-02
-1.15847148001194000e-01
-1.11015073955059052e-01
7.52598419785499573e-02
1.57556325197219849e-01
-3.97858768701553345e-03
1.45879119634628296e-01
-8.52760747075080872e-02
-4.28694933652877808e-02
8.52527767419815063e-02
3.65004166960716248e-02
1.75232309848070145e-02
7.10899382829666138e-02
1.21277898550033569e-01
1.21441553346812725e-03
7.87673611193895340e-03
7.55296135321259499e-03
-1.21056549251079559e-02
6.54201954603195190e-04
2.57196812890470028e-03
-2.20100540900602937e-04
-7.20913410186767578e-02
-3.79048660397529602e-02
1.27540886402130127e-01
-1.87390908598899841e-01
7.38300010561943054e-02
-1.14731885492801666e-01
-1.40328139066696167e-01
-7.83097669482231140e-02
-1.13918781280517578e-01
1.28875702619552612e-01
9.22867655754089355e-02
1.48480892181396484e-01
-9.56749767065048218e-02
-1.47836148738861084e-01
-6.88347220420837402e-02
1.10493749380111694e-01
5.58796338737010956e-02
-7.92893916368484497e-02
-4.60371561348438263e-02
6.21379644144326448e-04
1.34798929095268250e-01
-1.31358787417411804e-01
1.14741429686546326e-01
1.08456261456012726e-01
-7.91349634528160095e-02
-1.02214768528938293e-01
-1.45248249173164368e-01
3.36399162188172340e-03
-1.81538447737693787e-01
4.27436381578445435e-02
2.36213773488998413e-01
-1.83762744069099426e-01
-1.70245673507452011e-03
1.09913134947419167e-02
9.01631603483110666e-04
7.91218038648366928e-03
1.90666085109114647e-03
-1.60704124718904495e-02
-1.98217603610828519e-04
7.07389265298843384e-02
3.86779988184571266e-03
3.41434776782989502e-02
-8.17074552178382874e-02
-6.41230568289756775e-02
-8.79822596907615662e-02
-7.27926269173622131e-02
-1.01532556116580963e-01
-6.04568235576152802e-03
-1.04737900197505951e-01
-1.06045855209231377e-02
9.45145729929208755e-03
-1.23384185135364532e-02
-1.50473654270172119e-01
-5.06247952580451965e-02
1.18430823087692261e-01
5.58546967804431915e-02
1.35437116026878357e-01
-5.87565498426556587e-03
9.04947221279144287e-02
1.97908487170934677e-02
-4.03521321713924408e-02
-1.81248947978019714e-01
3.04859951138496399e-02
3.35903801023960114e-02
-2.31124162673950195e-01
-2.19638228416442871e-01
-2.19695448875427246e-01
7.98018425703048706e-02
-1.31764471530914307e-01
3.94994467496871948e-02
3.71581986546516418e-02
2.02471986413002014e-02
-9.06583445612341166e-04
4.08524787053465843e-03
-1.78902521729469299e-02
-6.37628324329853058e-03
8.13733227550983429e-03
1.02871924173086882e-03
6.80610388517379761e-02
-1.13021269440650940e-01
-2.45698858052492142e-02
-4.37902957201004028e-02
7.03637376427650452e-02
8.65027084946632385e-02
2.92409379035234451e-02
-1.11331343650817871e-01
2.42436807602643967e-02
5.05599714815616608e-02
2.15692576020956039e-02
8.19699913263320923e-02
2.84302551299333572e-02
1.05770580470561981e-01
1.40435397624969482e-01
-3.04558966308832169e-02
-1.41065001487731934e-01
8.22226852178573608e-02
1.10704200342297554e-02
7.37864524126052856e-02
-1.76563024520874023e-01
-1.66953261941671371e-02
8.09644907712936401e-02
2.30160132050514221e-02
-1.15974158048629761e-01
-1.11161492764949799e-01
-1.68247055262327194e-02
1.99788399040699005e-02
-1.76728874444961548e-01
1.88262909650802612e-01
-7.06516951322555542e-02
2.07214802503585815e-02
2.87346751429140568e-03
-1.63798164576292038e-02
1.37438438832759857e-02
-4.25153272226452827e-03
-1.47930830717086792e-02
-7.01292650774121284e-03
6.78162468830123544e-05
6.60308524966239929e-02
-2.76589505374431610e-02
6.43910244107246399e-02
2.75463350117206573e-02
-1.05244822800159454e-01
8.84639844298362732e-02
-1.58692866563796997e-01
4.77819517254829407e-02
8.67765173316001892e-02
4.00662161409854889e-02
-1.00304223597049713e-01
-1.41594544053077698e-01
1.04026868939399719e-01
-3.37148383259773254e-02
-7.57009238004684448e-02
-1.37314841151237488e-01
4.07754536718130112e-03
1.21623426675796509e-01
-1.68932706117630005e-01
5.05360141396522522e-02
-1.58564373850822449e-01
-1.70041829347610474e-01
-8.37481394410133362e-02
1.31094127893447876e-01
-3.56037169694900513e-02
3.16969715058803558e-02
6.47046342492103577e-02
6.79974034428596497e-02
7.33892386779189110e-03
-5.20658195018768311e-02
2.40715388208627701e-02
1.44028201699256897e-01
-3.07168029248714447e-02
2.26664692163467407e-02
-8.86756926774978638e-03
1.56841818243265152e-02
-1.41015592962503433e-02
-7.97079782932996750e-03
6.20986917056143284e-04
-1.11423544585704803e-02
-7.58447125554084778e-02
-1.13240495324134827e-01
9.67659614980220795e-03
1.24942898750305176e-01
-1.20035149157047272e-01
1.41110315918922424e-01
3.08886058628559113e-02
-1.50555253028869629e-01
-4.19789925217628479e-02
1.13057881593704224e-01
-1.11404821276664734e-01
-3.48873063921928406e-02
1.65843635797500610e-01
-6.01746886968612671e-02
4.49003949761390686e-02
-3.01857851445674896e-02
-3.19714378565549850e-03
-6.53567686676979065e-02
8.49446728825569153e-02
-1.52193874120712280e-01
-5.74885159730911255e-02
-1.26326709985733032e-01
3.04674021899700165e-02
-9.27252620458602905e-02
1.81050539016723633e-01
1.32906436920166016e-01
1.88716843724250793e-01
5.18965236842632294e-02
1.52242869138717651e-01
-9.92107093334197998e-02
-9.03082862496376038e-02
3.79176577553153038e-03
-3.74315259978175163e-03
-2.12179962545633316e-03
-6.83246646076440811e-03
-2.32450617477297783e-03
7.98951834440231323e-03
6.59526966046541929e-04
-1.00377306342124939e-01
-1.70355424284934998e-01
5.79161383211612701e-02
-2.40358244627714157e-02
-8.27764645218849182e-02
1.25024067237973213e-02
-1.06061302125453949e-01
7.48862400650978088e-02
1.51301130652427673e-01
3.63216921687126160e-02
7.46279880404472351e-02
-5.04245981574058533e-02
-3.44109944999217987e-02
-2.21396256238222122e-02
3.67333330214023590e-02
1.29264026880264282e-01
1.60709887742996216e-01
-7.28861317038536072e-02
-1.22659832239151001e-01
6.24608583748340607e-02
1.38627380132675171e-01
2.74779852479696274e-02
-8.22146460413932800e-02
2.25040521472692490e-02
-1.61639392375946045e-01
1.47858187556266785e-01
4.15199771523475647e-02
7.75780901312828064e-02
1.90459892153739929e-01
4.39638644456863403e-02
-1.34820237755775452e-01
-6.48187175393104553e-02
-7.25867832079529762e-03
5.37688620388507843e-02
-2.24800165742635727e-02
-1.52870547026395798e-02
-2.10594199597835541e-02
-1.93322915583848953e-02
1.58912822371348739e-04
-2.82938387244939804e-02
1.66292116045951843e-01
-1.10934518277645111e-01
-7.68275409936904907e-02
-7.42323836311697960e-03
-1.28342732787132263e-01
-1.53171390295028687e-01
-3.94695298746228218e-03
-2.42217555642127991e-02
1.30210801959037781e-01
-3.41551750898361206e-02
1.24019183218479156e-01
1.22986018657684326e-01
1.07151843607425690e-01
-4.60490770637989044e-02
-5.35249412059783936e-02
-1.14691749215126038e-01
6.52930438518524170e-02
6.67297467589378357e-02
5.89864253997802734e-02
-4.33696806430816650e-02
1.32042109966278076e-01
-1.04967728257179260e-01
1.06643036007881165e-01
1.25019937753677368e-01
7.00049772858619690e-02
6.27103671431541443e-02
-1.76927465945482254e-02
2.12119072675704956e-01
1.81397482752799988e-01
-1.12747892737388611e-01
1.57776758074760437e-01
4.20682458207011223e-03
-3.11994529329240322e-03
1.07022179290652275e-02
1.52466055005788803e-02
5.73831750079989433e-03
-1.41576947498833761e-05
8.32226534839719534e-04
5.80267980694770813e-02
6.34910687804222107e-02
-8.13258960843086243e-02
1.41815960407257080e-01
1.54063873924314976e-03
9.94394272565841675e-02
-1.34477049112319946e-01
-8.33896100521087646e-02
-1.08854390680789948e-01
-1.58969789743423462e-01
1.18959039449691772e-01
8.42369198799133301e-02
-6.49299472570419312e-02
-1.03334896266460419e-01
-2.52417698502540588e-02
1.90396666526794434e-01
-7.91163742542266846e-02
1.67853891849517822e-01
8.28278362751007080e-02
-1.02667748928070068e-01
-1.52376085519790649e-01
-1.63424350321292877e-02
6.97840899229049683e-02
1.25467665493488312e-02
-1.18155039846897125e-01
5.68099878728389740e-03
1.88617222011089325e-02
-6.47637769579887390e-02
5.28208969626575708e-04
7.43707120418548584e-02
-1.27159610390663147e-01
-2.83284727483987808e-02
4.52205492183566093e-03
-2.05309353768825531e-02
1.77828315645456314e-02
6.73908833414316177e-03
1.78330652415752411e-02
7.98199232667684555e-03
5.37704909220337868e-04
-6.08886778354644775e-02
5.65953515470027924e-02
-1.62291914224624634e-01
-1.17007093504071236e-02
-9.18463394045829773e-02
4.87850010395050049e-02
-2.83357687294483185e-02
2.77857817709445953e-02
-4.75304722785949707e-02
-1.00604146718978882e-01
1.74076240509748459e-02
1.06181219220161438e-01
1.16573020815849304e-01
-1.63799360394477844e-01
-1.90922301262617111e-02
1.47367119789123535e-01
-4.92624416947364807e-02
9.54363495111465454e-02
1.04545168578624725e-01
2.49050613492727280e-02
-2.88874749094247818e-02
-3.54502573609352112e-02
-1.50110334157943726e-01
-3.10892909765243530e-02
1.62597104907035828e-01
-4.29594777524471283e-02
-1.55055463314056396e-01
-5.88621422648429871e-02
-1.09674014151096344e-01
-5.19973188638687134e-02
-1.86528071761131287e-01
9.59872156381607056e-02
-2.66459248960018158e-02
-9.44693852216005325e-03
-2.38557178527116776e-02
-9.78806521743535995e-03
-7.20748770982027054e-03
-1.19280805811285973e-02
-4.62130119558423758e-04
-9.30643826723098755e-02
-4.33496981859207153e-02
1.34191259741783142e-01
8.72190594673156738e-02
1.11227348446846008e-01
-8.63475427031517029e-02
-6.07230141758918762e-02
6.26326575875282288e-02
-7.67505634576082230e-03
1.41822561621665955e-01
-7.91857689619064331e-02
-1.51516720652580261e-01
-1.02697528898715973e-01
-9.12008285522460938e-02
1.02744095027446747e-01
-5.66992871463298798e-02
-7.06090629100799561e-02
7.02955620363354683e-03
8.45997631549835205e-02
-1.71514496207237244e-01
-4.09615263342857361e-02
-5.30271306633949280e-02
-9.63684096932411194e-02
-6.90368786454200745e-02
1.54622714035212994e-04
-1.17717094719409943e-01
1.44134327769279480e-01
1.08195059001445770e-01
6.31869351491332054e-03
2.40727774798870087e-02
-2.50253863632678986e-02
1.53162941336631775e-01
4.14908211678266525e-03
2.12451685220003128e-02
7.05748889595270157e-03
-2.59145274758338928e-02
-3.80000248551368713e-02
-1.58634618856012821e-03
2.36653067986480892e-04
4.01737987995147705e-02
-6.09599016606807709e-02
4.59732264280319214e-02
9.14390534162521362e-02
-5.18676005303859711e-02
-4.58898320794105530e-02
-1.48839786648750305e-01
-1.74359809607267380e-02
1.14797353744506836e-01
6.55846595764160156e-02
7.54861608147621155e-02
-4.04997020959854126e-02
-1.25387281179428101e-01
-2.12885555811226368e-03
-7.72188752889633179e-02
-2.93640363961458206e-02
-1.13647989928722382e-01
1.42710715532302856e-01
-1.25223711133003235e-01
7.97115638852119446e-02
2.36949141253717244e-04
8.85114222764968872e-02
5.66993802785873413e-02
-2.82207150012254715e-02
9.38816890120506287e-02
1.25529631972312927e-01
1.48245528340339661e-01
1.21227011084556580e-01
-2.04546958208084106e-01
1.04182362556457520e-01
-6.88749551773071289e-02
1.21573001146316528e-01
5.48844831064343452e-03
1.56807643361389637e-03
1.66077702306210995e-03
-5.00081479549407959e-03
1.20525968668516725e-04
5.66691532731056213e-03
4.17345669120550156e-04
6.27046748995780945e-02
1.66936088353395462e-02
4.10371972247958183e-03
1.52690872550010681e-01
-2.08204314112663269e-01
1.36463910341262817e-01
-1.72964140772819519e-01
-1.59383099526166916e-02
-7.42859840393066406e-02
-5.91030046343803406e-02
5.82665801048278809e-02
1.52298873290419579e-02
-3.59846688807010651e-02
1.27990245819091797e-01
6.43641948699951172e-02
9.37693342566490173e-02
-1.21310129761695862e-01
6.12128674983978271e-02
-1.76129806786775589e-02
3.92698720097541809e-02
-1.30782157182693481e-01
-1.21534682810306549e-01
1.00389361381530762e-01
9.57490429282188416e-02
9.79081913828849792e-02
-1.09608598053455353e-01
-9.16126072406768799e-02
-1.68095007538795471e-01
-1.34657442569732666e-01
-2.96299736946821213e-02
-9.94176119565963745e-02
1.38816803693771362e-01
3.99273168295621872e-03
5.30747324228286743e-03
-5.80245687160640955e-04
-1.47704361006617546e-03
-7.15069239959120750e-03
3.67416488006711006e-03
5.32908714376389980e-04
-2.43262052536010742e-02
-1.64983604918234050e-04
5.64549453556537628e-02
9.80095788836479187e-02
-5.30324801802635193e-02
-7.18631073832511902e-02
1.30575701594352722e-01
-1.53139214962720871e-02
-4.06459271907806396e-02
-8.16877484321594238e-02
1.46435454487800598e-01
8.02153348922729492e-02
8.82028564810752869e-02
7.77456238865852356e-02
-1.60117313265800476e-01
1.69932469725608826e-01
7.49445781111717224e-02
1.03510141372680664e-01
3.99660766124725342e-02
6.99586374685168266e-03
6.78911134600639343e-02
-3.02447210997343063e-02
-9.84649732708930969e-02
-1.43591575324535370e-02
-6.53735026717185974e-02
9.83109325170516968e-02
-4.25882823765277863e-03
3.32040479406714439e-03
9.57425609230995178e-02
5.96245490014553070e-02
2.85978645086288452e-01
1.60892426967620850e-01
-8.38424952235072851e-04
4.33095917105674744e-03
1.56752904877066612e-03
1.36477628257125616e-03
-1.12503895070403814e-03
6.72479532659053802e-03
8.98678845260292292e-04
2.30766274034976959e-02
-6.66988119482994080e-02
7.59108215570449829e-02
4.85752411186695099e-02
7.12610855698585510e-02
-5.62733113765716553e-02
3.79404574632644653e-02
1.49681568145751953e-01
-9.49437394738197327e-02
-8.40726941823959351e-02
8.74448195099830627e-02
-4.50743213295936584e-02
1.90745797008275986e-02
-5.63269704580307007e-02
-9.28369089961051941e-02
-1.30117014050483704e-01
1.71794109046459198e-02
4.98554557561874390e-02
-6.43766671419143677e-02
-1.60106308758258820e-02
-4.62997518479824066e-03
1.85643341392278671e-02
-1.22302711009979248e-01
1.35441310703754425e-02
1.25449299812316895e-01
-7.53033533692359924e-02
-4.46896143257617950e-02
-4.68709506094455719e-03
-1.45574435591697693e-01
-7.38826766610145569e-02
-1.13340295851230621e-01
1.57038215547800064e-02
-4.13590902462601662e-03
8.42014886438846588e-03
-1.68181140907108784e-03
-1.97375519201159477e-03
-2.16930359601974487e-02
1.20649524033069611e-02
5.06529642734676600e-04
-1.57878398895263672e-01
9.84586030244827271e-02
3.56634613126516342e-03
-8.98077040910720825e-02
-1.83576159179210663e-02
1.41612768173217773e-01
-1.38153612613677979e-01
-1.27446934580802917e-01
1.19214214384555817e-01
-9.60414111614227295e-02
-5.86329773068428040e-02
-4.23948606476187706e-03
-1.19089022278785706e-01
6.75776377320289612e-02
9.81574878096580505e-02
-2.06944514065980911e-02
-1.76784936338663101e-02
-1.79682895541191101e-01
-1.16671949625015259e-01
7.06373527646064758e-02
1.39559796079993248e-02
5.10701686143875122e-02
-4.51603420078754425e-02
-1.60514727234840393e-01
-4.53740209341049194e-02
1.01314917206764221e-01
1.62082865834236145e-01
1.28751039505004883e-01
-6.18945807218551636e-03
-2.23119527101516724e-01
1.36070236563682556e-01
2.16753482818603516e-02
-6.26752292737364769e-03
-1.13243544474244118e-02
-1.33730582892894745e-02
-8.48152395337820053e-03
1.28480819985270500e-02
-1.22735705226659775e-02
5.43194531928747892e-04
-2.64312070794403553e-03
3.28753367066383362e-02
1.69389009475708008e-01
9.82092097401618958e-02
8.65156874060630798e-02
-2.05609593540430069e-02
-2.00629774481058121e-02
2.74401474744081497e-02
-7.52209872007369995e-02
1.14458814263343811e-01
1.21901780366897583e-01
1.65898129343986511e-01
1.18829347193241119e-01
-9.52872261404991150e-02
-1.44774496555328369e-01
1.36022642254829407e-01
-1.18256993591785431e-01
-4.77074049413204193e-02
-1.52142262086272240e-02
1.94872766733169556e-02
5.85506334900856018e-02
4.09052707254886627e-03
4.89458516240119934e-02
5.98217472434043884e-02
-1.10544927418231964e-01
1.60308048129081726e-01
9.58152860403060913e-02
5.65689876675605774e-02
-1.76186695694923401e-01
-1.71920046210289001e-01
-1.95134952664375305e-02
1.61583438515663147e-01
-4.18052216991782188e-03
-4.33096225606277585e-04
9.13204252719879150e-03
5.73628256097435951e-03
-9.38416831195354462e-03
-1.02248210459947586e-02
-1.14336056867614388e-04
9.70918983221054077e-02
4.68533374369144440e-02
1.27636328339576721e-01
-9.62143391370773315e-02
-8.88928920030593872e-02
-3.34852375090122223e-02
1.29473358392715454e-01
1.07098191976547241e-01
4.35354262590408325e-02
7.74499624967575073e-02
-1.88044626265764236e-02
1.23195402324199677e-01
-1.32340326905250549e-01
3.53501960635185242e-02
-1.12466558814048767e-01
-1.40057012438774109e-01
-1.19426213204860687e-01
9.87423211336135864e-02
1.55294135212898254e-01
-9.30572524666786194e-02
-1.33822143077850342e-01
-4.03089225292205811e-02
8.53324458003044128e-02
9.51690673828125000e-02
7.81142413616180420e-02
-6.20749592781066895e-02
1.37961938977241516e-01
6.97722360491752625e-02
-1.52589306235313416e-02
2.01744183897972107e-01
-1.76201105117797852e-01
4.00512618944048882e-03
1.50673277676105499e-03
-9.01185907423496246e-03
-1.82105368003249168e-03
1.14557817578315735e-02
1.87716819345951080e-02
-1.06980663258582354e-03
-3.87675681849941611e-05
1.00541263818740845e-01
3.56019660830497742e-02
-4.84527423977851868e-02
1.94988045841455460e-02
-3.09853218495845795e-02
-3.10720019042491913e-02
7.44465086609125137e-03
2.83165574073791504e-02
1.40664234757423401e-01
9.75422337651252747e-02
8.68840590119361877e-02
-1.20244227349758148e-01
-2.27972883731126785e-02
-8.51357132196426392e-02
-4.31510433554649353e-02
-2.20476329326629639e-01
8.04232582449913025e-02
-3.79493720829486847e-02
1.27135112881660461e-01
1.51597276329994202e-01
2.57150400429964066e-02
-6.84924945235252380e-02
1.29018515348434448e-01
1.37146085500717163e-01
6.22645840048789978e-02
-2.33281068503856659e-02
-5.68940974771976471e-02
-9.91921052336692810e-02
6.48488104343414307e-02
2.39252388477325439e-01
-1.07497155666351318e-01
9.71700064837932587e-03
-1.60754397511482239e-02
7.94673163909465075e-04
-1.81120969355106354e-02
-1.70215219259262085e-02
-1.04603618383407593e-02
-7.57586536929011345e-03
-1.95400993106886744e-04
-1.26230567693710327e-01
-7.96024054288864136e-02
1.27724438905715942e-01
-8.91108214855194092e-02
1.11774608492851257e-01
-4.09514680504798889e-02
-1.42058461904525757e-01
-9.75358411669731140e-02
1.78478043526411057e-02
-2.77556777000427246e-02
5.82304149866104126e-02
-8.40910151600837708e-03
-6.97560980916023254e-02
1.27635434269905090e-01
-4.81964237987995148e-02
-2.38172113895416260e-02
-1.30376905202865601e-01
-9.48219560086727142e-03
-7.12971091270446777e-02
-3.84781211614608765e-02
-1.36998444795608521e-01
7.72021040320396423e-02
5.85204288363456726e-02
1.19191922247409821e-01
-2.04524889588356018e-01
-4.81316186487674713e-02
-1.29470378160476685e-01
-1.08385026454925537e-01
-8.90870615839958191e-02
1.56173288822174072e-01
-1.54085904359817505e-01
7.51412361860275269e-02
6.63506625642185099e-06
-1.18457875214517117e-03
4.90572955459356308e-03
-1.13448109477758408e-02
6.48892205208539963e-03
-1.02846520021557808e-02
1.98853042093105614e-04
2.71803252398967743e-02
-1.46520361304283142e-01
8.58186110854148865e-02
6.99124634265899658e-02
-2.54775583744049072e-02
-9.34885516762733459e-02
-6.05736076831817627e-02
5.28200753033161163e-02
-1.24285995960235596e-01
-7.82141461968421936e-02
-1.37584328651428223e-01
7.70683139562606812e-02
7.39437267184257507e-02
-1.58538445830345154e-01
-1.17568179965019226e-01
-1.17158256471157074e-01
9.95506197214126587e-02
1.07452675700187683e-01
8.74321311712265015e-02
6.45130723714828491e-02
-1.06647692620754242e-01
8.24432820081710815e-03
9.42585319280624390e-02
-8.28854739665985107e-02
-8.10252353549003601e-02
-1.21517917141318321e-02
-7.21297711133956909e-02
-9.48991775512695312e-02
-8.93188789486885071e-02
-9.06773582100868225e-02
-2.45382741093635559e-01
-2.06478834152221680e-02
-1.87111217528581619e-02
2.68208491615951061e-03
-8.91827791929244995e-03
-9.32117283809930086e-04
-1.95003114640712738e-02
2.19473745673894882e-02
-8.51726072141900659e-05
-1.36374384164810181e-01
6.14328682422637939e-02
1.29800915718078613e-01
5.95889165997505188e-02
1.18428997695446014e-01
-1.01729497313499451e-01
-1.98170240037143230e-03
1.31868839263916016e-01
6.89780935645103455e-02
-2.58677196688950062e-03
2.49504260718822479e-02
-5.84120973944664001e-02
1.48122817277908325e-01
7.20027089118957520e-03
1.20725810527801514e-01
7.54399672150611877e-02
8.16777162253856659e-03
1.88951659947633743e-02
-3.43131013214588165e-02
2.41327583789825439e-02
1.41342729330062866e-02
-1.28509104251861572e-01
1.52441263198852539e-01
1.72930225729942322e-01
-5.87029084563255310e-02
-1.63404911756515503e-01
-8.77145752310752869e-02
-1.70830041170120239e-01
7.77238681912422180e-02
1.40397936105728149e-01
1.03019461035728455e-01
2.54630818963050842e-02
-1.77630281541496515e-03
3.26928426511585712e-03
1.23464567586779594e-02
1.23725365847349167e-02
-4.14745649322867393e-03
-1.50393890216946602e-02
-9.76220981101505458e-05
1.05576543137431145e-02
-2.91967578232288361e-02
-1.07558317482471466e-01
5.56344650685787201e-02
-5.83796501159667969e-02
-5.94039484858512878e-02
-1.20844379067420959e-01
-7.34726712107658386e-02
-1.42428753897547722e-02
-1.21139787137508392e-01
3.31451855599880219e-02
-3.64030711352825165e-02
7.05612301826477051e-02
9.56931337714195251e-02
-3.40596623718738556e-02
-1.34202241897583008e-01
-5.10450415313243866e-02
-1.00210241973400116e-01
-5.27652949094772339e-02
-1.48754492402076721e-01
-1.28903374075889587e-01
5.09442389011383057e-02
-8.95227119326591492e-02
2.74326913058757782e-02
1.22581191360950470e-01
-1.03999234735965729e-01
-1.74637362360954285e-01
-1.98804929852485657e-01
4.53922525048255920e-02
1.09237387776374817e-01
5.98184484988451004e-03
-1.35406762361526489e-01
6.80624600499868393e-03
-1.56468972563743591e-02
-1.20709026232361794e-02
1.67860891669988632e-02
2.33870502561330795e-02
8.35590716451406479e-03
3.61751706805080175e-04
7.38027840852737427e-02
-1.31557872518897057e-02
-1.86035946011543274e-01
1.01144097745418549e-01
1.08264639973640442e-01
5.51258120685815811e-03
4.94734458625316620e-02
-1.15247629582881927e-01
7.99460485577583313e-02
-3.76930534839630127e-02
1.86253953725099564e-02
1.51101455092430115e-01
-6.03284910321235657e-02
1.08005136251449585e-01
7.50731751322746277e-02
-1.15829490125179291e-01
-7.33560472726821899e-02
-1.56790181994438171e-01
8.50127860903739929e-02
-5.06266311276704073e-04
4.42310515791177750e-03
1.35065063834190369e-01
-3.48194092512130737e-02
2.39113662391901016e-02
-2.19510737806558609e-02
-2.93604936450719833e-03
-1.19879804551601410e-01
-1.30537286400794983e-01
-2.24600255489349365e-01
1.38756871223449707e-01
7.26034119725227356e-02
2.04333111643791199e-01
-1.48931834846735001e-02
-1.15111349150538445e-02
-9.47353150695562363e-03
-3.49402166903018951e-02
-5.02430181950330734e-03
-2.42859460413455963e-02
4.66971076093614101e-04
-1.14700123667716980e-01
-8.51942524313926697e-02
4.16484661400318146e-02
-8.14903900027275085e-02
1.61692406982183456e-02
-2.59548351168632507e-02
7.65063837170600891e-02
1.07825778424739838e-01
6.55814707279205322e-02
-6.40760734677314758e-02
9.03161987662315369e-02
4.39494475722312927e-03
1.47312521934509277e-01
1.84771612286567688e-01
-8.79744961857795715e-02
1.41316503286361694e-01
-1.24324187636375427e-01
-4.00347188115119934e-02
-7.71503373980522156e-02
4.74379397928714752e-02
-2.06654921174049377e-01
-1.27927958965301514e-01
2.12850794196128845e-02
-1.73697713762521744e-02
1.53125420212745667e-01
3.69330719113349915e-02
2.30940897017717361e-02
5.48788495361804962e-02
-1.71022757887840271e-01
7.87143260240554810e-02
1.56630173325538635e-01
5.41559085249900818e-02
-9.36642382293939590e-03
2.98412777483463287e-02
-2.34358571469783783e-02
2.31885462999343872e-02
8.80771595984697342e-03
-2.25044004619121552e-02
-9.08337824512273073e-04
-1.22250489890575409e-01
1.19951874017715454e-01
2.55780238658189774e-02
3.77484783530235291e-02
-3.14020887017250061e-02
8.72236937284469604e-02
-1.20476901531219482e-01
1.82868000119924545e-02
1.81886535137891769e-02
8.90579074621200562e-02
-7.43319615721702576e-02
5.94302676618099213e-02
5.47918342053890228e-02
-9.35889557003974915e-02
-9.80325937271118164e-02
2.33164187520742416e-02
-7.26829990744590759e-02
1.79199323058128357e-01
-3.64660657942295074e-03
-2.12800279259681702e-02
3.70917841792106628e-02
-8.60675722360610962e-02
-2.83181667327880859e-02
2.62031257152557373e-02
4.51676398515701294e-02
2.21694223582744598e-02
-4.75016720592975616e-02
-9.07735601067543030e-02
-9.97621715068817139e-02
2.81260967254638672e-01
-1.36252105236053467e-01
-1.58252581954002380e-01
1.19304647669196129e-02
2.05821953713893890e-02
1.17734242230653763e-02
4.50240727514028549e-03
-2.66683697700500488e-02
1.19173396378755569e-02
-1.19680189527571201e-03
7.66454413533210754e-02
3.94894517958164215e-02
1.57271251082420349e-01
-8.36866199970245361e-02
-1.48664703592658043e-02
-4.78149801492691040e-02
3.74058634042739868e-02
9.50811207294464111e-02
6.80644884705543518e-02
2.08464503288269043e-01
7.99100399017333984e-02
-7.65558555722236633e-02
-2.77368295937776566e-02
7.65241608023643494e-02
1.57921612262725830e-01
-1.15132890641689301e-01
-1.68013334274291992e-01
-1.72756969928741455e-01
1.34067282080650330e-01
-7.43591710925102234e-02
3.59145775437355042e-02
-7.53436610102653503e-02
1.45227804780006409e-01
2.46274936944246292e-02
2.72003491409122944e-03
1.43411606550216675e-01
1.67098730802536011e-01
9.51466616243124008e-03
1.44127756357192993e-01
-1.26984223723411560e-01
-1.15254811942577362e-01
1.26229990273714066e-02
-7.02347606420516968e-04
-1.34523576125502586e-02
5.50761306658387184e-03
-3.94267356023192406e-03
1.62779223173856735e-02
1.54622988775372505e-02
-4.27564256824553013e-04
-1.24325685203075409e-01
-1.30271986126899719e-01
6.80640041828155518e-02
3.71159724891185760e-02
2.42954660207033157e-02
-1.44389286637306213e-01
8.49047675728797913e-03
-6.01532906293869019e-02
-1.40512838959693909e-01
4.28212620317935944e-02
1.32457800209522247e-02
-1.34817019104957581e-01
2.61357855051755905e-02
9.63514745235443115e-02
-1.64956942200660706e-01
-2.52108387649059296e-02
1.23667433857917786e-01
1.37391105294227600e-01
-4.59470003843307495e-02
-3.33033278584480286e-02
-1.13892681896686554e-01
-1.23824708163738251e-01
-5.74275553226470947e-02
1.57938361167907715e-01
1.02445542812347412e-01
-1.15088008344173431e-01
-5.68212494254112244e-02
-1.68962344527244568e-01
-2.40886155515909195e-02
1.66944921016693115e-01
1.07745476067066193e-01
-5.43267279863357544e-02
-4.19190246611833572e-03
-1.25656276941299438e-02
-8.89624748378992081e-03
1.10967010259628296e-02
6.72778533771634102e-03
5.98456803709268570e-03
-2.44712951825931668e-04
2.48569883406162262e-02
3.95714566111564636e-02
6.07834383845329285e-02
-2.49181389808654785e-02
-1.56947031617164612e-01
1.21288858354091644e-01
-1.20846137404441833e-01
1.13901659846305847e-01
-3.68564873933792114e-02
4.24889586865901947e-02
9.25776734948158264e-02
-2.89159361273050308e-02
1.03476298972964287e-02
-9.42238047719001770e-02
-8.37078317999839783e-02
2.83482819795608521e-02
1.60046741366386414e-01
3.87946143746376038e-02
1.77250117063522339e-01
6.41025453805923462e-02
8.68666768074035645e-02
-8.32151025533676147e-02
1.41557425260543823e-01
4.86661233007907867e-02
-4.16314266622066498e-02
9.80333015322685242e-02
-7.23067745566368103e-02
3.61512973904609680e-02
-1.40408396720886230e-01
2.38277748227119446e-01
-5.46267665922641754e-02
1.03174252435564995e-02
-3.17746918881312013e-04
1.45599022507667542e-02
-3.37823946028947830e-03
-1.12469831947237253e-03
2.42661628872156143e-02
-1.33319580927491188e-02
7.85552474553696811e-05
-1.25201880931854248e-01
2.96118091791868210e-02
8.40015187859535217e-02
-3.59813426621258259e-03
6.27632513642311096e-02
1.14693552255630493e-01
2.33541075140237808e-02
-8.05084928870201111e-02
1.20008654892444611e-01
-1.28974646329879761e-01
4.63506132364273071e-02
6.87533169984817505e-02
-3.59265170991420746e-02
-1.36484131217002869e-01
4.84395027160644531e-02
7.40869492292404175e-02
3.03344894200563431e-02
7.49880224466323853e-02
6.39745742082595825e-02
3.69684360921382904e-02
1.55664652585983276e-01
-3.81721854209899902e-02
1.04751661419868469e-02
-1.09579488635063171e-01
9.58883613348007202e-02
1.50431217625737190e-02
1.08494749292731285e-03
-7.32985511422157288e-02
2.16964617371559143e-01
1.79749488830566406e-01
1.33583351969718933e-01
-1.10236093401908875e-01
-1.25445630401372910e-02
-1.18018165230751038e-02
3.07276509702205658e-02
1.32779786363244057e-02
-1.78020186722278595e-02
6.38045137748122215e-03
4.89138124976307154e-04
3.15080881118774414e-02
-2.70858872681856155e-02
8.55371505022048950e-02
-1.70151963829994202e-02
-1.53676837682723999e-01
-3.11392899602651596e-02
6.37980997562408447e-02
-1.64119631052017212e-01
9.43260341882705688e-02
1.01713284850120544e-01
5.23286499083042145e-02
1.11065298318862915e-01
1.26638635993003845e-01
9.72862020134925842e-02
-3.83781641721725464e-03
3.05297784507274628e-02
9.98342186212539673e-02
-1.00359670817852020e-01
6.28734827041625977e-02
-1.43953084945678711e-01
-1.17153517901897430e-01
-1.42269849777221680e-01
-1.57095521688461304e-01
-9.85250845551490784e-02
6.26553744077682495e-02
-1.50174215435981750e-01
-1.34651213884353638e-01
-2.04460009932518005e-01
-1.04820743203163147e-01
-1.15877516567707062e-01
1.30166754126548767e-01
-8.55602994561195374e-02
1.35972434654831886e-02
6.91871996968984604e-03
5.13134105131030083e-03
9.34242177754640579e-03
-2.02508233487606049e-02
1.07116969302296638e-02
9.93536552414298058e-04
-1.42122760415077209e-01
-6.90963715314865112e-02
-5.58393336832523346e-02
3.03111504763364792e-02
1.30600452423095703e-01
1.04658424854278564e-01
-1.47520303726196289e-02
1.10666669905185699e-01
5.01301623880863190e-02
3.03672272711992264e-02
-9.12771150469779968e-02
-1.41675993800163269e-02
2.79905851930379868e-02
-5.42203821241855621e-02
2.93848123401403427e-02
9.13244038820266724e-02
-1.07837073504924774e-01
1.27452656626701355e-01
1.43945067065942567e-06
-3.69675308465957642e-02
2.50099319964647293e-02
-3.51257668808102608e-03
-2.38294750452041626e-02
-1.06307134032249451e-01
2.99898348748683929e-02
1.58959161490201950e-02
7.01323896646499634e-02
2.28003356605768204e-02
-1.84716269373893738e-01
2.14464157819747925e-01
1.54377818107604980e-01
-1.69549182057380676e-01
-1.06570916250348091e-03
-2.08836030215024948e-02
-1.41047639772295952e-02
-1.64528526365756989e-02
-6.02865312248468399e-03
1.43177434802055359e-02
-2.46466544922441244e-04
-5.84887899458408356e-02
-5.00699318945407867e-02
1.06496311724185944e-01
4.90414947271347046e-02
2.72823125123977661e-02
-3.94894368946552277e-02
3.15864235162734985e-02
-2.63717286288738251e-02
-3.35804894566535950e-02
1.44276991486549377e-01
-8.08484852313995361e-02
-2.49264054000377655e-02
-9.09658893942832947e-03
-5.15847131609916687e-02
-6.82415664196014404e-02
5.21538518369197845e-02
4.30959393270313740e-04
-8.24873596429824829e-02
3.17300073802471161e-02
1.09198233112692833e-02
-1.22380189597606659e-01
3.72399203479290009e-02
7.42788054049015045e-03
-9.02986973524093628e-02
1.78686734288930893e-02
-1.13631784915924072e-02
9.40686613321304321e-02
2.82496819272637367e-03
1.16320200264453888e-01
1.74887087196111679e-02
-5.69770820438861847e-02
-1.13656848669052124e-01
-9.50202904641628265e-03
1.16303646937012672e-02
-8.71155224740505219e-03
1.65043361485004425e-02
-2.44655669666826725e-03
-1.95282958447933197e-02
-4.92572959046810865e-04
2.97453645616769791e-02
-1.39039874076843262e-01
-2.23625004291534424e-02
-1.35570466518402100e-01
-1.25267595052719116e-01
1.41031473875045776e-01
1.46357744932174683e-01
1.47474274039268494e-01
1.66461616754531860e-01
-1.67337656021118164e-01
-6.23774901032447815e-02
-3.01169860176742077e-03
4.50228974223136902e-02
2.31242440640926361e-02
-1.42005216330289841e-02
1.92561447620391846e-01
-8.16816315054893494e-02
2.77161654084920883e-02
1.01761378347873688e-01
-7.47508257627487183e-02
1.13779477775096893e-01
1.29689514636993408e-01
-3.41507904231548309e-02
-7.04668760299682617e-02
9.89582240581512451e-02
1.40106022357940674e-01
6.60839304327964783e-02
1.24769568443298340e-01
1.54980331659317017e-01
1.60456169396638870e-02
5.62010444700717926e-02
-1.11702479422092438e-01
-3.38228121399879456e-02
1.53709575533866882e-02
-7.14626302942633629e-03
1.83358322829008102e-02
-9.05027985572814941e-03
-5.02150282263755798e-02
1.12434057518839836e-03
-1.00080154836177826e-01
5.55928945541381836e-02
1.38409167528152466e-01
1.66954863816499710e-02
1.06467038393020630e-01
-4.11921180784702301e-02
-1.22429504990577698e-01
-9.09460186958312988e-02
-8.48692804574966431e-02
-1.07456035912036896e-01
-1.37341350317001343e-01
1.01684756577014923e-01
1.58653765916824341e-01
1.33878560736775398e-02
4.42155078053474426e-02
-1.02465823292732239e-01
1.73410736024379730e-02
6.74479007720947266e-02
1.25239580869674683e-01
-7.16077014803886414e-02
1.03678390383720398e-01
3.44750136137008667e-02
-4.49230819940567017e-02
-1.53049319982528687e-01
4.34065833687782288e-02
1.12334184348583221e-01
-4.55497913062572479e-02
1.13266192376613617e-01
7.26207494735717773e-02
-1.09728619456291199e-01
-4.34568822383880615e-02
1.03318542242050171e-01
6.87397783622145653e-03
-5.65527239814400673e-03
-8.98841116577386856e-03
-2.37768376246094704e-03
4.77985851466655731e-03
1.68953612446784973e-02
1.51399610331282020e-04
1.17557935416698456e-01
-2.54771057516336441e-02
9.50685217976570129e-02
4.23624664545059204e-02
2.23193559795618057e-02
1.59205213189125061e-01
-1.04960419237613678e-01
1.13491550087928772e-01
-6.67958557605743408e-02
1.28554329276084900e-01
1.30376676097512245e-02
1.22371040284633636e-01
-1.20055116713047028e-02
1.16389930248260498e-01
1.26105606555938721e-01
-1.97469461709260941e-02
1.37311546131968498e-02
-8.04102867841720581e-02
1.10418125987052917e-01
2.44164094328880310e-02
-7.58712366223335266e-02
-3.62936332821846008e-02
1.55888870358467102e-01
1.07060536742210388e-01
1.43610835075378418e-01
-1.76566958427429199e-01
-1.49242848157882690e-01
-1.23365499079227448e-01
-8.51227417588233948e-02
7.16813206672668457e-02
-7.37122371792793274e-02
-1.06679171323776245e-01
3.19418753497302532e-03
2.66351993195712566e-03
1.01213902235031128e-03
2.61578802019357681e-03
4.39390353858470917e-03
1.65940378792583942e-03
2.37586664297850803e-05
7.55966827273368835e-02
-1.78453877568244934e-01
-2.59267110377550125e-02
-1.32495224475860596e-01
1.25474825501441956e-01
-8.40448141098022461e-02
1.08456917107105255e-01
-3.28135639429092407e-02
-4.20018844306468964e-02
7.77667164802551270e-02
-9.50859636068344116e-02
-7.82907307147979736e-02
-4.50546108186244965e-02
1.63126811385154724e-01
-1.09899535775184631e-01
9.40465405583381653e-02
2.06990599632263184e-01
-6.85187876224517822e-02
-1.26681253314018250e-01
-1.56785637140274048e-01
-3.06520015001296997e-02
1.12815327942371368e-01
-8.51125642657279968e-02
1.20477221906185150e-01
-8.12001451849937439e-02
9.97515544295310974e-02
-6.89783692359924316e-03
3.18209528923034668e-02
-2.67015755176544189e-01
-4.95498366653919220e-02
-4.03690449893474579e-02
-1.67435929179191589e-01
1.07923978939652443e-02
5.75455790385603905e-03
-6.90929009579122066e-04
2.69431322813034058e-02
9.71478968858718872e-03
1.11272381618618965e-02
-1.62189855473116040e-04
-6.26865625381469727e-02
6.13686367869377136e-02
7.34483227133750916e-02
3.60278449952602386e-02
1.43247887492179871e-01
1.42277777194976807e-01
3.79737056791782379e-02
-1.29601508378982544e-01
8.99331718683242798e-02
-6.95263668894767761e-02
7.73126035928726196e-02
1.37750515714287758e-02
4.38827686011791229e-02
-3.46998348832130432e-02
1.50506153702735901e-01
-5.04974238574504852e-02
1.98881313204765320e-01
-9.00847986340522766e-02
-6.77660340443253517e-03
2.56833042949438095e-02
1.53302311897277832e-01
-2.90752742439508438e-02
8.63155722618103027e-02
-1.41405686736106873e-01
1.84898991137742996e-02
-8.69054871145635843e-04
3.25293769128620625e-03
1.03393144905567169e-01
-3.30852381885051727e-02
-1.91955372691154480e-01
1.64216518402099609e-01
1.35677427053451538e-01
6.71255576889961958e-04
-8.19445867091417313e-03
-2.63089616782963276e-03
2.02246173284947872e-03
8.21379292756319046e-03
-6.92678987979888916e-03
1.29612017190083861e-04
-1.52520567178726196e-01
2.92997602373361588e-02
1.56057462096214294e-01
5.40417991578578949e-02
-3.22130098938941956e-02
7.59569555521011353e-02
-9.49863791465759277e-02
-3.22608277201652527e-03
9.27374809980392456e-02
-1.36019513010978699e-01
-1.20650172233581543e-01
2.15867068618535995e-02
-1.34387373924255371e-01
-3.60242202877998352e-02
4.47786040604114532e-02
3.54184322059154510e-02
-6.43799407407641411e-03
4.79741990566253662e-02
-1.10796444118022919e-01
-3.01252286881208420e-02
2.79784817248582840e-02
1.29489541053771973e-01
-8.61073434352874756e-02
9.74528864026069641e-02
-4.61619272828102112e-02
-6.64551630616188049e-02
1.34259192273020744e-02
1.18717245757579803e-01
5.98220452666282654e-02
2.00674861669540405e-01
-1.43836019560694695e-02
-5.27143031358718872e-02
-6.29237992689013481e-03
9.73942875862121582e-03
-2.46818596497178078e-03
7.95880705118179321e-03
-1.18831070140004158e-02
-1.66314486414194107e-02
2.42476904531940818e-04
-1.18997372686862946e-01
4.77989949285984039e-02
-1.06183268129825592e-01
-7.30580314993858337e-02
3.95714715123176575e-02
2.68310718238353729e-02
8.71331244707107544e-02
-1.52655905112624168e-02
9.00086537003517151e-02
6.02805577218532562e-02
-1.54699623584747314e-01
-4.48014959692955017e-02
1.20999231934547424e-01
-3.53960022330284119e-02
9.10757482051849365e-02
1.00580602884292603e-01
6.83917198330163956e-03
9.42590162158012390e-02
1.47977069020271301e-01
6.57574757933616638e-02
1.68633982539176941e-02
-1.52717873454093933e-01
4.51257415115833282e-02
-1.33041637018322945e-02
9.64848548173904419e-02
-9.66023355722427368e-02
6.64476379752159119e-02
7.40558877587318420e-02
1.73068910837173462e-01
2.82704960554838181e-02
1.79539427161216736e-01
-1.66914463043212891e-01
-4.61855856701731682e-03
-3.05462162941694260e-02
-3.26952449977397919e-02
-2.87505928426980972e-02
-2.18109302222728729e-02
-5.99372433498501778e-03
5.00342139275744557e-05
1.82593651115894318e-02
-2.05347649753093719e-02
1.98082551360130310e-02
-1.23497977852821350e-01
1.48756325244903564e-01
-5.34152165055274963e-02
-7.56910396739840508e-03
4.79365475475788116e-02
6.58146245405077934e-03
-1.24242193996906281e-02
-5.34646660089492798e-02
1.51994545012712479e-02
-5.07764779031276703e-02
-1.42416983842849731e-01
2.25844755768775940e-02
3.54561358690261841e-02
9.78962033987045288e-02
-5.36804199218750000e-02
1.49647623300552368e-01
-7.07690492272377014e-02
2.71108746528625488e-03
-1.34539633989334106e-01
-1.37466400861740112e-01
-1.32606983184814453e-01
-1.31296217441558838e-01
-1.61695033311843872e-02
-8.85079726576805115e-02
-1.21443413197994232e-01
-1.67151480913162231e-01
-1.47718802094459534e-01
4.87808473408222198e-02
-8.51495191454887390e-02
6.46035885438323021e-03
1.69842429459095001e-02
1.60827804356813431e-02
-7.96382955741137266e-04
4.67620268464088440e-02
7.86274205893278122e-03
-3.99741635192185640e-04
-5.99927194416522980e-02
1.99362002313137054e-02
6.04085624217987061e-02
1.94713789969682693e-02
-1.31860673427581787e-01
-1.41584306955337524e-01
-6.93859532475471497e-02
-1.69913381338119507e-01
-7.87017792463302612e-02
6.66466206312179565e-02
-1.18157655000686646e-01
5.31269572675228119e-02
1.28008589148521423e-01
-5.21947853267192841e-02
-1.44017878919839859e-02
-2.37171538174152374e-02
-2.63129938393831253e-02
1.38739362359046936e-01
-8.17242488265037537e-02
-1.29217624664306641e-01
-1.23043805360794067e-01
-6.65055587887763977e-02
-6.54264390468597412e-02
-4.55582886934280396e-03
-1.78769845515489578e-02
8.63461866974830627e-02
3.32616716623306274e-02
2.23436485975980759e-02
-7.23249018192291260e-02
-3.33361960947513580e-02
-1.95569247007369995e-01
3.53062003850936890e-02
7.19442218542098999e-03
3.17441415973007679e-03
6.05655647814273834e-03
-5.49175729975104332e-03
-1.51682808063924313e-03
-1.21097834780812263e-02
6.55964822726673447e-06
5.39775528013706207e-02
5.80069944262504578e-02
-9.27710831165313721e-02
1.29884132184088230e-03
-4.04042974114418030e-02
-4.52633481472730637e-03
-3.99021431803703308e-02
1.74532644450664520e-02
6.63306042551994324e-02
-4.15621921420097351e-02
-1.31993204355239868e-01
-1.60168945789337158e-01
-7.55528733134269714e-02
-9.85374599695205688e-02
-1.61617726087570190e-01
-9.60989519953727722e-02
-7.91440829634666443e-02
-1.01190142333507538e-01
1.08306460082530975e-01
6.49220123887062073e-02
-1.59235149621963501e-01
1.83882117271423340e-02
-1.51067255064845085e-02
2.31903307139873505e-02
1.27772182226181030e-01
8.81779193878173828e-02
1.73388510942459106e-01
8.20861458778381348e-02
-2.10931256413459778e-01
-2.54666395485401154e-02
9.87782105803489685e-02
-3.86271402239799500e-02
1.49027211591601372e-03
-5.83562068641185760e-03
6.74773240461945534e-03
-3.66318249143660069e-03
-9.82014182955026627e-03
1.09056597575545311e-02
3.25501634506508708e-04
-1.74536108970642090e-01
9.95878353714942932e-02
4.56322683021426201e-04
-2.60304976254701614e-02
1.26299485564231873e-01
1.06444455683231354e-01
9.99835655093193054e-02
-8.49586725234985352e-02
-1.10996298491954803e-01
2.58259475231170654e-02
1.12681917846202850e-01
-3.39337252080440521e-02
1.14611960947513580e-01
-6.26356601715087891e-02
-3.37492078542709351e-02
-1.10478527843952179e-01
1.00150004029273987e-01
7.60412588715553284e-02
-1.18747711181640625e-01
1.40128895640373230e-01
-3.96323017776012421e-02
-1.34251549839973450e-01
-2.58071161806583405e-02
1.18570096790790558e-01
9.03449058532714844e-02
-5.03698782995343208e-03
3.79368737339973450e-02
-1.13529702648520470e-02
1.32396191358566284e-01
-1.98845416307449341e-01
-1.89741834998130798e-01
-1.23670823872089386e-01
3.88450268656015396e-03
-6.98483223095536232e-03
2.91484850458800793e-03
-9.54220257699489594e-03
6.39185495674610138e-03
-3.20711149834096432e-03
1.07134552672505379e-03
-1.25814139842987061e-01
-2.29948665946722031e-02
-1.11574858427047729e-01
-1.91451206803321838e-01
6.97403103113174438e-02
1.19074739515781403e-01
-5.47656305134296417e-02
-8.33549574017524719e-02
-4.30608056485652924e-02
-1.23010493814945221e-01
1.15496523678302765e-01
3.41510027647018433e-02
-9.60616860538721085e-03
4.23330068588256836e-02
3.28596308827400208e-02
-7.50968605279922485e-02
-8.82790088653564453e-02
-1.02881439030170441e-01
8.59051495790481567e-02
2.10311319679021835e-02
7.39110410213470459e-02
-1.23734258115291595e-01
-1.42771586775779724e-01
-3.51781435310840607e-02
-1.44715860486030579e-01
8.42749103903770447e-02
1.11634761095046997e-01
1.62004843354225159e-01
-4.69471402466297150e-02
-2.75239534676074982e-02
1.84992238879203796e-01
-1.25136179849505424e-02
2.34397593885660172e-02
1.94910373538732529e-02
3.82817187346518040e-03
9.19353216886520386e-03
2.73126605898141861e-02
7.92515184730291367e-03
7.46628211345523596e-04
2.36359667032957077e-02
3.14182192087173462e-02
-1.62480473518371582e-02
-1.76913321018218994e-01
1.03836478665471077e-02
5.12984208762645721e-02
-3.86639572679996490e-02
5.67107573151588440e-02
2.16300543397665024e-02
-1.19801990687847137e-01
-1.18792079389095306e-01
-1.90184842795133591e-02
9.01233702898025513e-02
-3.88874486088752747e-02
1.02316431701183319e-01
1.03308737277984619e-01
-3.58279421925544739e-02
-5.62630593776702881e-03
1.71737447381019592e-02
-3.38585203280672431e-04
-1.43708422780036926e-01
-1.01752728223800659e-01
1.04080125689506531e-01
-1.46993935108184814e-01
7.04006552696228027e-02
1.06831163167953491e-01
7.40069970488548279e-02
6.97910636663436890e-02
5.61521910130977631e-02
-5.32123781740665436e-02
5.38139566779136658e-02
8.72865170240402222e-02
-1.50147661566734314e-01
1.78553000092506409e-01
-9.13260579109191895e-02
-1.55896255746483803e-02
-5.98142296075820923e-02
8.59550666064023972e-03
1.35704725980758667e-01
8.25823590275831521e-05
1.38334214687347412e-01
-1.12598404288291931e-01
-1.41201671212911606e-02
-1.39083743095397949e-01
-7.57691338658332825e-02
1.43258780241012573e-01
-6.72268867492675781e-02
1.08937941491603851e-01
-9.82970669865608215e-02
1.50420069694519043e-01
-2.10641305893659592e-02
-5.24380095303058624e-02
1.72331452369689941e-01
-3.88464853167533875e-02
1.45973742008209229e-01
5.35537973046302795e-02
1.71640381217002869e-01
-8.56638047844171524e-03
-4.42376080900430679e-03
-1.15664899349212646e-01
-7.29657113552093506e-02
-1.11957751214504242e-01
-2.06197146326303482e-02
1.51475191116333008e-01
3.27105410397052765e-02
3.98133397102355957e-02
-3.86236757040023804e-02
2.70983539521694183e-02
1.34016782045364380e-01
-1.69995754957199097e-01
-2.12329030036926270e-02
-1.10104978084564209e-01
-1.05772949755191803e-01
1.45213022828102112e-01
1.07058040797710419e-01
-1.06515966355800629e-01
4.34291325509548187e-02
1.31917908787727356e-01
-7.83829912543296814e-02
1.02258890867233276e-01
-1.32370114326477051e-01
-3.85270752012729645e-02
2.50998269766569138e-02
2.01738951727747917e-03
-7.96213895082473755e-02
-9.74960252642631531e-02
-5.61184063553810120e-02
-9.61757823824882507e-02
-9.56253036856651306e-02
7.06987082958221436e-02
6.77109956741333008e-02
-1.42332419753074646e-01
-8.91583189368247986e-02
-1.03868007659912109e-01
-8.37861448526382446e-02
-4.88614700734615326e-02
-1.03447251021862030e-01
1.76635742187500000e-01
5.89444264769554138e-02
7.69224911928176880e-02
6.52228072285652161e-02
-1.23563490808010101e-01
-2.08116862922906876e-02
-1.64472088217735291e-01
-8.16365554928779602e-02
9.92181971669197083e-02
-1.05546429753303528e-01
1.90624311566352844e-01
9.69536677002906799e-02
4.11986522376537323e-02
-1.88345368951559067e-02
-4.57682088017463684e-02
2.90489271283149719e-02
6.88374489545822144e-02
-6.69591128826141357e-02
-9.71455648541450500e-02
-5.28504215180873871e-02
-5.17026595771312714e-02
-1.06695450842380524e-01
-1.72188818454742432e-01
-1.22208651155233383e-02
1.22860223054885864e-01
1.43752455711364746e-01
-7.45444223284721375e-02
1.46065086126327515e-01
-3.52592580020427704e-02
1.84183493256568909e-02
6.44205957651138306e-02
1.85542041435837746e-03
-2.16919053345918655e-02
5.16075715422630310e-02
-7.93147087097167969e-02
4.45947237312793732e-03
-7.53272622823715210e-02
9.61502566933631897e-02
8.46620090305805206e-03
-1.28429392352700233e-02
-5.74514269828796387e-02
-8.50318074226379395e-02
1.08834773302078247e-01
4.06164973974227905e-02
1.12390905618667603e-01
7.57489204406738281e-02
8.78525599837303162e-02
9.81695279479026794e-02
8.59471317380666733e-03
4.08616289496421814e-02
-1.08141504228115082e-01
3.13120335340499878e-02
-2.74631660431623459e-04
-1.04897944256663322e-02
6.78655272349715233e-03
-6.04859329760074615e-02
7.94444158673286438e-02
-3.26341623440384865e-03
-8.52157026529312134e-02
2.29818802326917648e-02
1.30230218172073364e-01
-7.25768357515335083e-02
-1.59644931554794312e-02
-1.60743221640586853e-02
-8.95352214574813843e-02
2.33923289924860001e-02
-8.29106718301773071e-02
-2.46548410505056381e-02
-1.93505473434925079e-02
5.12942336499691010e-02
-6.33112937211990356e-02
1.97482090443372726e-02
6.82103857398033142e-02
3.34837939590215683e-03
-4.30505387485027313e-02
3.48484180867671967e-02
2.81073749065399170e-02
7.08927139639854431e-02
1.91877875477075577e-02
3.57103236019611359e-02
-1.93285457789897919e-02
4.40379977226257324e-02
1.52060324326157570e-02
6.74537196755409241e-02
9.25537869334220886e-02
4.59334701299667358e-02
-3.58671741560101509e-03
-4.22719903290271759e-02
8.16553831100463867e-02
-6.64285495877265930e-02
-7.09321303293108940e-03
-5.60926944017410278e-02
3.27722355723381042e-02
5.64693920314311981e-02
-9.67371612787246704e-02
-7.60657573118805885e-03
9.84364598989486694e-02
-9.54161658883094788e-02
-3.22634354233741760e-02
-6.28920868039131165e-02
-6.03950209915637970e-02
-5.27147352695465088e-02
5.20455799996852875e-02
1.96633562445640564e-02
-2.49408092349767685e-02
-5.82507550716400146e-02
-2.18019764870405197e-02
-8.55946075171232224e-03
-7.17924758791923523e-02
1.72902811318635941e-02
-6.62546455860137939e-02
-9.84884202480316162e-02
5.04418159835040569e-04
-7.82402381300926208e-02
5.98185397684574127e-02
9.51517000794410706e-02
9.19087976217269897e-02
-3.58467213809490204e-02
-6.62608370184898376e-02
-3.12517993152141571e-02
-4.91005927324295044e-02
8.80512129515409470e-03
8.48064050078392029e-02
7.01850280165672302e-02
-1.43746030516922474e-03
-2.64360606670379639e-02
5.29284290969371796e-02
-2.48442180454730988e-02
-6.92704021930694580e-02
1.75039302557706833e-02
8.45536887645721436e-02
8.88834595680236816e-02
1.39594133943319321e-02
-6.30749166011810303e-02
-1.84754244983196259e-02
-4.33913506567478180e-02
2.12011765688657761e-03
-3.63770164549350739e-02
1.10739275813102722e-01
-8.46495553851127625e-02
-3.43404151499271393e-02
1.17558807134628296e-01
3.07967606931924820e-02
-4.02192934416234493e-04
7.82239139080047607e-02
-6.58806934952735901e-02
-2.01073773205280304e-02
1.19542099535465240e-01
-8.60489904880523682e-03
-1.14017300307750702e-01
-5.62461726367473602e-02
-4.70281504094600677e-02
-4.71586324274539948e-02
3.16274389624595642e-02
-2.65383534133434296e-02
1.61331482231616974e-02
-7.32023194432258606e-02
-6.07536220923066139e-03
1.57774221152067184e-02
5.05581833422183990e-02
8.10964331030845642e-02
4.35177050530910492e-02
-6.28824457526206970e-02
4.88952659070491791e-02
-8.25542137026786804e-02
-3.14403921365737915e-02
7.05900713801383972e-02
8.90674293041229248e-02
7.08847632631659508e-03
3.54682132601737976e-02
3.03210932761430740e-02
1.34601309895515442e-01
5.34177646040916443e-02
-5.96020445227622986e-02
3.90706658363342285e-02
-1.02449893951416016e-01
2.09844075143337250e-02
2.93525792658329010e-02
3.39314341545104980e-02
5.81867769360542297e-02
1.90862491726875305e-02
-9.30881779640913010e-03
9.09628868103027344e-02
7.45296925306320190e-02
-2.01109722256660461e-02
2.45089046657085419e-02
-5.77296540141105652e-02
1.94640252739191055e-02
-3.81375551223754883e-02
-3.65169495344161987e-02
-2.68068592995405197e-02
5.32257184386253357e-02
2.24102521315217018e-03
9.34199709445238113e-03
1.57855469733476639e-02
7.14583694934844971e-02
-1.57787855714559555e-02
-4.49364632368087769e-02
-1.19075346738100052e-02
-2.97201070934534073e-02
8.54470357298851013e-02
-6.90610259771347046e-02
-2.68123317509889603e-02
-7.05932155251502991e-02
9.05978307127952576e-03
6.91988244652748108e-02
-6.61969333887100220e-02
7.74224549531936646e-02
3.77157218754291534e-02
-1.16792641580104828e-01
-6.88246786594390869e-02
6.57991245388984680e-02
2.40525659173727036e-02
-5.68936206400394440e-02
4.36550788581371307e-02
7.73127004504203796e-02
7.67899081110954285e-02
-1.38217071071267128e-02
-4.78504970669746399e-02
4.65506128966808319e-02
-5.59393018484115601e-02
-9.81011316180229187e-02
-3.60846891999244690e-02
2.24325973540544510e-02
1.16419233381748199e-02
7.49140009284019470e-02
-4.46107722818851471e-02
-4.62384074926376343e-02
-2.04860959202051163e-02
2.32348144054412842e-02
4.92663644254207611e-02
3.93693484365940094e-02
-8.64978283643722534e-02
3.30220498144626617e-02
1.44314989447593689e-02
2.08908924832940102e-04
1.70008148998022079e-02
-5.46150747686624527e-03
-4.50434759259223938e-02
-3.32696735858917236e-02
7.82927721738815308e-02
8.46229493618011475e-02
9.85939875245094299e-02
1.66219156235456467e-02
-1.64986234158277512e-02
7.98638761043548584e-02
7.00339674949645996e-02
1.42330350354313850e-02
7.27618113160133362e-03
-7.80737623572349548e-02
3.46539281308650970e-02
-7.67678916454315186e-02
3.96154634654521942e-02
-5.56962825357913971e-02
8.81667509675025940e-02
-8.47373902797698975e-02
-3.64539846777915955e-02
-4.96160052716732025e-02
-3.15370149910449982e-02
-9.81676857918500900e-03
-5.13203628361225128e-02
-8.41601099818944931e-03
-1.10603295266628265e-01
-4.93866428732872009e-02
-8.61588642001152039e-02
8.42944383621215820e-02
1.03630754165351391e-03
7.29430392384529114e-02
2.26288266276242211e-05
-2.96252109110355377e-02
-1.91468484699726105e-02
-8.98276045918464661e-02
1.12321108579635620e-01
7.41838589310646057e-02
-4.14203852415084839e-02
1.49937234818935394e-02
2.90806423872709274e-02
-4.95641492307186127e-02
-5.10631203651428223e-02
-8.65081250667572021e-02
-1.16538777947425842e-01
1.07667632400989532e-01
-1.46745180245488882e-03
1.58907081931829453e-02
3.51183302700519562e-02
-8.00504162907600403e-02
7.66269341111183167e-02
-9.52875837683677673e-02
3.79719138145446777e-02
-4.71004992723464966e-02
4.96613942086696625e-02
1.42573975026607513e-02
-7.97563865780830383e-02
5.53781799972057343e-02
7.77844414114952087e-02
5.42434975504875183e-02
3.01363393664360046e-02
-4.65342141687870026e-02
1.90635193139314651e-02
5.68707101047039032e-02
4.00887317955493927e-02
-1.50539949536323547e-01
3.79432109184563160e-03
6.64964616298675537e-02
-6.37984424829483032e-02
-7.17202275991439819e-02
1.19035474956035614e-01
2.39525344222784042e-02
-3.35469245910644531e-02
-5.58398850262165070e-02
-2.50697117298841476e-02
-2.61265225708484650e-02
5.80203831195831299e-02
-7.04357959330081940e-03
2.33175177127122879e-02
1.76568590104579926e-02
1.82168129831552505e-02
-1.38733573257923126e-02
5.04747554659843445e-02
-2.20726225525140762e-02
-4.37171272933483124e-02
-4.23820875585079193e-02
-3.39713804423809052e-02
-1.44434627145528793e-02
-2.18226201832294464e-02
7.16886222362518311e-02
2.47886534780263901e-02
5.80591615289449692e-03
7.32837691903114319e-02
6.34151473641395569e-02
-6.90438672900199890e-02
-1.37912901118397713e-02
-8.16839262843132019e-02
-4.84186820685863495e-02
-6.10001524910330772e-03
1.01467221975326538e-01
1.09666269272565842e-02
-2.33564879745244980e-02
-5.68158291280269623e-02
-5.33333867788314819e-02
-3.74814006499946117e-03
-5.85208497941493988e-02
1.10304959118366241e-01
-9.22380294650793076e-03
-1.69498510658740997e-02
-5.25119304656982422e-02
-5.98572976887226105e-02
3.46493013203144073e-02
2.91614551097154617e-02
4.33661676943302155e-02
7.78064876794815063e-02
-1.09421424567699432e-01
1.11267983913421631e-01
3.88581678271293640e-02
-4.95183579623699188e-02
5.54365217685699463e-02
-7.99668282270431519e-02
1.03064320981502533e-01
-4.85993847250938416e-02
-3.41231226921081543e-02
5.63496798276901245e-02
1.16016507148742676e-01
-1.06595613062381744e-01
3.40106897056102753e-02
-7.30114281177520752e-02
6.38995841145515442e-02
-2.37442366778850555e-03
6.83465600013732910e-02
-3.71151417493820190e-02
1.94664709270000458e-02
6.23084865510463715e-02
1.20810136198997498e-01
4.52912300825119019e-02
4.37954850494861603e-02
-2.04167813062667847e-02
-6.12259805202484131e-02
-1.52411842718720436e-02
-6.83990791440010071e-02
-1.02570198476314545e-01
5.31152337789535522e-02
7.92427733540534973e-02
2.98514291644096375e-02
-6.02796450257301331e-02
2.03529885038733482e-03
5.39296120405197144e-02
4.96205464005470276e-02
-3.50969284772872925e-02
-3.72237861156463623e-02
-1.00332856178283691e-01
-1.31110521033406258e-02
-6.27195611596107483e-02
-8.18537175655364990e-02
2.80956216156482697e-02
-2.20063868910074234e-02
-1.46264597773551941e-01
7.36457854509353638e-02
-5.70246614515781403e-02
-6.85776844620704651e-02
2.94626876711845398e-02
7.72221609950065613e-02
-5.88401779532432556e-02
-7.29910284280776978e-02
4.22403477132320404e-02
9.77726876735687256e-02
7.06080123782157898e-02
2.50116847455501556e-02
-4.23595905303955078e-02
4.99999243766069412e-03
-2.79042753390967846e-03
4.41191531717777252e-02
5.95223484560847282e-03
-5.91688416898250580e-02
-2.66109853982925415e-02
-2.86119170486927032e-02
-4.37582656741142273e-02
2.45105084031820297e-02
-4.41232370212674141e-03
1.63668636232614517e-02
8.95479619503021240e-02
-1.77670884877443314e-02
5.45200705528259277e-02
-2.83228792250156403e-02
-6.59908680245280266e-03
4.79211211204528809e-02
1.11975476145744324e-01
3.21793965995311737e-02
3.03436927497386932e-02
-2.58190836757421494e-02
-1.01166017353534698e-01
7.98594057559967041e-02
7.47215971350669861e-02
5.51668256521224976e-02
-2.10797302424907684e-02
2.89439614862203598e-02
-4.27043661475181580e-02
6.10546767711639404e-02
-7.65832215547561646e-02
8.70932564139366150e-02
-4.20101583003997803e-02
-3.51520963013172150e-02
4.32748831808567047e-02
-2.58976519107818604e-02
2.43535414338111877e-02
-5.88957220315933228e-02
-5.29879219830036163e-02
5.48915565013885498e-03
-1.88868232071399689e-02
-2.83791869878768921e-03
2.98896972090005875e-02
2.87949163466691971e-02
2.80421078205108643e-02
9.91550907492637634e-02
6.91423490643501282e-02
-4.08349521458148956e-02
-8.67383480072021484e-02
2.34810844995081425e-03
-7.45998993515968323e-02
-1.10917143523693085e-01
4.86239753663539886e-02
-5.29134720563888550e-02
-7.16197267174720764e-02
5.33831752836704254e-02
9.02620106935501099e-02
5.41190356016159058e-02
-1.19898142293095589e-02
-1.45138921216130257e-02
7.87102133035659790e-02
-4.66287881135940552e-02
3.33596058189868927e-02
5.66203892230987549e-02
-6.77219927310943604e-02
-2.31800340116024017e-02
5.15432171523571014e-02
-3.51074710488319397e-02
3.82768139243125916e-02
3.51740792393684387e-02
-7.81300887465476990e-02
1.07672482728958130e-01
1.01824820041656494e-01
4.61207441985607147e-02
-3.80865903571248055e-03
5.69297857582569122e-02
-7.85635551437735558e-04
3.08756232261657715e-02
3.05121205747127533e-02
-1.06514677405357361e-01
8.49310029298067093e-03
4.96484711766242981e-02
3.90138626098632812e-02
-4.13821749389171600e-02
3.68952378630638123e-02
3.00158411264419556e-02
5.24478219449520111e-02
3.34161482751369476e-02
9.44848135113716125e-02
7.68157616257667542e-02
2.17986293137073517e-02
-4.01849746704101562e-02
-5.63248172402381897e-02
6.09329082071781158e-02
8.19075778126716614e-02
-5.06480457261204720e-03
6.89520537853240967e-02
-2.87505071610212326e-02
-2.37895380705595016e-02
-3.24518270790576935e-02
9.79127585887908936e-02
-2.89153885096311569e-02
7.27044641971588135e-02
-6.62652403116226196e-03
-3.43849882483482361e-02
-7.70709738135337830e-02
3.72329019010066986e-02
2.12613381445407867e-02
7.78802856802940369e-02
6.60376548767089844e-02
-7.38122016191482544e-02
5.84143102169036865e-02
7.11317285895347595e-02
-1.18179060518741608e-02
-8.84295329451560974e-02
9.85109731554985046e-02
1.11207030713558197e-02
3.32928821444511414e-02
-2.23050136119127274e-02
1.48939779028296471e-02
3.18860597908496857e-02
-3.16436104476451874e-02
-4.83762323856353760e-02
-1.01465629413723946e-02
-6.99971169233322144e-02
3.63634452223777771e-02
-1.68608389794826508e-02
6.76524220034480095e-03
3.06536573916673660e-02
-6.33689090609550476e-02
-8.87416973710060120e-02
-7.33788982033729553e-02
-1.71256456524133682e-02
-3.87137457728385925e-02
4.60830926895141602e-02
3.59923020005226135e-02
-4.62645255029201508e-02
4.72267568111419678e-02
-8.82612243294715881e-02
3.53476293385028839e-02
-8.50731786340475082e-03
-3.52675206959247589e-02
3.45872007310390472e-02
-2.00375095009803772e-02
-7.62205058708786964e-03
-4.64839898049831390e-02
4.43524792790412903e-02
-2.95592397451400757e-02
1.00818127393722534e-01
1.03813949972391129e-02
-8.29721428453922272e-03
9.99421346932649612e-04
-5.10800220072269440e-02
4.30969782173633575e-02
-1.05588566511869431e-02
-4.11371439695358276e-02
7.78665915131568909e-02
4.36151959002017975e-02
7.81653542071580887e-03
-5.84770329296588898e-02
-8.01015943288803101e-02
-8.45785066485404968e-02
-2.36647343263030052e-03
-1.10522374510765076e-01
9.22001749277114868e-02
-5.97072951495647430e-02
1.33577771484851837e-02
5.69765716791152954e-02
6.61954432725906372e-02
5.71285523474216461e-02
-1.19913117960095406e-02
1.50113329291343689e-02
6.44019469618797302e-02
-1.13041430711746216e-01
5.16960211098194122e-02
-2.87752542644739151e-02
8.69218409061431885e-02
4.33637648820877075e-02
-6.50051459670066833e-02
-2.38937772810459137e-02
1.16653256118297577e-02
-2.72278692573308945e-02
-1.59359171986579895e-01
-4.65306863188743591e-02
2.49511972069740295e-02
-2.06073536537587643e-03
4.91098966449499130e-03
-9.57069471478462219e-02
-8.83236527442932129e-02
6.25502243638038635e-02
2.22726389765739441e-02
-5.27191907167434692e-02
-1.78008656948804855e-02
-3.44049669802188873e-02
6.84433802962303162e-02
-1.18659332394599915e-01
3.61509136855602264e-02
1.70155987143516541e-02
4.18546646833419800e-02
5.55170886218547821e-03
-8.95880609750747681e-02
-7.90410265326499939e-02
3.45397926867008209e-02
-8.05845335125923157e-02
-6.03885129094123840e-02
-7.97924250364303589e-02
-8.17535966634750366e-02
6.20424933731555939e-02
4.65711355209350586e-02
-5.95583915710449219e-02
-1.20004117488861084e-02
-4.98115867376327515e-02
1.68115738779306412e-02
8.86172428727149963e-03
2.13480349630117416e-02
-9.59756597876548767e-02
4.67526763677597046e-02
-4.49160020798444748e-03
3.19126099348068237e-02
-8.03738012909889221e-02
-6.72060921788215637e-02
-5.38190156221389771e-02
4.93126548826694489e-02
9.11787897348403931e-02
5.84847144782543182e-02
-2.38109845668077469e-02
-3.50129865109920502e-02
-3.79880294203758240e-02
-3.97808440029621124e-02
2.20329351723194122e-02
-7.96689093112945557e-02
-7.58793577551841736e-02
1.12515844404697418e-01
-3.65279465913772583e-02
-1.05980738997459412e-01
8.95100757479667664e-02
8.68082195520401001e-02
1.21502373367547989e-02
3.41049209237098694e-02
-1.42607027664780617e-02
-2.81518296105787158e-04
2.03479640185832977e-02
-3.51289771497249603e-02
9.79699715971946716e-02
-8.91729071736335754e-02
-8.71052891016006470e-02
6.89301639795303345e-02
-7.71955214440822601e-03
8.62656310200691223e-02
6.03771358728408813e-02
-3.34627777338027954e-02
1.87932550907135010e-02
-8.57819058001041412e-03
-4.84843812882900238e-02
9.45044681429862976e-02
1.59161854535341263e-02
4.32033240795135498e-02
-7.61326104402542114e-02
1.00135460495948792e-01
-4.55834344029426575e-02
8.25249403715133667e-02
2.52958256751298904e-02
9.51177105307579041e-02
6.47502427455037832e-04
2.93784239329397678e-03
-2.60232295840978622e-02
2.22708825021982193e-02
-9.85145494341850281e-02
3.81892621517181396e-02
7.00600072741508484e-02
-5.93851543962955475e-02
8.10769945383071899e-02
6.28295466303825378e-02
1.34358420968055725e-01
-9.92978364229202271e-02
-6.48849382996559143e-02
-8.04698765277862549e-02
3.37189175188541412e-02
-3.60869541764259338e-02
4.04025544412434101e-04
6.77188187837600708e-02
-6.69242441654205322e-03
5.26703931391239166e-02
6.72665536403656006e-02
-2.40363329648971558e-02
1.72232817858457565e-02
-8.08829888701438904e-02
-8.48348140716552734e-02
6.89827799797058105e-02
-9.35958847403526306e-02
3.72733585536479950e-02
4.39386032521724701e-02
1.08118969947099686e-02
1.53896417468786240e-02
1.05958409607410431e-01
-1.47007191553711891e-02
-6.94906935095787048e-02
1.10499933362007141e-02
-6.78094401955604553e-02
-7.48724639415740967e-02
-5.78913390636444092e-02
5.60194544959813356e-04
-5.61431199312210083e-02
-2.66933497041463852e-02
-1.07745483517646790e-01
5.33140413463115692e-02
-5.11559769511222839e-02
7.59661430492997169e-03
9.44223552942276001e-02
1.08365751802921295e-01
2.81483400613069534e-02
-9.11751016974449158e-02
-4.89809736609458923e-02
9.55360829830169678e-02
-3.43546159565448761e-02
8.86181592941284180e-02
1.19690418243408203e-01
5.35614639520645142e-02
-5.80284260213375092e-02
-7.79566764831542969e-02
-2.74698697030544281e-02
-7.46296793222427368e-02
-8.42240825295448303e-02
5.40169961750507355e-02
-9.56666618585586548e-02
-5.80559344962239265e-03
5.08357658982276917e-02
5.69284632802009583e-02
5.31400591135025024e-02
-1.25273704528808594e-01
2.19257492572069168e-02
-2.25496739149093628e-02
7.75448456406593323e-02
-8.37154388427734375e-02
-1.46376114571467042e-04
5.44131807982921600e-02
-4.13296148180961609e-02
1.06030896306037903e-01
-2.83904634416103363e-02
9.67654064297676086e-02
6.88616409897804260e-02
-8.14263746142387390e-02
9.52017530798912048e-02
5.11912629008293152e-02
-3.29219810664653778e-02
-3.54010611772537231e-02
-4.98782992362976074e-02
1.01861380040645599e-01
9.18828770518302917e-02
5.28933778405189514e-02
8.48491489887237549e-02
-6.80120438337326050e-02
2.60983761399984360e-02
-2.23813354969024658e-02
-3.06992698460817337e-02
-1.31205627694725990e-02
-8.21697264909744263e-02
2.74175610393285751e-02
-9.40645858645439148e-03
-8.12284350395202637e-02
-2.38978434354066849e-02
-2.08449345082044601e-02
-3.09026427567005157e-02
1.96712985634803772e-02
-6.99359998106956482e-02
-7.11486767977476120e-03
-5.07910400629043579e-02
9.05596744269132614e-03
4.94823753833770752e-02
-1.07584796845912933e-01
6.04939088225364685e-02
3.31537723541259766e-02
3.21079068817198277e-03
6.99396729469299316e-02
2.16574240475893021e-02
2.82665621489286423e-02
-3.37356445379555225e-03
5.96255958080291748e-02
9.27689149975776672e-02
6.11444422975182533e-03
5.48611069098114967e-03
-7.38862827420234680e-02
8.33093281835317612e-03
-3.20315584540367126e-02
-4.34461086988449097e-02
-6.36211186647415161e-02
3.31101678311824799e-02
-9.55665186047554016e-02
2.51823104918003082e-02
2.90612149983644485e-02
1.14221863448619843e-01
-5.80845028162002563e-02
-5.28569566085934639e-03
-1.43113911151885986e-01
1.03147372603416443e-01
-1.19590805843472481e-02
4.67367880046367645e-02
-3.03645571693778038e-03
-3.72119806706905365e-02
-3.62669564783573151e-02
-1.50539716705679893e-02
-1.06423264369368553e-02
3.39017137885093689e-02
-2.18269694596529007e-02
8.33928212523460388e-02
3.84564232081174850e-03
4.56806421279907227e-02
2.32504568994045258e-02
8.13619643449783325e-02
-7.60309547185897827e-02
5.37960566580295563e-02
-6.01939260959625244e-02
4.45977523922920227e-02
3.81608158349990845e-02
-8.56236740946769714e-02
5.76172731816768646e-02
5.87669909000396729e-02
7.07367286086082458e-02
-5.03608435392379761e-02
-7.13721364736557007e-02
-3.56236882507801056e-02
5.93519881367683411e-02
-2.21326621249318123e-03
4.66923452913761139e-02
-3.03581152111291885e-02
-3.10836322605609894e-02
1.42967673018574715e-02
-6.93899095058441162e-02
9.13245081901550293e-02
8.88755246996879578e-02
2.39988714456558228e-02
2.69898883998394012e-02
-3.41077595949172974e-02
-4.65361885726451874e-02
8.41580852866172791e-02
4.43983897566795349e-02
-3.02574969828128815e-02
-3.92773840576410294e-03
2.40230001509189606e-02
5.64559064805507660e-02
-9.31704938411712646e-02
-1.04757249355316162e-01
-9.09290313720703125e-02
3.16147692501544952e-04
8.36094543337821960e-02
-3.24467718601226807e-02
-9.79464277625083923e-02
-4.58251312375068665e-02
-1.80064048618078232e-02
-4.63241264224052429e-02
-3.52689549326896667e-02
-2.28735972195863724e-02
7.98515789210796356e-03
-8.81447568535804749e-02
-1.60449128597974777e-02
-8.60617160797119141e-02
-7.23648369312286377e-02
8.25679525732994080e-02
5.82898706197738647e-02
7.72296115756034851e-02
-2.98658083193004131e-03
-9.75515767931938171e-02
3.07751353830099106e-02
8.09347331523895264e-02
-9.35283079743385315e-02
-6.09357655048370361e-02
-2.15523019433021545e-02
-3.86392027139663696e-02
7.42340013384819031e-02
-4.22021076083183289e-02
-4.90828463807702065e-03
3.76122519373893738e-02
4.40026335418224335e-02
-3.78183834254741669e-02
6.03053383529186249e-02
7.21811354160308838e-02
-5.74535988271236420e-02
9.67014860361814499e-03
-9.20681804418563843e-02
6.25588521361351013e-02
4.43419143557548523e-02
1.24378852546215057e-01
1.00660033524036407e-01
4.65410389006137848e-02
1.14120312035083771e-01
5.76359778642654419e-02
-7.08708986639976501e-02
6.51606684550642967e-03
-7.73638412356376648e-02
4.14195433259010315e-02
1.12520568072795868e-01
-5.88194839656352997e-02
1.86425298452377319e-02
9.81414094567298889e-02
-2.98010669648647308e-02
-8.86538103222846985e-02
1.50395631790161133e-02
-9.28024277091026306e-02
-7.41898566484451294e-02
-5.28231263160705566e-02
-7.30045586824417114e-02
-5.13786710798740387e-02
2.23484411835670471e-02
4.86491471529006958e-02
-3.93144600093364716e-02
-6.20253011584281921e-02
4.19231876730918884e-02
5.25642558932304382e-02
4.76806201040744781e-02
-1.10764250159263611e-01
4.06951345503330231e-02
-1.76486540585756302e-02
2.66901422291994095e-02
-2.58271619677543640e-02
7.41863474249839783e-02
9.77380899712443352e-04
2.73259598761796951e-02
-2.79473476111888885e-02
-7.29413479566574097e-02
8.26128348708152771e-02
-5.78554049134254456e-02
3.71472425758838654e-02
5.96284307539463043e-02
8.43813177198171616e-03
-2.37205587327480316e-02
-6.12458102405071259e-02
3.89355570077896118e-02
-4.48887273669242859e-02
-2.84327995032072067e-02
-7.70014524459838867e-02
-6.43258392810821533e-02
-1.08404606580734253e-01
1.34019851684570312e-02
2.15249303728342056e-02
-2.09495667368173599e-02
1.03662693873047829e-02
4.18199822306632996e-02
7.79358595609664917e-02
1.03648826479911804e-01
-1.78269334137439728e-02
-8.39278697967529297e-02
-5.41069209575653076e-02
4.61943866685032845e-03
-4.47811000049114227e-02
-1.65412351489067078e-02
-9.56181064248085022e-02
5.35968542098999023e-02
-4.14533168077468872e-02
3.52673605084419250e-02
1.07881035655736923e-02
-6.35770857334136963e-02
5.07537983357906342e-02
-9.11941379308700562e-02
1.13872960209846497e-01
6.09542615711688995e-02
3.24184708297252655e-02
-6.08440190553665161e-02
1.61458849906921387e-02
-1.03146724402904510e-01
1.84516068547964096e-02
6.59395530819892883e-02
-3.86786051094532013e-02
-3.25525440275669098e-02
1.25402314588427544e-02
-6.26901760697364807e-02
-3.53109762072563171e-02
-8.69491696357727051e-02
3.86719517409801483e-02
7.97364786267280579e-02
-6.01036027073860168e-02
-4.05575968325138092e-02
8.57414826750755310e-02
6.71515986323356628e-02
-2.97462567687034607e-02
5.84790967404842377e-02
9.72342491149902344e-03
4.72448989748954773e-02
-7.88792073726654053e-02
-2.78662797063589096e-02
9.81706846505403519e-03
-2.63955201953649521e-02
9.85418111085891724e-02
6.64000511169433594e-02
-7.44967833161354065e-02
2.18532551079988480e-02
-8.14987793564796448e-02
3.36080789566040039e-02
-1.09876342117786407e-01
3.65519002079963684e-02
4.50735166668891907e-02
4.23359684646129608e-02
-2.17739883810281754e-02
-1.92369818687438965e-02
1.16708572022616863e-03
5.17653636634349823e-02
-4.97364327311515808e-02
4.06370162963867188e-02
4.38641607761383057e-02
-1.39133483171463013e-01
4.76774834096431732e-02
-6.54771924018859863e-02
4.79985550045967102e-02
-3.72860990464687347e-02
-3.82649824023246765e-02
3.96878384053707123e-02
1.93156544119119644e-02
-1.09623730182647705e-01
7.28134885430335999e-02
5.71471638977527618e-02
-8.50255787372589111e-02
4.32278625667095184e-02
-2.79503595083951950e-02
-6.33904710412025452e-02
-2.89520863443613052e-02
-7.55201578140258789e-02
-7.73881301283836365e-02
5.32459579408168793e-02
-2.37764993471500929e-07
6.14222846925258636e-02
3.47061194479465485e-02
7.69780129194259644e-02
-5.11274673044681549e-03
-5.08318170905113220e-02
-6.31858687847852707e-03
1.68441087007522583e-02
-2.05578990280628204e-02
8.79855453968048096e-02
8.99710506200790405e-03
-5.61202578246593475e-02
4.06869165599346161e-02
8.01893249154090881e-02
2.58226618170738220e-02
9.15929488837718964e-03
7.80525282025337219e-02
-7.45733501389622688e-03
-8.47295857965946198e-03
7.54195079207420349e-02
7.02091157436370850e-02
-3.57569474726915359e-03
3.15323844552040100e-02
9.83518930297577754e-07
-1.17979459464550018e-02
1.09128721058368683e-01
3.58809418976306915e-02
3.30234877765178680e-02
5.65462298691272736e-02
1.73799395561218262e-02
-5.82390725612640381e-02
1.46324820816516876e-02
7.33693391084671021e-02
-1.59059539437294006e-02
-1.12481445074081421e-01
3.99419153109192848e-03
7.50916674733161926e-02
-5.07944934070110321e-02
9.52805951237678528e-02
-2.18743253499269485e-02
-2.62715443968772888e-02
6.32413849234580994e-02
-3.50940786302089691e-02
7.09670931100845337e-02
4.50144112110137939e-02
-4.63383086025714874e-03
-3.91339361667633057e-02
-2.55824867635965347e-02
4.27722148597240448e-02
-5.48407882452011108e-02
1.07611119747161865e-01
2.31804717332124710e-02
-1.65842995047569275e-02
6.66484832763671875e-02
6.31396472454071045e-02
-1.82458776980638504e-02
-9.63168069720268250e-02
5.09593114256858826e-02
-5.41452094912528992e-02
-6.40317276120185852e-02
5.03252260386943817e-03
-1.06793374288827181e-03
-7.51912817358970642e-02
6.21066950261592865e-02
-5.85479214787483215e-02
3.72506044805049896e-02
2.85298773087561131e-03
-4.78678010404109955e-02
-1.05196706950664520e-01
9.62818488478660583e-02
4.80886641889810562e-03
1.03718176484107971e-01
-4.70532178878784180e-02
1.72559823840856552e-02
-1.23190544545650482e-02
-6.37028813362121582e-02
-2.51778811216354370e-02
5.24724833667278290e-02
1.73250660300254822e-02
-6.61585479974746704e-02
-4.49297577142715454e-02
7.12476670742034912e-02
5.05811721086502075e-02
7.23335379734635353e-03
6.91855251789093018e-02
-2.51092016696929932e-03
1.10255135223269463e-02
4.33490611612796783e-02
-6.68048113584518433e-02
5.94277568161487579e-02
6.35577812790870667e-02
-1.25285210087895393e-02
-3.50350630469620228e-03
1.22925685718655586e-02
4.40555773675441742e-02
-4.40505798906087875e-03
-4.27926518023014069e-02
6.01991498842835426e-03
2.08386182785034180e-02
-4.15455289185047150e-02
5.98354227840900421e-02
1.90808519255369902e-03
9.80357229709625244e-02
-3.71471606194972992e-02
-4.22896146774291992e-02
-7.55879562348127365e-04
6.83503895998001099e-02
1.65732745081186295e-02
7.05444216728210449e-02
5.93315996229648590e-02
-8.99301618337631226e-02
5.49562647938728333e-02
2.67978204647079110e-04
-1.69634148478507996e-02
-5.59135787189006805e-02
3.25752012431621552e-02
-1.74512639641761780e-02
7.35094398260116577e-02
7.88741856813430786e-02
2.68133953213691711e-02
-9.97997075319290161e-02
-3.39642837643623352e-02
-2.61692032217979431e-02
1.55949965119361877e-02
2.08100061863660812e-02
-1.07152655720710754e-01
6.88658356666564941e-02
-5.63470013439655304e-02
-6.91488757729530334e-02
2.70068505778908730e-03
6.29289969801902771e-02
4.05686050653457642e-02
-1.05667978525161743e-01
1.01637385785579681e-01
2.35327538102865219e-02
7.68659338355064392e-02
-8.26644003391265869e-02
-3.57340797781944275e-02
-6.36640191078186035e-02
5.36669865250587463e-02
-5.38062043488025665e-02
8.11763703823089600e-02
-4.05374132096767426e-02
-8.82312771864235401e-04
-1.63222793489694595e-02
-5.43116740882396698e-02
6.77307769656181335e-02
-8.11403915286064148e-02
-1.83055363595485687e-02
8.98260027170181274e-02
-5.59078641235828400e-02
-3.94049026072025299e-02
-5.47192525118589401e-03
4.30795848369598389e-02
-2.87686139345169067e-02
4.80100000277161598e-03
6.21718354523181915e-02
-1.13020718097686768e-01
-1.34184658527374268e-02
2.76671089231967926e-02
-1.62933561950922012e-02
5.22768646478652954e-02
2.40266937762498856e-02
2.75041889399290085e-02
1.64153780788183212e-02
3.67126539349555969e-02
-2.84222327172756195e-02
3.58782499097287655e-03
-2.52078808844089508e-02
5.15551231801509857e-02
5.77608160674571991e-02
7.26325064897537231e-02
1.08696408569812775e-01
2.28443089872598648e-02
6.35580271482467651e-02
-3.12645733356475830e-03
-5.54758384823799133e-02
-6.68934658169746399e-02
6.17597028613090515e-02
3.88769172132015228e-02
7.74222537875175476e-02
1.82186905294656754e-02
4.43415762856602669e-03
1.84595375321805477e-03
-5.96471764147281647e-02
2.32467800378799438e-03
8.74989386647939682e-03
-8.77675861120223999e-02
-4.20813076198101044e-02
2.27553099393844604e-02
-1.74785032868385315e-02
-5.33357933163642883e-02
-2.99029555171728134e-02
-7.34479948878288269e-02
2.10253745317459106e-02
-6.75665168091654778e-03
-2.77490802109241486e-02
-7.00681731104850769e-02
4.80769053101539612e-02
5.62606751918792725e-02
1.06103219091892242e-01
9.54803526401519775e-02
-4.40701991319656372e-02
-2.87889651954174042e-02
-4.26664762198925018e-02
5.87728433310985565e-02
-5.50191700458526611e-02
-6.14078678190708160e-02
-2.62084957212209702e-02
8.07269811630249023e-02
4.41410355269908905e-02
7.07248747348785400e-02
1.09067156910896301e-01
-2.27540824562311172e-02
2.28922255337238312e-02
-4.91841882467269897e-02
-3.81253585219383240e-02
-3.53634916245937347e-02
-7.69125297665596008e-02
-1.04727931320667267e-02
-4.05133627355098724e-02
-9.42234694957733154e-03
-9.01589170098304749e-02
-2.00232174247503281e-02
4.20608446002006531e-02
-5.16202813014388084e-03
-3.77940163016319275e-02
1.24105326831340790e-02
4.27077896893024445e-02
7.54925683140754700e-02
8.25502276420593262e-02
-4.70436997711658478e-02
1.01346420124173164e-02
-3.23808193206787109e-02
5.94109576195478439e-03
-2.36427672207355499e-02
-3.32018174231052399e-02
-1.86846293509006500e-02
-2.88670940790325403e-04
-5.67969456315040588e-02
-3.52409807965159416e-03
3.07797770947217941e-02
-6.65827244520187378e-02
6.42455518245697021e-02
-1.14525547251105309e-02
9.64700579643249512e-02
3.45353819429874420e-02
1.81579925119876862e-02
2.41375304758548737e-02
-3.58634367585182190e-02
-2.24701780825853348e-02
-4.75803203880786896e-02
6.29310309886932373e-02
-1.72286052256822586e-02
-5.71148730814456940e-02
-3.37230861186981201e-02
-2.98358388245105743e-02
-6.31876438856124878e-02
-5.23867458105087280e-02
-6.14492744207382202e-02
8.30420628190040588e-02
7.61027559638023376e-02
6.28001317381858826e-02
7.71217346191406250e-02
-7.35159516334533691e-02
-9.41472351551055908e-02
3.55223678052425385e-02
6.20501451194286346e-02
5.79089624807238579e-03
5.24104163050651550e-02
-6.13389089703559875e-02
2.79558748006820679e-02
1.79670844227075577e-02
-6.47092089056968689e-02
-5.30941560864448547e-02
6.27378076314926147e-02
-3.17589193582534790e-02
-1.05120018124580383e-01
-4.91296462714672089e-02
4.71578054130077362e-02
7.37115442752838135e-02
-5.72091620415449142e-03
-1.07758291065692902e-01
5.76641596853733063e-02
9.10558477044105530e-02
-8.70891064405441284e-02
-2.39731613546609879e-02
-1.04169324040412903e-02
-2.34343037009239197e-02
7.92826488614082336e-02
-5.83020597696304321e-02
-4.71187718212604523e-02
6.66778907179832458e-02
8.09974670410156250e-02
7.51114860177040100e-02
8.18386375904083252e-02
-6.51288628578186035e-02
2.61005647480487823e-02
-1.17709320038557053e-02
-7.54430666565895081e-02
-4.45758365094661713e-02
-5.21913357079029083e-02
-3.75777855515480042e-02
8.89788493514060974e-02
9.25008803606033325e-02
7.36790224909782410e-02
6.83961017057299614e-03
-6.76078314427286386e-04
-5.96522986888885498e-02
-6.20167888700962067e-02
-5.88154308497905731e-02
-1.26100368797779083e-02
-7.12224841117858887e-02
-1.11444033682346344e-01
-3.64664681255817413e-02
-9.69530120491981506e-02
2.70443651825189590e-02
-1.41469715163111687e-02
1.03249862790107727e-01
-4.31522652506828308e-02
6.25827312469482422e-02
5.49517758190631866e-03
4.21428233385086060e-02
-4.52562654390931129e-03
-7.82926157116889954e-02
-1.12103344872593880e-02
5.91364502906799316e-03
-5.95953464508056641e-02
2.57468558847904205e-02
-2.34084744006395340e-02
-6.69659078121185303e-02
8.12965855002403259e-02
-8.09091180562973022e-02
9.69593673944473267e-02
6.58261626958847046e-02
2.01202984899282455e-02
-1.87883935868740082e-02
6.45524635910987854e-02
1.13920718431472778e-01
5.27346469461917877e-02
-9.18776094913482666e-02
3.51027846336364746e-02
7.04873204231262207e-02
-6.95965513586997986e-02
-7.83683210611343384e-02
-3.23288068175315857e-02
-7.99838975071907043e-02
-6.08577094972133636e-02
-8.61575603485107422e-02
-2.20506377518177032e-02
-3.74064757488667965e-03
6.40753433108329773e-02
2.48571969568729401e-02
-3.87634560465812683e-02
-6.02064803242683411e-02
6.87229111790657043e-02
3.84848825633525848e-02
7.09245502948760986e-02
-8.05211290717124939e-02
6.58377036452293396e-02
4.05016057193279266e-02
-3.76141071319580078e-02
2.40796245634555817e-02
9.01089701801538467e-03
7.89244025945663452e-02
-5.90381911024451256e-03
-7.74036720395088196e-02
-2.17480417340993881e-02
-8.92371386289596558e-02
7.62428566813468933e-02
8.57099667191505432e-02
1.16900205612182617e-02
-7.45045989751815796e-02
5.14059029519557953e-02
-6.63444697856903076e-02
7.52117186784744263e-02
1.41495287418365479e-01
-9.83482971787452698e-02
6.43745958805084229e-02
-4.60134595632553101e-02
-3.12272999435663223e-02
-4.66996096074581146e-02
1.74440487171523273e-04
6.12812675535678864e-02
-2.43721045553684235e-02
3.95181030035018921e-02
6.51739835739135742e-02
2.84797661006450653e-02
-8.82510840892791748e-03
-4.30053994059562683e-02
-2.89627313613891602e-02
-8.61594453454017639e-02
3.87039668858051300e-02
-5.27686662971973419e-02
-1.76434367895126343e-02
1.81017201393842697e-02
4.28764857351779938e-02
5.62020093202590942e-02
2.35639158636331558e-02
-8.52775573730468750e-02
-4.23508845269680023e-02
8.29248800873756409e-02
1.25768473371863365e-02
6.90447986125946045e-02
7.30761140584945679e-02
-1.01107209920883179e-02
-9.83409136533737183e-02
-8.70773717761039734e-02
-6.57667964696884155e-02
-2.13746968656778336e-02
9.62926596403121948e-02
-7.73293375968933105e-02
-5.86346723139286041e-02
-1.35382711887359619e-02
-6.89037665724754333e-02
-7.47563689947128296e-02
9.03218705207109451e-03
5.05487769842147827e-02
-2.48913536779582500e-03
2.25417725741863251e-02
-6.86156824231147766e-02
-2.35171932727098465e-02
-6.05262331664562225e-02
-4.94765378534793854e-02
6.55261278152465820e-02
-1.43774561583995819e-02
-2.35817357897758484e-02
9.89743322134017944e-03
-2.23703086376190186e-02
7.37409144639968872e-02
-1.13423645496368408e-01
-2.97025889158248901e-02
-4.00166679173707962e-03
6.68489336967468262e-02
2.50929594039916992e-02
1.82395782321691513e-02
-4.16826866567134857e-02
-1.08242742717266083e-01
1.80486720055341721e-02
3.05601046420633793e-03
-3.59709598124027252e-02
4.79861125349998474e-02
4.66886237263679504e-02
4.08625341951847076e-02
7.01644569635391235e-02
-6.53861835598945618e-02
-3.76756070181727409e-03
3.38199064135551453e-02
7.64628872275352478e-02
-3.92764806747436523e-03
-1.11393705010414124e-02
-1.19518293067812920e-02
-9.73525643348693848e-02
-2.78935264796018600e-02
6.40619695186614990e-02
-5.85433393716812134e-02
8.96141976118087769e-02
-1.34661812335252762e-02
5.69211356341838837e-02
6.53533264994621277e-02
6.78247809410095215e-02
1.07804730534553528e-01
5.32791344448924065e-03
-3.98714616894721985e-02
4.61761280894279480e-02
-8.18111654371023178e-03
-3.33124585449695587e-02
-4.30610328912734985e-02
-6.05702176690101624e-02
-8.83129537105560303e-02
-8.73537436127662659e-02
-5.23032918572425842e-02
-2.60761380195617676e-02
7.03934356570243835e-02
-8.66172686219215393e-02
-8.59016925096511841e-02
-6.26685172319412231e-02
6.99680894613265991e-02
-4.61742002516984940e-03
-4.97603788971900940e-02
6.51113688945770264e-02
2.40636174567043781e-03
-6.84994906187057495e-02
-1.58654656261205673e-02
4.01137024164199829e-02
6.48737922310829163e-02
-8.71267095208168030e-02
-5.21678151562809944e-03
2.92829405516386032e-02
2.98830568790435791e-02
-1.89874693751335144e-02
3.13999801874160767e-02
1.41536593437194824e-02
-7.86899253726005554e-02
-7.63043016195297241e-02
4.97667212039232254e-03
3.32516198977828026e-03
5.43504208326339722e-02
-8.35974663496017456e-02
-2.87015573121607304e-03
-3.21065373718738556e-02
-3.63858044147491455e-02
-7.33981877565383911e-02
-3.93485873937606812e-02
2.77306288480758667e-02
-8.10979679226875305e-02
3.81055958569049835e-02
-1.07979737222194672e-01
-5.53836449980735779e-02
-1.56746932771056890e-03
4.66836914420127869e-02
9.17680040001869202e-02
3.17682921886444092e-02
6.87063336372375488e-02
-2.95972041785717010e-02
2.91587924584746361e-03
-8.79804044961929321e-02
4.46242094039916992e-02
4.31357929483056068e-03
-2.60363519191741943e-02
6.72344490885734558e-02
-4.08721715211868286e-02
-7.45447576045989990e-02
2.53943502902984619e-02
4.97110001742839813e-02
-1.01469747722148895e-01
3.95512506365776062e-02
-6.02881871163845062e-02
3.35209406912326813e-02
1.70366559177637100e-02
-7.04159438610076904e-02
-4.14004065096378326e-02
-6.98701143264770508e-02
1.75114702433347702e-02
-1.18373945355415344e-01
-7.77974799275398254e-02
4.76370938122272491e-02
-7.36299529671669006e-02
5.35560101270675659e-02
-1.73622195143252611e-03
9.90290641784667969e-02
-4.05529662966728210e-02
4.17981967329978943e-02
-1.25181311741471291e-02
8.78652706742286682e-02
-7.14996606111526489e-02
1.27365440130233765e-03
-6.25299289822578430e-02
1.30584463477134705e-02
1.16807386279106140e-01
-6.11950792372226715e-02
-7.82112702727317810e-02
2.46510859578847885e-02
2.21692118793725967e-02
4.07978482544422150e-02
-9.60110966116189957e-03
1.66545584797859192e-02
-3.94168719649314880e-02
-4.81822304427623749e-02
-5.55352270603179932e-02
2.84558460116386414e-02
4.55435812473297119e-02
1.15698464214801788e-02
4.17350642383098602e-02
2.35588308423757553e-02
-1.73637818079441786e-03
1.55716612935066223e-02
-2.95968260616064072e-02
7.47882798314094543e-02
-9.14381071925163269e-02
5.59129267930984497e-02
-1.44243389368057251e-02
-6.67044445872306824e-02
3.25618870556354523e-02
-5.64706102013587952e-02
-7.27596133947372437e-02
-1.68277695775032043e-02
9.04244929552078247e-02
-1.80003829300403595e-02
6.82189464569091797e-02
4.32175444439053535e-03
-4.62445579469203949e-02
-4.04033772647380829e-02
-3.95250357687473297e-02
-8.01687873899936676e-03
2.64567974954843521e-02
-5.84787055850028992e-02
-3.43944057822227478e-02
6.20549991726875305e-02
-6.95618540048599243e-02
-9.58685651421546936e-02
6.53832927346229553e-02
1.44704328849911690e-02
6.81644156575202942e-02
1.65713336318731308e-02
-1.06382109224796295e-01
4.93470653891563416e-02
-9.43261757493019104e-02
-1.12097874283790588e-01
5.28744161128997803e-02
-1.57240759581327438e-02
-7.22607448697090149e-02
1.38011097908020020e-01
-8.88971760869026184e-02
-7.71880447864532471e-02
3.58849987387657166e-02
7.48570337891578674e-02
-5.82163073122501373e-02
3.78887243568897247e-02
-1.89765002578496933e-02
-1.22699289931915700e-04
8.09742659330368042e-02
1.31913824006915092e-02
6.49671703577041626e-02
-1.29241589456796646e-02
7.33003392815589905e-02
3.05400080978870392e-02
-3.26435267925262451e-02
-9.99480187892913818e-02
5.92295778915286064e-03
7.41725414991378784e-02
-8.49420055747032166e-02
-7.45454207062721252e-02
7.20070824027061462e-02
-6.76148850470781326e-03
-5.40826618671417236e-02
1.05657711625099182e-01
6.23383969068527222e-02
-6.82951137423515320e-02
-1.71555038541555405e-02
-4.69478890299797058e-02
1.48743167519569397e-02
5.33630549907684326e-02
6.47132322192192078e-02
1.02845840156078339e-01
2.27664969861507416e-02
-5.27256578207015991e-02
-5.46527430415153503e-02
3.30058559775352478e-02
4.42091785371303558e-02
-5.60399964451789856e-02
-1.74957159906625748e-02
-6.07249848544597626e-02
2.04586200416088104e-02
4.88520972430706024e-02
-7.51093029975891113e-02
-5.72125501930713654e-02
-5.99953271448612213e-02
-1.11672952771186829e-01
-5.13803213834762573e-02
5.66528029739856720e-02
-2.98529546707868576e-02
-2.98957582563161850e-02
9.99775826930999756e-02
-7.84476771950721741e-02
4.83986623585224152e-02
4.96930861845612526e-03
1.03169493377208710e-02
4.69400510191917419e-02
-1.12109631299972534e-01
9.52032860368490219e-03
4.87960167229175568e-02
-9.82949603348970413e-03
2.23940107971429825e-02
7.10302144289016724e-02
-1.17767885327339172e-01
1.99550557881593704e-02
-7.90537148714065552e-02
2.70712301135063171e-02
1.34378680959343910e-02
3.20545844733715057e-02
-7.62361586093902588e-02
9.35284048318862915e-02
2.64210142195224762e-02
-5.09615503251552582e-02
5.13185337185859680e-02
1.23669549822807312e-01
-3.35159827955067158e-03
-1.28097474575042725e-01
5.23459957912564278e-03
-3.15162204205989838e-02
-3.91913540661334991e-02
7.16904252767562866e-02
-6.14328272640705109e-02
-7.82034322619438171e-02
-6.78729936480522156e-02
5.00326864421367645e-02
-1.96341332048177719e-02
-9.20895338058471680e-02
-4.57622576504945755e-03
-4.03764136135578156e-02
5.00951930880546570e-02
2.59836632758378983e-02
5.20255789160728455e-03
3.25588020496070385e-03
-1.16728357970714569e-01
-7.42777362465858459e-02
5.18369823694229126e-02
-1.49558916687965393e-01
2.16925572603940964e-02
-4.41630817949771881e-02
-6.44371053203940392e-03
1.64887048304080963e-02
6.02272562682628632e-02
1.81761570274829865e-02
-7.74132683873176575e-02
-8.04186388850212097e-02
-1.30112525075674057e-02
2.78424788266420364e-02
-2.49618478119373322e-02
1.90482905600219965e-03
-6.10539540648460388e-02
6.30999282002449036e-02
2.37528998404741287e-02
-4.24579298123717308e-03
-1.58625151962041855e-02
-9.61407870054244995e-02
-3.07479780167341232e-02
-7.78869688510894775e-02
-1.32582860533148050e-03
-8.82451832294464111e-02
-3.68615426123142242e-02
1.33480839431285858e-02
-3.84779982268810272e-02
4.77501116693019867e-02
6.45920261740684509e-02
7.06791505217552185e-02
5.09076602756977081e-02
-1.24834276735782623e-01
6.01146323606371880e-03
-2.28674188256263733e-02
-6.09497465193271637e-02
-4.79375235736370087e-02
-3.62039357423782349e-02
-2.50340979546308517e-02
-8.96092280745506287e-02
-7.59199336171150208e-02
4.88574653863906860e-02
4.19419072568416595e-02
-2.23877914249897003e-02
-6.34606853127479553e-02
-5.74763417243957520e-02
-6.47985562682151794e-02
7.85515829920768738e-02
-1.35531798005104065e-01
1.08715884387493134e-01
1.52411370072513819e-03
3.80220934748649597e-02
-1.75486225634813309e-02
-3.72056141495704651e-02
-2.08463817834854126e-02
7.14921653270721436e-02
-1.81164238601922989e-02
-1.27593070268630981e-01
3.14870849251747131e-02
-4.30174171924591064e-02
-6.96993619203567505e-02
3.34057882428169250e-02
4.43671494722366333e-02
4.58684861660003662e-02
9.06427279114723206e-02
1.90202775411307812e-03
-7.19026476144790649e-02
6.83993846178054810e-02
1.61669980734586716e-02
-2.96028722077608109e-02
4.78512756526470184e-02
-3.61042730510234833e-02
-6.78983926773071289e-02
-2.99293007701635361e-02
2.13954113423824310e-02
7.70617052912712097e-02
8.98147746920585632e-02
1.13168783485889435e-01
3.38806174695491791e-02
1.03178381919860840e-01
7.46926814317703247e-02
2.23812051117420197e-02
-7.36304819583892822e-02
-3.31249646842479706e-02
8.25348570942878723e-02
7.21261352300643921e-02
-1.01710679009556770e-02
3.78459170460700989e-02
6.76534101366996765e-02
1.64031460881233215e-02
5.85911720991134644e-02
-2.23231827840209007e-03
-1.06319911777973175e-01
2.63678561896085739e-02
2.25322879850864410e-02
2.39004362374544144e-02
-2.46717557311058044e-02
-8.08547511696815491e-02
7.30065032839775085e-02
-7.31482207775115967e-02
-3.74335236847400665e-02
9.27005410194396973e-02
-1.11775472760200500e-01
4.39436621963977814e-02
-2.26627849042415619e-03
-2.13309540413320065e-03
8.84989872574806213e-02
2.98089887946844101e-02
4.76974882185459137e-02
6.30544871091842651e-02
3.94683331251144409e-02
-6.86835125088691711e-02
-7.62916356325149536e-02
-9.99258924275636673e-03
-5.85232339799404144e-02
2.56541017442941666e-02
5.05082532763481140e-02
1.00631685927510262e-02
-6.04094341397285461e-02
8.46884474158287048e-02
-1.00641474127769470e-01
-7.28680863976478577e-02
-5.25383688509464264e-02
7.32842162251472473e-02
-1.71005539596080780e-02
1.10120333731174469e-01
-2.46563479304313660e-02
-6.85155624523758888e-03
-1.40818553045392036e-02
-1.02251153439283371e-02
-7.75524601340293884e-02
-1.97138767689466476e-02
7.29823857545852661e-02
2.58042234927415848e-02
2.73907333612442017e-02
-2.78727756813168526e-03
1.03539422154426575e-01
4.37129139900207520e-02
-7.75561928749084473e-02
1.46977547556161880e-02
-8.97216983139514923e-03
-5.12402562890201807e-04
-5.19258156418800354e-02
-1.00204562768340111e-02
4.04798202216625214e-02
-8.32298677414655685e-03
1.24040015041828156e-01
5.59487529098987579e-02
-1.84958626050502062e-03
2.10430156439542770e-02
6.65827095508575439e-02
1.84084847569465637e-02
4.20537739992141724e-02
9.69834178686141968e-02
-4.73130568861961365e-02
-5.06217926740646362e-02
6.08672946691513062e-02
-4.50279451906681061e-02
6.90343156456947327e-02
-9.17821153998374939e-02
-2.30296477675437927e-02
3.71603816747665405e-02
-8.49790945649147034e-02
2.36590430140495300e-02
4.39919978380203247e-02
-4.49640899896621704e-02
-9.59929600358009338e-02
1.52950305491685867e-02
-7.15129151940345764e-02
-3.46846580505371094e-02
-2.69961021840572357e-02
3.91000472009181976e-02
-8.12235400080680847e-02
-6.69887736439704895e-02
4.21702116727828979e-02
-5.77713400125503540e-02
6.43713995814323425e-02
2.61898022145032883e-02
3.02005326375365257e-03
6.64836093783378601e-02
-5.06545156240463257e-02
3.32288071513175964e-02
2.56241410970687866e-02
4.73035089671611786e-02
7.66115915030241013e-03
4.28704097867012024e-02
-9.07905623316764832e-02
4.62173260748386383e-02
8.66542756557464600e-02
-4.27307225763797760e-02
3.31450961530208588e-02
1.18040159344673157e-01
-8.08144509792327881e-02
4.48324456810951233e-02
6.04298971593379974e-02
-4.46220673620700836e-02
-3.39997708797454834e-02
-6.43024519085884094e-02
-8.54827910661697388e-02
-6.56850039958953857e-02
-3.98380011320114136e-02
-1.95732153952121735e-02
6.02223686873912811e-02
6.37954398989677429e-02
-5.14278598129749298e-02
-8.38796123862266541e-02
5.99812567234039307e-02
-7.07256942987442017e-02
-2.00802870094776154e-02
8.87196417897939682e-03
-4.07175011932849884e-02
-1.04166688397526741e-02
2.56602596491575241e-02
-8.98531749844551086e-02
-5.24544604122638702e-02
4.67535220086574554e-02
6.16834312677383423e-02
8.78332927823066711e-02
-5.29194949194788933e-03
-2.01644450426101685e-02
1.12589463591575623e-01
-6.41077160835266113e-02
-8.73702764511108398e-02
5.85233755409717560e-02
-1.20135415345430374e-02
-1.83275230228900909e-02
6.68475851416587830e-02
-5.40344789624214172e-02
2.94831255450844765e-03
5.25326933711767197e-03
1.40428673475980759e-02
6.05879500508308411e-02
-4.78941649198532104e-02
-1.53384953737258911e-02
5.69785013794898987e-02
-2.62688435614109039e-02
2.08040587604045868e-02
8.11966955661773682e-02
5.17397001385688782e-02
3.96408624947071075e-02
4.80280332267284393e-02
-8.87639150023460388e-02
-6.53815343976020813e-02
2.96662840992212296e-02
1.03330440819263458e-01
-1.04408338665962219e-01
-3.22177857160568237e-02
-2.23903860896825790e-02
-2.88687385618686676e-02
-8.96937027573585510e-02
4.23007048666477203e-02
4.09169867634773254e-02
-1.33714815601706505e-02
-4.67358157038688660e-02
3.38553227484226227e-02
-6.15444406867027283e-02
3.71247343719005585e-02
7.16092362999916077e-02
-2.37274747341871262e-02
-2.38531064242124557e-02
-8.36097970604896545e-02
-9.12894979119300842e-02
-1.31062930449843407e-02
-5.75907975435256958e-02
4.76196296513080597e-02
-7.98628926277160645e-02
6.17917813360691071e-03
7.98583626747131348e-02
-1.81563571095466614e-02
-8.40505287051200867e-02
2.37097702920436859e-02
-8.40389728546142578e-02
-3.47621813416481018e-02
4.17777150869369507e-02
8.71040450874716043e-04
1.16740567609667778e-02
8.80695059895515442e-02
2.30520199984312057e-02
5.91381117701530457e-02
-5.50846494734287262e-02
9.93468239903450012e-02
9.72122028470039368e-02
-2.18340690480545163e-04
1.33321776986122131e-01
3.68216284550726414e-03
-9.39894244074821472e-02
-3.95829156041145325e-02
-8.32049250602722168e-02
2.62242872267961502e-02
1.07189781963825226e-01
-8.32025557756423950e-02
3.59976515173912048e-02
6.87766224145889282e-02
-8.25166329741477966e-02
-1.28867076709866524e-02
9.88429188728332520e-02
3.85380797088146210e-02
4.40078377723693848e-02
-6.73220530152320862e-02
1.04227863252162933e-01
-1.77621133625507355e-02
-6.75696507096290588e-02
-7.23060667514801025e-02
-6.66751042008399963e-02
-6.35387748479843140e-02
3.09523250907659531e-02
7.69408941268920898e-02
-4.48589678853750229e-03
-8.41148346662521362e-02
-2.07463186234235764e-02
2.70330477505922318e-02
-2.33525317162275314e-02
-3.75063456594944000e-02
1.04255191981792450e-01
6.84924125671386719e-02
2.25887056440114975e-02
-2.72574927657842636e-02
-4.75854538381099701e-02
4.75976467132568359e-02
9.46577712893486023e-02
6.37755990028381348e-02
-6.90747201442718506e-02
-9.83101651072502136e-02
4.09742370247840881e-02
-1.00274356082081795e-02
-2.35761944204568863e-02
9.45404469966888428e-02
2.31449250131845474e-02
-6.00621812045574188e-02
2.74925474077463150e-02
-2.23343353718519211e-02
1.60139128565788269e-02
1.45174218341708183e-02
5.42998351156711578e-02
-5.15495426952838898e-02
4.41426858305931091e-02
7.58751332759857178e-02
8.34922343492507935e-02
-1.09898224472999573e-01
-3.84628921747207642e-02
-2.04289685934782028e-02
-1.05766028165817261e-01
-4.25832904875278473e-02
-8.84367376565933228e-02
4.25771400332450867e-02
8.97865090519189835e-03
-1.03038400411605835e-02
-6.38745203614234924e-02
-6.79037421941757202e-02
1.52947809547185898e-02
-6.21893368661403656e-02
9.01008248329162598e-02
-3.91960442066192627e-02
-3.08447554707527161e-02
-4.39930632710456848e-02
-5.60922175645828247e-02
1.04148887097835541e-01
4.01014508679509163e-03
4.11115847527980804e-02
-1.47084128111600876e-02
-3.67789459414780140e-03
-2.70176809281110764e-02
-4.20981086790561676e-02
-3.90484780073165894e-02
-5.43415034189820290e-03
-4.93394508957862854e-02
5.71471266448497772e-02
-1.31778316572308540e-02
3.36016379296779633e-02
2.18985117971897125e-02
-1.10584780573844910e-01
-4.85158525407314301e-02
5.14542497694492340e-02
4.09283228218555450e-02
-9.26160290837287903e-02
2.82296799123287201e-02
4.64035868644714355e-02
-5.78843522816896439e-03
-3.06475088000297546e-02
-8.82602035999298096e-02
-1.01311653852462769e-01
-8.79105031490325928e-02
5.24304807186126709e-02
1.01567625999450684e-01
-2.96757388859987259e-02
-7.23997578024864197e-02
6.37046396732330322e-02
-6.24475590884685516e-02
-7.30874994769692421e-03
9.28127765655517578e-02
-6.52729645371437073e-02
-9.63572412729263306e-02
-6.37977868318557739e-02
-3.86297740042209625e-02
4.12852615118026733e-02
-3.90376187860965729e-02
5.97886461764574051e-03
4.73765395581722260e-02
-4.95632328093051910e-02
-2.53769438713788986e-02
8.87703672051429749e-02
-2.74699889123439789e-02
-3.56634147465229034e-02
1.43617630004882812e-01
-1.42697896808385849e-02
1.62001568824052811e-02
-7.24776834249496460e-02
7.96018168330192566e-02
6.51522725820541382e-02
1.13901086151599884e-02
1.12629294395446777e-01
1.68969389051198959e-02
-1.05049900710582733e-01
-5.14595136046409607e-02
2.16393172740936279e-02
-9.43149812519550323e-03
8.80051702260971069e-02
3.44085805118083954e-02
5.92790395021438599e-02
3.73258255422115326e-02
-6.80037438869476318e-02
-8.46949741244316101e-02
-3.04364431649446487e-02
-2.58520357310771942e-02
8.95805507898330688e-02
6.80458592250943184e-03
6.42733052372932434e-02
-4.08787727355957031e-02
-4.90920655429363251e-02
1.17104381322860718e-01
-5.35104312002658844e-02
3.10974828898906708e-02
8.36640372872352600e-02
5.81173449754714966e-02
3.83338555693626404e-02
8.00359547138214111e-02
-2.06033140420913696e-02
8.51534828543663025e-02
4.79993335902690887e-02
1.71938668936491013e-02
4.26877941936254501e-03
1.63008179515600204e-02
7.53939971327781677e-02
3.76420356333255768e-02
-5.93682490289211273e-02
-5.82152865827083588e-02
-3.77001389861106873e-02
-5.89099489152431488e-02
3.62482555210590363e-02
-2.66358647495508194e-02
4.63244467973709106e-02
3.69239971041679382e-02
-7.65280127525329590e-02
-1.83722842484712601e-02
1.98656599968671799e-02
-2.84450054168701172e-02
1.14989489316940308e-01
1.56785342842340469e-02
4.60817478597164154e-02
-1.13192036747932434e-01
7.88623243570327759e-02
-2.37326305359601974e-02
1.11026018857955933e-01
-2.48159393668174744e-02
6.70791491866111755e-02
-3.19284126162528992e-02
-9.76476259529590607e-03
-7.63866826891899109e-02
-5.30028268694877625e-02
1.58679801970720291e-02
9.87574234604835510e-02
3.63302975893020630e-02
3.64842824637889862e-02
1.15951774641871452e-02
-6.43624970689415932e-03
-6.22908622026443481e-02
8.77287164330482483e-02
-6.52134791016578674e-02
1.98085587471723557e-02
-4.47447551414370537e-03
-2.54290038719773293e-03
-1.04382246732711792e-01
-3.58369797468185425e-02
-2.01446097344160080e-02
4.20504696667194366e-02
4.79499250650405884e-02
1.18481457233428955e-01
-1.13750537857413292e-02
4.62225191295146942e-02
-8.05952399969100952e-02
-2.72595994174480438e-02
-6.97783231735229492e-02
-5.01934858039021492e-03
1.23420506715774536e-01
-3.01297362893819809e-02
6.70552775263786316e-02
-1.20069580152630806e-02
-8.22534114122390747e-02
-6.26266896724700928e-02
8.37405025959014893e-02
9.93160232901573181e-02
-5.82513548433780670e-02
3.58381457626819611e-02
3.01852505654096603e-02
-6.25582858920097351e-02
-6.68430477380752563e-02
4.88970875740051270e-02
3.15048955380916595e-02
-6.26635700464248657e-02
-1.53786391019821167e-02
-5.24567179381847382e-02
-4.62028831243515015e-02
-3.20518724620342255e-02
-1.28050683997571468e-03
8.77070333808660507e-03
-1.41957504674792290e-02
7.78404548764228821e-02
5.21525703370571136e-02
1.81843526661396027e-02
-7.39827230572700500e-02
4.79180589318275452e-02
-9.75633319467306137e-03
-7.03185200691223145e-02
8.74681919813156128e-02
-2.38036829978227615e-02
-1.37798506766557693e-02
1.93988196551799774e-02
-8.27198848128318787e-03
-5.11828288435935974e-02
1.06861107051372528e-01
-6.88141286373138428e-02
-1.51282846927642822e-02
-2.07879543304443359e-02
9.24537032842636108e-02
-2.20792051404714584e-02
-7.10403844714164734e-02
-5.15530221164226532e-02
3.18394675850868225e-02
-3.13761085271835327e-02
4.09422628581523895e-02
-3.41465394012629986e-03
1.31508586928248405e-02
6.38211099430918694e-03
8.69575049728155136e-03
4.86811213195323944e-02
-4.99151870608329773e-02
1.21923070400953293e-02
-1.85996685177087784e-02
7.93950408697128296e-02
1.51999411173164845e-03
4.22899425029754639e-02
4.75910492241382599e-02
-4.35899244621396065e-03
-1.68149080127477646e-02
-3.89828383922576904e-02
8.56072306632995605e-02
1.95750221610069275e-02
7.39799737930297852e-02
2.40323320031166077e-02
6.51780888438224792e-02
1.93475326523184776e-03
-1.05490617454051971e-01
2.52097975462675095e-02
-2.19328533858060837e-02
-7.24460855126380920e-02
9.97612476348876953e-02
7.69537081941962242e-03
-6.67297542095184326e-02
2.80495472252368927e-02
5.49069456756114960e-02
-2.58801563177257776e-04
-8.00883471965789795e-02
1.68107601348310709e-03
1.80649925023317337e-02
-4.84118871390819550e-02
2.44919443503022194e-03
2.98893935978412628e-02
-8.00583884119987488e-02
-7.61326327919960022e-02
-6.82406425476074219e-02
1.33425116539001465e-01
-7.00895562767982483e-02
5.15423379838466644e-02
-1.70363467186689377e-02
1.02348454296588898e-01
-5.16980513930320740e-02
-6.41609802842140198e-02
4.12471406161785126e-02
9.33504775166511536e-02
9.04118567705154419e-02
5.36604337394237518e-02
-2.50968728214502335e-02
1.68011412024497986e-02
4.38682660460472107e-02
-1.35561986826360226e-03
1.66705455631017685e-02
4.75532300770282745e-02
4.23605032265186310e-02
-1.22339844703674316e-01
-4.16346006095409393e-02
1.11025772988796234e-01
-1.73869915306568146e-02
-1.60845331847667694e-02
5.54872080683708191e-02
4.84691113233566284e-02
-1.34697388857603073e-02
9.01391506195068359e-02
6.59854039549827576e-02
5.31395375728607178e-02
1.05401098728179932e-01
-8.44148360192775726e-03
8.35551619529724121e-02
7.13738128542900085e-02
-9.24652218818664551e-02
-9.94876213371753693e-03
-4.25790920853614807e-02
5.84037676453590393e-02
-5.34302033483982086e-02
-7.19794929027557373e-02
6.51570707559585571e-02
6.08755424618721008e-02
-5.03763072192668915e-02
4.50641475617885590e-02
4.40035425126552582e-02
-9.97653305530548096e-02
-3.17573063075542450e-02
7.29077383875846863e-02
-9.17565003037452698e-02
-7.28063136339187622e-02
3.45907732844352722e-02
2.16413587331771851e-02
4.54108342528343201e-02
-7.50508531928062439e-02
-3.34428362548351288e-02
-7.38162174820899963e-02
-5.05367433652281761e-03
-4.09447662532329559e-02
4.86268773674964905e-02
-9.53275561332702637e-02
7.88140892982482910e-02
-9.25895869731903076e-02
-1.89400743693113327e-02
6.90275803208351135e-02
1.78902652114629745e-02
1.73881854861974716e-02
1.01880408823490143e-01
-1.59718450158834457e-02
-3.92256341874599457e-02
9.06080938875675201e-03
-1.02170035243034363e-01
-3.89815531671047211e-02
-6.87209740281105042e-02
-8.78500565886497498e-02
-4.27775597199797630e-03
1.11398920416831970e-01
6.60763829946517944e-02
-6.18458129465579987e-02
-1.01394146680831909e-01
1.06941811740398407e-01
2.60021686553955078e-02
-8.88565704226493835e-02
-4.02379967272281647e-02
4.81154769659042358e-02
1.16167433559894562e-01
4.04155440628528595e-02
-1.52131728827953339e-03
1.67935900390148163e-02
-1.03737711906433105e-01
2.57335361093282700e-02
-5.62711395323276520e-02
8.86344909667968750e-02
6.06422685086727142e-02
3.31024080514907837e-02
9.47706215083599091e-03
3.92068959772586823e-02
-7.81780667603015900e-03
1.01221896708011627e-01
5.02781495451927185e-02
-4.60094474256038666e-02
-1.29142971709370613e-02
1.09899185597896576e-01
6.62764534354209900e-02
-9.33890715241432190e-02
-9.00988578796386719e-02
5.61557225883007050e-02
-7.84180611371994019e-02
-4.56354347988963127e-03
4.06854301691055298e-02
5.40803037583827972e-02
-9.40736196935176849e-03
6.04544542729854584e-02
6.86613202560693026e-04
-9.09128189086914062e-02
-1.05324469506740570e-01
-2.20569111406803131e-02
-2.48618461191654205e-02
-6.72006607055664062e-02
-1.39116542413830757e-02
1.95609778165817261e-02
-5.34669635817408562e-03
-6.27558678388595581e-02
9.77642461657524109e-02
-7.93137550354003906e-02
-4.13929112255573273e-03
-9.69369858503341675e-02
7.15566128492355347e-02
-2.71659530699253082e-02
5.52148260176181793e-02
-2.22460161894559860e-02
5.98427951335906982e-02
3.06683834642171860e-02
4.15294170379638672e-02
-9.66968666762113571e-03
-5.52957132458686829e-02
-7.37940147519111633e-02
-9.02096778154373169e-02
-6.56618154607713223e-04
8.25602037366479635e-04
1.96270458400249481e-02
-7.34755694866180420e-02
5.02224154770374298e-02
1.00413061678409576e-01
3.11211161315441132e-02
-7.82275497913360596e-02
5.11262416839599609e-02
-1.60415936261415482e-02
-3.37735600769519806e-02
-5.67095838487148285e-02
3.54679743759334087e-03
-6.03152886033058167e-02
-8.33412110805511475e-02
-6.17244504392147064e-02
7.28329494595527649e-02
-2.65959110110998154e-02
8.14389139413833618e-02
-2.84138228744268417e-02
4.32314444333314896e-03
4.49485965073108673e-02
-1.00904360413551331e-01
-3.79887819290161133e-02
-3.06701306253671646e-02
6.13678544759750366e-02
9.20481532812118530e-02
6.59282132983207703e-02
-2.00234018266201019e-02
-5.78490421175956726e-02
7.89386127144098282e-03
-5.68185374140739441e-02
3.48809771239757538e-02
1.64080392569303513e-02
7.04272985458374023e-02
-1.67086552828550339e-02
8.23436081409454346e-02
6.25937283039093018e-02
3.92648540437221527e-02
6.77730590105056763e-02
-2.84103192389011383e-02
-2.32730749994516373e-02
-8.48574340343475342e-02
3.77391166985034943e-02
-2.28543486446142197e-02
-6.91352263092994690e-02
-6.68211579322814941e-02
5.20030446350574493e-02
1.07314456254243851e-02
8.84795561432838440e-02
5.71100227534770966e-02
4.00805333629250526e-03
8.89532789587974548e-02
-6.14979900419712067e-02
4.75229881703853607e-03
-7.10523575544357300e-02
6.15315325558185577e-03
-4.02681119740009308e-02
4.36871238052845001e-02
-1.98693647980690002e-02
1.20884642004966736e-01
1.29584476351737976e-01
5.57853132486343384e-02
-1.26677826046943665e-02
4.68196831643581390e-02
-8.26524198055267334e-02
-3.10198776423931122e-02
-5.87807409465312958e-02
2.64387745410203934e-02
-4.87730056047439575e-02
-1.93568337708711624e-02
9.56750065088272095e-02
8.70520845055580139e-02
-4.10400237888097763e-03
4.90517588332295418e-03
4.69649471342563629e-02
-3.82458232343196869e-02
-5.98464533686637878e-02
8.55959728360176086e-02
-2.75081247091293335e-02
-5.21832518279552460e-02
3.00344880670309067e-02
7.07923918962478638e-02
5.12723140418529510e-02
2.25174147635698318e-02
1.07550151646137238e-01
8.56723561882972717e-02
-3.32734733819961548e-02
7.30583369731903076e-02
-1.25398039817810059e-02
4.47250008583068848e-02
-8.56218412518501282e-02
2.58592888712882996e-02
8.75517949461936951e-02
5.83028160035610199e-02
-5.43551482260227203e-02
5.27149625122547150e-02
-6.12795278429985046e-02
4.68020848929882050e-02
1.41018424183130264e-02
-1.11539497971534729e-01
1.52130294591188431e-02
-7.27519020438194275e-02
-6.18093758821487427e-02
1.67529303580522537e-02
3.26406694948673248e-02
-6.77067339420318604e-02
2.38091424107551575e-02
4.56141717731952667e-02
-6.38489238917827606e-03
-1.91808156669139862e-02
-1.17978255730122328e-03
2.07686722278594971e-02
-6.45835474133491516e-02
-5.35895265638828278e-02
-3.73437302187085152e-03
-5.95927126705646515e-02
-6.89598545432090759e-02
-8.58236849308013916e-02
-1.09322845935821533e-01
-7.33424872159957886e-02
-7.46801421046257019e-02
-3.80283407866954803e-02
-3.09913195669651031e-02
8.76316651701927185e-02
9.90145280957221985e-02
6.42715841531753540e-02
4.33122329413890839e-02
-1.53746400028467178e-02
-1.92215461283922195e-02
-2.14436631649732590e-02
-9.30475294589996338e-02
3.15129267983138561e-03
1.85881126672029495e-02
-6.08558543026447296e-02
2.40248218178749084e-02
-5.27774505317211151e-02
-2.37850807607173920e-02
2.38805916160345078e-03
3.87753061950206757e-02
7.77311949059367180e-03
-1.19598070159554482e-02
6.48223459720611572e-02
-2.62777879834175110e-02
3.28387878835201263e-02
1.37893930077552795e-01
-2.17836373485624790e-03
-1.33546916767954826e-02
4.50851880013942719e-02
-2.94601991772651672e-02
-1.12911827862262726e-01
-5.27658089995384216e-02
6.89117535948753357e-02
9.01262611150741577e-02
-1.02343536913394928e-01
-2.56989523768424988e-03
-4.57989238202571869e-02
5.87471351027488708e-02
2.26218905299901962e-02
2.21098270267248154e-02
5.47581315040588379e-02
1.42511073499917984e-02
-8.38719904422760010e-02
4.60844533517956734e-03
-3.35867106914520264e-02
5.28934784233570099e-02
-7.55826011300086975e-02
-4.79545779526233673e-02
-8.93710702657699585e-02
-2.62622702866792679e-02
6.95672631263732910e-02
6.39217644929885864e-02
-5.60265965759754181e-02
-4.19660937041044235e-03
-5.58801647275686264e-03
9.29060801863670349e-02
7.28323385119438171e-02
1.24711748212575912e-02
5.09335473179817200e-02
-2.35237460583448410e-02
8.13535451889038086e-02
3.79254370927810669e-02
-2.15658843517303467e-02
4.98253703117370605e-02
4.31105792522430420e-02
-8.17218571901321411e-02
6.34758844971656799e-02
-5.54049275815486908e-02
3.06737981736660004e-02
-4.01968434453010559e-02
-9.31882262229919434e-02
-9.17056500911712646e-02
-8.88486672192811966e-03
5.36551214754581451e-02
4.68036085367202759e-02
-4.44702990353107452e-02
8.05127695202827454e-02
1.05397300794720650e-02
6.61281421780586243e-02
-3.60940396785736084e-02
4.54530678689479828e-02
-6.64930343627929688e-02
-8.14323723316192627e-02
-1.08980044722557068e-01
-1.11933965235948563e-02
-5.86620867252349854e-02
8.42804089188575745e-02
-1.12650722265243530e-01
-4.77755442261695862e-02
-3.93952708691358566e-03
1.53132034465670586e-02
5.85001781582832336e-02
1.91085767000913620e-02
6.64532035589218140e-02
-1.85101050883531570e-02
8.32593217492103577e-02
-1.05605103075504303e-01
1.09294913709163666e-01
-3.91508415341377258e-02
4.53542545437812805e-02
9.80741009116172791e-02
-9.80769395828247070e-02
-1.39892837032675743e-02
2.26463619619607925e-02
-6.65236338973045349e-02
6.28675371408462524e-02
8.76329187303781509e-03
6.06415867805480957e-02
8.23043659329414368e-03
-9.33046266436576843e-02
-6.39576241374015808e-02
-1.68976634740829468e-02
-5.37467822432518005e-02
-6.02828450500965118e-02
-3.48955653607845306e-02
6.81353732943534851e-02
-5.40636479854583740e-02
1.02924562990665436e-01
3.46773676574230194e-02
-1.10043905675411224e-01
-8.67706090211868286e-02
-7.42435231804847717e-02
6.47841989994049072e-02
-1.02932810783386230e-01
6.16671964526176453e-02
-8.11900049448013306e-02
-1.03364633396267891e-02
3.67721207439899445e-02
1.05603851377964020e-01
-5.58980107307434082e-02
5.73189742863178253e-02
-5.32035529613494873e-02
-7.96897220425307751e-04
1.00486628711223602e-01
8.83669480681419373e-02
5.33025562763214111e-02
-2.66024079173803329e-02
-4.53979298472404480e-02
2.34037972986698151e-02
-1.04202218353748322e-02
-6.23211860656738281e-02
-8.75302627682685852e-02
-1.12131342291831970e-01
-4.45009432733058929e-02
-9.32538658380508423e-02
1.00436218082904816e-01
2.72102318704128265e-02
-1.75334550440311432e-02
1.77242346107959747e-02
-2.31832414865493774e-02
9.22405421733856201e-02
-8.02595093846321106e-02
4.60693612694740295e-02
1.82607676833868027e-02
8.93620401620864868e-02
-1.50163518264889717e-02
7.60252494364976883e-03
-4.93302149698138237e-03
5.52764907479286194e-03
-9.95114892721176147e-02
1.86448600143194199e-02
7.25630521774291992e-02
-5.54819703102111816e-02
3.56149598956108093e-02
4.07555773854255676e-02
-1.30760483443737030e-02
6.68666958808898926e-02
-7.42043601348996162e-03
2.40348186343908310e-02
4.60441298782825470e-02
-3.77839133143424988e-02
-4.34638932347297668e-02
-4.29892838001251221e-02
9.89233180880546570e-02
-6.52403458952903748e-02
3.86477336287498474e-02
-3.26012298464775085e-02
2.13381946086883545e-02
-6.52526766061782837e-02
-5.35214915871620178e-02
-7.54148587584495544e-02
3.27801369130611420e-02
2.08697523921728134e-02
3.55074629187583923e-02
-4.74917516112327576e-02
-1.57151333987712860e-02
-1.57922729849815369e-02
-1.29798920825123787e-02
-7.72916227579116821e-02
1.89871154725551605e-02
-6.14481307566165924e-02
4.00389134883880615e-02
7.14775025844573975e-02
5.45942503958940506e-03
-1.65694244205951691e-02
-8.20364337414503098e-03
-1.04952871333807707e-03
1.25841796398162842e-01
-8.08920413255691528e-02
-1.10278621315956116e-01
4.19206405058503151e-03
-6.96199312806129456e-02
-6.59810304641723633e-02
-1.89797580242156982e-02
8.78780037164688110e-02
1.54055224265903234e-03
-7.28028416633605957e-02
-7.26273655891418457e-02
-2.26977393031120300e-02
-7.14602917432785034e-02
-2.81478334218263626e-02
2.54949852824211121e-02
-1.53147261589765549e-02
1.01624079048633575e-01
-5.06883151829242706e-02
4.78774160146713257e-02
5.46598853543400764e-03
-1.93226877599954605e-02
1.01849287748336792e-01
3.43498177826404572e-02
-1.74115633126348257e-03
6.28456026315689087e-02
8.66790860891342163e-02
-8.91888067126274109e-02
-1.91632416099309921e-02
-3.59785407781600952e-02
1.65793616324663162e-02
-7.49037088826298714e-03
-9.10379141569137573e-02
1.85821016202680767e-04
-5.10573945939540863e-02
-2.92368270456790924e-02
8.94182100892066956e-02
7.21705034375190735e-02
-1.36736165732145309e-02
-2.81156562268733978e-02
-3.68322432041168213e-02
3.38266305625438690e-02
2.85087246447801590e-02
8.61484631896018982e-02
1.15670664235949516e-02
-1.24286070466041565e-01
-5.45506551861763000e-02
-1.21451513841748238e-02
8.29281806945800781e-02
1.60626117140054703e-02
-6.57062828540802002e-02
-4.70500774681568146e-02
-2.96796914190053940e-02
-8.25190544128417969e-02
-1.03574842214584351e-02
6.17349846288561821e-03
-3.37340235710144043e-02
6.75442069768905640e-02
8.38332846760749817e-02
-2.92593948543071747e-02
-7.12731666862964630e-03
-3.19428518414497375e-02
1.56774315983057022e-02
4.72714826464653015e-02
6.75986483693122864e-02
1.08238868415355682e-01
9.77971628308296204e-02
3.09339892119169235e-02
-7.60789737105369568e-02
2.15067677199840546e-02
2.51646824181079865e-02
4.55072894692420959e-02
-5.00232912600040436e-02
-6.09776228666305542e-02
8.06385129690170288e-02
1.04976430535316467e-01
1.01693905889987946e-01
-6.45484626293182373e-02
-9.07342806458473206e-02
7.53122195601463318e-02
-6.25025257468223572e-02
2.02090237289667130e-02
1.64393819868564606e-02
-2.27839462459087372e-02
6.99174925684928894e-02
2.05140020698308945e-02
-6.43972381949424744e-02
1.55574595555663109e-02
9.57520380616188049e-02
-9.89960655570030212e-02
-5.87251931428909302e-02
-2.18804571777582169e-02
-3.41459661722183228e-02
-2.59382557123899460e-02
-6.54366910457611084e-02
5.29670640826225281e-02
2.07282789051532745e-03
8.54428410530090332e-02
2.40601208060979843e-02
-6.52873590588569641e-02
-1.36270420625805855e-02
-8.26124995946884155e-02
1.30010573193430901e-02
7.43174329400062561e-02
-4.46808524429798126e-03
-4.53264079988002777e-02
9.12536159157752991e-02
6.05743043124675751e-02
-7.96206742525100708e-02
-6.94266334176063538e-02
-5.28279542922973633e-02
1.45723186433315277e-02
-3.32354828715324402e-02
9.87928826361894608e-03
-7.27556943893432617e-02
6.45542964339256287e-02
-3.86295728385448456e-02
3.65269109606742859e-02
-7.70826563239097595e-02
-2.47514210641384125e-02
9.08979177474975586e-02
2.61168908327817917e-02
-8.99353474378585815e-02
-2.76121553033590317e-02
6.88965171575546265e-02
9.14717372506856918e-03
4.93909865617752075e-02
9.20701101422309875e-02
-6.46952986717224121e-02
-7.58568271994590759e-02
6.79186135530471802e-02
2.75495834648609161e-02
-5.10193631052970886e-02
-2.40193847566843033e-02
-5.25307729840278625e-02
-1.95869207382202148e-02
7.40792453289031982e-02
-5.59120215475559235e-02
-2.94812116771936417e-02
1.80545728653669357e-02
-3.56509089469909668e-02
-1.09374197199940681e-02
-2.76399645954370499e-02
6.19892366230487823e-02
3.03662120131775737e-04
-8.36047679185867310e-02
-1.03347022086381912e-02
1.20801687240600586e-01
6.96065947413444519e-02
3.79779189825057983e-02
-2.09798570722341537e-02
1.23519599437713623e-02
5.41673749685287476e-02
-6.69392198324203491e-02
-1.20554147288203239e-02
2.77073262259364128e-03
4.26214821636676788e-02
-8.20359289646148682e-02
-6.33505955338478088e-02
7.64550815802067518e-04
3.38401831686496735e-02
1.05463229119777679e-02
1.60818640142679214e-02
-7.20298215746879578e-02
4.09247800707817078e-02
-3.16839516162872314e-02
-6.23805373907089233e-02
-7.95613452792167664e-02
3.50119471549987793e-02
-5.00683374702930450e-02
-4.44121100008487701e-02
8.87049660086631775e-02
5.47092407941818237e-02
7.75174424052238464e-02
3.18479770794510841e-03
-5.80430217087268829e-02
2.38281637430191040e-02
5.74335008859634399e-02
-6.95639401674270630e-02
-8.68569239974021912e-02
-5.01826554536819458e-02
-1.69857721775770187e-02
6.41395524144172668e-02
4.39396277070045471e-02
6.77146837115287781e-02
1.58090814948081970e-02
-5.55761046707630157e-02
8.95523428916931152e-02
1.47956451401114464e-02
-7.96495601534843445e-02
6.24626390635967255e-02
2.25760322064161301e-02
-2.46424078941345215e-02
-3.18661928176879883e-02
-8.67070257663726807e-02
-8.25730636715888977e-02
1.26787880435585976e-03
1.28229215741157532e-01
-4.71507012844085693e-02
2.32730507850646973e-02
-3.23868617415428162e-02
7.21981972455978394e-02
-2.59700376773253083e-04
4.53771799802780151e-02
1.40945270657539368e-01
2.44620237499475479e-02
7.52950494643300772e-04
-5.65801225602626801e-02
-3.96834239363670349e-02
-1.11631438136100769e-01
-2.36731339246034622e-02
-4.53813886269927025e-03
8.71615111827850342e-03
1.14678246900439262e-02
-3.63204926252365112e-02
9.31175053119659424e-02
-8.57092812657356262e-02
2.01511941850185394e-02
-4.11188136786222458e-03
4.67216316610574722e-03
-5.42620532214641571e-02
2.70883981138467789e-02
-4.48221266269683838e-02
-7.80533701181411743e-02
-1.68473888188600540e-02
-5.62372878193855286e-02
-3.17370817065238953e-02
5.17943017184734344e-02
-5.28730172663927078e-03
1.21772689744830132e-02
1.86067558825016022e-02
3.03511805832386017e-02
3.79755608737468719e-02
8.60523134469985962e-02
1.40537917613983154e-02
6.35734722018241882e-02
1.37521298602223396e-02
-1.40293007716536522e-02
-3.04457768797874451e-02
9.25671309232711792e-02
-5.24528808891773224e-02
6.64787963032722473e-02
-2.97087873332202435e-03
-7.88171291351318359e-02
-3.51339876651763916e-02
3.03124133497476578e-02
-6.54193907976150513e-02
-5.08228391408920288e-02
2.96490173786878586e-02
-5.53500242531299591e-02
-6.06905631721019745e-02
6.62724897265434265e-02
5.52616268396377563e-02
2.00322456657886505e-02
-1.22893983498215675e-02
6.57176896929740906e-02
2.96127665787935257e-02
-5.89091703295707703e-02
-5.39420880377292633e-02
7.93374776840209961e-02
1.52237499132752419e-02
-5.81890419125556946e-02
-1.61059796810150146e-02
5.78019917011260986e-02
1.46736176684498787e-02
-4.03576754033565521e-02
-6.55755922198295593e-02
-4.36064787209033966e-03
-7.63515383005142212e-02
-4.47173044085502625e-02
6.77672922611236572e-02
5.03138378262519836e-02
-2.34326887875795364e-02
3.24372984468936920e-02
-1.21856443583965302e-02
-3.12738418579101562e-02
4.95259761810302734e-02
-5.21838515996932983e-02
4.73468489944934845e-02
2.45888084173202515e-02
6.74340054392814636e-02
-7.15755075216293335e-02
-2.14660894125699997e-02
-3.68712618947029114e-02
5.01474924385547638e-02
8.50601214915513992e-03
5.87971694767475128e-02
-8.58396664261817932e-02
7.31257870793342590e-02
5.85815403610467911e-03
5.89134879410266876e-02
2.03871615231037140e-02
-7.25214630365371704e-02
-5.12472130358219147e-02
2.41803489625453949e-02
-1.78862661123275757e-02
-4.08513396978378296e-02
9.29420217871665955e-02
-7.81615227460861206e-02
4.55580130219459534e-02
-6.10878504812717438e-02
-2.15415246784687042e-02
-8.60536564141511917e-03
-1.33771663531661034e-02
-9.31221172213554382e-02
-4.04497981071472168e-02
1.13759025931358337e-01
5.38795217871665955e-02
-3.52946929633617401e-02
7.10052251815795898e-02
2.27401498705148697e-02
6.10968843102455139e-02
4.43343259394168854e-02
9.17115882039070129e-02
4.33846749365329742e-02
-5.70923388004302979e-02
1.37784471735358238e-03
-1.84525810182094574e-02
1.85380540788173676e-02
-3.57062369585037231e-02
1.18698500096797943e-01
-3.16849686205387115e-02
5.21806329488754272e-02
7.69818723201751709e-02
-2.41586789488792419e-02
-7.55952745676040649e-02
-8.69953930377960205e-02
8.67899283766746521e-02
-3.71452011168003082e-02
8.31469744443893433e-02
-1.52718564495444298e-02
-8.23238044977188110e-02
-7.07398205995559692e-02
-5.03101311624050140e-02
9.85057801008224487e-02
-8.74888747930526733e-02
-4.40843515098094940e-02
6.47975727915763855e-02
-4.73212860524654388e-02
-3.84069457650184631e-02
5.63150346279144287e-02
-1.28371585160493851e-02
-7.49252289533615112e-02
6.20851777493953705e-02
-3.22608873248100281e-02
-6.38426914811134338e-02
-7.34918266534805298e-02
2.67121125943958759e-03
-1.52766855899244547e-03
5.12463785707950592e-02
9.08813346177339554e-03
6.35393038392066956e-02
1.02331668138504028e-01
-7.77760371565818787e-02
-1.08062187209725380e-02
2.67133507877588272e-02
5.19603304564952850e-02
5.11488057672977448e-02
1.51035994291305542e-01
-1.32173433899879456e-01
-4.71737571060657501e-02
-2.79656276106834412e-02
7.06866458058357239e-02
4.60276789963245392e-02
-9.33002009987831116e-02
-2.93497424572706223e-02
-3.02908290177583694e-02
-6.31336718797683716e-02
-6.66104778647422791e-02
-8.13865140080451965e-02
5.89973367750644684e-02
9.00119775906205177e-04
8.47238376736640930e-02
-4.49899099767208099e-02
9.80822928249835968e-03
2.87295728921890259e-02
6.82545825839042664e-02
4.13472466170787811e-02
-2.95286606997251511e-02
2.60425973683595657e-02
-4.69231270253658295e-02
-3.18898260593414307e-02
5.42042292654514313e-02
7.03758420422673225e-03
1.38013279065489769e-02
4.34071049094200134e-02
-8.81066359579563141e-03
-8.98610353469848633e-02
5.34988231956958771e-02
-5.36574535071849823e-02
3.98631095886230469e-02
7.25286975502967834e-02
-3.63112986087799072e-02
3.45682352781295776e-02
6.03738240897655487e-02
9.19791311025619507e-03
-7.38314166665077209e-02
1.14566259086132050e-01
-3.90307083725929260e-02
-1.39735988341271877e-03
-3.93685698509216309e-02
-3.19372639060020447e-02
5.26017062366008759e-02
-4.19554561376571655e-02
5.32011389732360840e-02
-8.98054521530866623e-03
-8.17174650728702545e-03
2.37540248781442642e-02
1.01427629590034485e-01
2.67429295927286148e-02
-9.20217037200927734e-02
-5.76886534690856934e-02
5.78423812985420227e-02
-6.46673664450645447e-02
2.27171517908573151e-02
2.57461573928594589e-02
7.02836662530899048e-02
1.04450680315494537e-01
4.67349477112293243e-02
7.28559866547584534e-02
9.16881021112203598e-03
-2.47131544165313244e-03
5.59806823730468750e-02
-1.02768808603286743e-01
-3.59751693904399872e-02
-4.87216515466570854e-03
-5.49944825470447540e-02
7.03995674848556519e-02
9.08621549606323242e-02
-3.42256128787994385e-02
-4.70509827136993408e-02
-6.84316232800483704e-02
4.30159568786621094e-02
-5.46750053763389587e-02
-3.98132614791393280e-02
-4.69995588064193726e-02
1.73414479941129684e-02
-9.94666293263435364e-03
1.67720280587673187e-02
-2.32252962887287140e-02
6.41470327973365784e-02
-1.15296747535467148e-02
8.18938016891479492e-02
-2.69507672637701035e-02
7.54125192761421204e-02
-6.83380514383316040e-02
3.81786562502384186e-02
-9.10098291933536530e-03
-4.47541959583759308e-02
-5.55839985609054565e-02
-6.85423612594604492e-02
5.39689213037490845e-02
3.54350768029689789e-02
-5.33183757215738297e-03
3.49315404891967773e-02
1.20219402015209198e-02
4.34036925435066223e-02
7.65624567866325378e-02
1.11175395548343658e-01
-7.99375027418136597e-02
6.30610063672065735e-02
-7.87411630153656006e-02
3.82873304188251495e-02
-6.79453089833259583e-02
8.00173655152320862e-02
5.20463995635509491e-02
-7.54531100392341614e-02
3.82043793797492981e-02
-4.97363209724426270e-02
7.37578794360160828e-02
-3.69589813053607941e-02
-6.79329633712768555e-02
-4.77515868842601776e-02
1.07399970293045044e-01
1.91156398504972458e-02
5.38088046014308929e-02
6.82413727045059204e-02
-6.41955807805061340e-02
4.36463430523872375e-02
4.97311539947986603e-02
5.86877483874559402e-03
7.46418833732604980e-02
4.37060892581939697e-02
-5.86009882390499115e-02
-5.76976165175437927e-02
-7.45495110750198364e-02
-4.57154884934425354e-02
-1.63277778774499893e-02
3.73926684260368347e-02
2.91584525257349014e-02
-3.06065492331981659e-02
4.21968251466751099e-02
-1.79129820317029953e-02
3.25363911688327789e-02
4.26087379455566406e-02
6.05701468884944916e-02
4.65951710939407349e-02
-3.57925482094287872e-02
-5.23302555084228516e-02
-4.56244312226772308e-02
-5.43986894190311432e-02
-9.11424979567527771e-02
-5.59784695506095886e-02
6.68118596076965332e-02
5.21234422922134399e-02
8.99112597107887268e-02
-1.67457608040422201e-03
6.38272911310195923e-02
-7.19388574361801147e-02
9.02395974844694138e-03
4.48530912399291992e-02
-2.34184495639055967e-04
-1.21951485052704811e-02
4.58257943391799927e-02
9.01564676314592361e-03
-2.23731026053428650e-02
-1.68636180460453033e-02
-1.86674632132053375e-02
-6.75664767622947693e-02
8.79657641053199768e-02
8.12050849199295044e-02
7.00270608067512512e-02
-3.85351516306400299e-02
6.40040636062622070e-02
-5.54042011499404907e-02
4.80672121047973633e-02
6.58495177049189806e-04
-1.35739967226982117e-02
-5.22571615874767303e-02
4.22661192715167999e-02
-2.43575703352689743e-02
-1.20808295905590057e-02
6.32598176598548889e-02
-7.75537714362144470e-02
-6.09610155224800110e-02
-2.50100158154964447e-03
-4.64040599763393402e-02
-9.17257517576217651e-02
1.87412519007921219e-02
1.66593808680772781e-02
-7.34926760196685791e-02
-3.22464220225811005e-02
1.23540684580802917e-01
-1.21132992208003998e-01
6.11404553055763245e-02
4.91781570017337799e-02
-5.82880154252052307e-02
1.20143786072731018e-01
-2.28042118251323700e-02
-4.90271113812923431e-02
3.12614031136035919e-02
-6.13230168819427490e-02
-4.86991107463836670e-02
3.36907505989074707e-02
-2.76904758065938950e-02
-6.58750906586647034e-02
-1.85485556721687317e-02
-3.26620005071163177e-02
5.60255832970142365e-02
3.87882590293884277e-02
-6.63261041045188904e-02
-6.28952533006668091e-02
9.48714241385459900e-02
-6.91374912858009338e-02
5.88852353394031525e-02
-1.02915018796920776e-01
8.85395854711532593e-02
1.52725186198949814e-02
-6.36048689484596252e-02
1.75427105277776718e-02
2.88935899734497070e-02
9.64166782796382904e-03
4.21908982098102570e-02
1.00656710565090179e-01
-5.01085184514522552e-02
5.99340023472905159e-03
-8.29729363322257996e-02
-5.55193759500980377e-02
1.02856159210205078e-02
-3.81110273301601410e-02
2.86617986857891083e-02
-1.47632965818047523e-02
-3.18176224827766418e-02
-1.21023189276456833e-02
3.29668931663036346e-02
8.73337462544441223e-02
-4.84015531837940216e-02
2.22491491585969925e-02
-5.81349134445190430e-02
-1.10341766849160194e-02
-1.58984288573265076e-02
-3.96437942981719971e-02
-5.91824948787689209e-03
3.99059243500232697e-03
7.16987326741218567e-02
-5.08652180433273315e-02
-8.88464599847793579e-02
-5.20083010196685791e-02
2.00751870870590210e-02
4.64483872056007385e-02
9.74329859018325806e-02
-2.59299781173467636e-02
5.43468557298183441e-02
9.63519364595413208e-02
-8.38631317019462585e-02
3.99229973554611206e-02
-5.39162904024124146e-02
2.76700183749198914e-02
-7.01961980666965246e-04
1.49459168314933777e-02
7.22295418381690979e-02
-7.33103528618812561e-02
-1.84289924800395966e-02
-2.95159406960010529e-02
-2.10163444280624390e-02
6.71054795384407043e-02
7.95550942420959473e-02
6.51943124830722809e-03
-4.15879376232624054e-02
2.18670666217803955e-02
-2.58591696619987488e-02
-6.03196322917938232e-02
4.74685132503509521e-02
1.26235163770616055e-03
-8.01328495144844055e-02
-5.58764077723026276e-02
-3.45140770077705383e-02
7.58868232369422913e-02
-1.81841701269149780e-02
-2.45675891637802124e-02
3.75834340229630470e-03
6.18241131305694580e-02
1.98266338557004929e-02
1.84031426906585693e-02
-1.68592408299446106e-02
9.60394367575645447e-02
9.56153199076652527e-02
-7.57851153612136841e-02
2.84034032374620438e-02
9.74445566534996033e-02
-7.69602656364440918e-02
-5.03740981221199036e-02
-5.06101697683334351e-02
2.55109686404466629e-02
9.47334319353103638e-02
1.40752447769045830e-02
-6.72705322504043579e-02
5.19823022186756134e-02
-2.34519150108098984e-02
-2.97352159395813942e-03
-1.82358548045158386e-02
-7.48957274481654167e-04
4.05484996736049652e-02
5.18169254064559937e-02
-1.25882979482412338e-02
2.57091876119375229e-02
9.50504560023546219e-03
-3.06872576475143433e-02
8.05565863847732544e-02
7.45196118950843811e-02
-4.12971675395965576e-02
5.16473427414894104e-02
5.46398162841796875e-02
-6.55632615089416504e-02
6.79164053872227669e-03
8.20927973836660385e-03
3.38420737534761429e-03
-1.26763489097356796e-02
-1.73178054392337799e-02
-6.67332038283348083e-02
-6.65060877799987793e-02
4.81574125587940216e-02
2.52566859126091003e-02
-8.59464406967163086e-02
4.30844724178314209e-02
-5.54231479763984680e-02
4.93225604295730591e-02
-1.38621749356389046e-02
1.07794674113392830e-02
7.68103599548339844e-02
8.82657393813133240e-02
-1.04749351739883423e-01
-5.90732544660568237e-02
-8.65464136004447937e-02
4.86965030431747437e-02
4.84892819076776505e-03
8.99334345012903214e-03
-2.71064769476652145e-02
-1.00919895339757204e-03
1.00186720490455627e-01
4.66334335505962372e-02
-2.46448982506990433e-02
-3.33552025258541107e-02
-7.14892819523811340e-02
9.89808663725852966e-02
-3.93172120675444603e-03
5.30245825648307800e-02
-6.21297881007194519e-02
8.34838375449180603e-02
-6.96478560566902161e-02
7.52577334642410278e-02
-7.26420804858207703e-02
-5.60332611203193665e-02
-3.40158981271088123e-03
-6.49005249142646790e-02
1.05959974229335785e-01
3.10530103743076324e-02
9.09626781940460205e-02
-3.87209327891469002e-03
-1.09330050647258759e-01
1.57043728977441788e-02
-6.29313364624977112e-02
7.82084316015243530e-02
-7.57465586066246033e-02
-1.40463868156075478e-02
-7.77635499835014343e-02
-7.20826685428619385e-02
-9.13749565370380878e-04
-2.42397859692573547e-02
7.36375153064727783e-02
-6.09954819083213806e-02
3.38819413445889950e-03
-5.18208630383014679e-02
8.96216854453086853e-02
8.98053811397403479e-04
7.59946927428245544e-02
1.07735311612486839e-02
-3.94171625375747681e-02
2.15276256203651428e-02
-1.38811096549034119e-02
1.65406670421361923e-02
-6.84585943818092346e-02
1.74145922064781189e-02
-7.48460069298744202e-02
5.51443658769130707e-02
5.49253150820732117e-02
-9.67008247971534729e-03
-4.61829975247383118e-02
1.51316925883293152e-01
4.00324463844299316e-02
-4.45176698267459869e-02
1.11336177214980125e-02
2.63706278055906296e-02
4.67513836920261383e-02
-4.02373149991035461e-02
-6.23885318636894226e-02
1.01517707109451294e-01
-4.30561415851116180e-02
3.88727919198572636e-03
-5.30279166996479034e-02
2.26331595331430435e-02
8.40225815773010254e-02
1.37341236695647240e-02
7.80655965209007263e-02
2.04118862748146057e-02
1.06858834624290466e-01
-4.34045232832431793e-02
1.92119777202606201e-02
2.18714941293001175e-02
-1.05908334255218506e-01
-2.07582972943782806e-02
-8.15262794494628906e-02
-3.60958129167556763e-02
-5.00506795942783356e-02
2.45486516505479813e-02
-4.11661751568317413e-02
9.96334850788116455e-02
9.51922312378883362e-02
6.82740509510040283e-02
5.70565275847911835e-02
-5.41894547641277313e-02
-8.28011631965637207e-02
1.82731915265321732e-02
-5.69353960454463959e-02
4.11932505667209625e-02
-4.51319105923175812e-03
-5.98229281604290009e-02
3.80099005997180939e-02
3.58224213123321533e-02
6.78836852312088013e-02
-9.92165952920913696e-02
-5.99883124232292175e-02
7.86728784441947937e-03
-3.44449430704116821e-02
3.22226621210575104e-02
-1.21378354728221893e-01
3.54205258190631866e-02
1.86244603246450424e-02
1.72940120100975037e-02
-6.03601373732089996e-02
1.11937308683991432e-02
3.94836775958538055e-02
-6.81418627500534058e-02
9.56589430570602417e-02
-9.35764759778976440e-02
7.54834264516830444e-02
1.24004371464252472e-02
1.34310707449913025e-01
9.10813286900520325e-02
1.15599874407052994e-02
-2.20636501908302307e-02
8.27951580286026001e-02
9.93930697441101074e-02
-4.53272573649883270e-02
-4.13309819996356964e-02
6.26506730914115906e-02
-9.18468832969665527e-03
-9.63032841682434082e-02
-5.79288080334663391e-02
-3.18181477487087250e-02
-8.16806033253669739e-02
-3.95879447460174561e-02
3.29224169254302979e-02
-4.47714403271675110e-02
-3.08793466538190842e-02
3.99047955870628357e-02
9.20790657401084900e-02
-1.42599809914827347e-02
3.43256480991840363e-02
-3.92406471073627472e-02
6.40499964356422424e-02
6.57539665699005127e-02
-5.56805133819580078e-02
7.37010687589645386e-02
-1.22668221592903137e-02
-1.06776624917984009e-01
-3.05159669369459152e-02
-1.47574236616492271e-02
3.31095345318317413e-02
-7.32537731528282166e-02
-5.27849905192852020e-02
1.85080468654632568e-02
-6.12888932228088379e-02
-2.83421389758586884e-02
7.26751089096069336e-02
2.68251933157444000e-02
-5.05703575909137726e-02
-7.17240273952484131e-02
9.74834561347961426e-02
-1.15012675523757935e-01
-1.56550493557006121e-03
7.25413262844085693e-02
-1.81004162877798080e-02
-6.92371279001235962e-02
1.21574543416500092e-01
-1.37066513299942017e-01
2.69666425883769989e-02
-9.44191813468933105e-02
-7.78049454092979431e-02
8.13651084899902344e-02
-7.04639703035354614e-02
8.96500870585441589e-02
-2.76404414325952530e-02
7.13732168078422546e-02
-9.56022292375564575e-02
-3.59165593981742859e-02
3.98930981755256653e-02
-7.04567506909370422e-02
4.03656177222728729e-02
-1.93362194113433361e-03
5.27263917028903961e-02
-2.58861370384693146e-02
-3.09875514358282089e-02
-1.81623210664838552e-03
4.47764433920383453e-02
-4.43763807415962219e-02
9.82918590307235718e-03
-2.81556267291307449e-02
9.73190292716026306e-02
7.07550300285220146e-03
-4.34981435537338257e-02
1.14705912768840790e-01
5.22593520581722260e-02
-4.27232198417186737e-02
1.54529260471463203e-02
-3.52237708866596222e-02
8.09084475040435791e-02
-3.75002585351467133e-02
8.13447535037994385e-02
3.29834148287773132e-02
-1.13398605026304722e-03
9.03431400656700134e-02
-1.28774950280785561e-02
-1.73238739371299744e-02
4.78569716215133667e-02
2.08211634308099747e-02
3.70449461042881012e-02
-1.18564791977405548e-01
-2.97759426757693291e-03
3.90722453594207764e-02
-3.40282060205936432e-02
1.19560742750763893e-02
-1.14200655370950699e-02
-2.30465661734342575e-02
9.19059477746486664e-03
-9.10479128360748291e-02
-4.68265786767005920e-02
4.27558757364749908e-02
7.59654864668846130e-02
3.59013378620147705e-02
6.11753799021244049e-02
-4.84933406114578247e-02
3.39112058281898499e-02
1.03128552436828613e-01
-9.39094182103872299e-03
-7.75235844776034355e-03
3.18036414682865143e-02
7.60547677055001259e-03
-4.24207784235477448e-02
-6.81723281741142273e-02
1.44997667521238327e-02
-9.71672758460044861e-02
-5.17703667283058167e-02
1.15171574056148529e-01
-6.41732849180698395e-03
4.10653650760650635e-02
7.87796601653099060e-02
-1.35575206950306892e-02
8.01681429147720337e-02
-8.71638059616088867e-02
5.68132884800434113e-02
-8.93317312002182007e-02
-1.32940083742141724e-01
5.92935038730502129e-03
-3.22199240326881409e-02
4.64197434484958649e-02
-1.13723576068878174e-01
-1.41509845852851868e-02
-6.28914963454008102e-03
4.00257818400859833e-02
-1.14162769168615341e-02
5.40087781846523285e-02
-9.97386639937758446e-04
-1.24268010258674622e-01
-4.61381860077381134e-02
-9.55889523029327393e-02
-1.17944471538066864e-01
-2.17774715274572372e-02
4.81598675251007080e-02
9.21643003821372986e-02
3.70796173810958862e-02
4.94688227772712708e-02
6.97021838277578354e-03
-5.71942552924156189e-02
-1.63058862090110779e-02
-1.60748846828937531e-02
3.32658886909484863e-02
3.18171195685863495e-02
-5.15966005623340607e-02
9.30005759000778198e-02
4.59920987486839294e-02
8.35115835070610046e-02
2.68867220729589462e-02
-2.12637484073638916e-02
9.08261239528656006e-02
5.95407094806432724e-04
-2.47620372101664543e-03
9.68237891793251038e-02
-4.40172404050827026e-02
5.60576841235160828e-02
-8.95139644853770733e-04
-4.88453432917594910e-02
-7.16204121708869934e-02
4.95502818375825882e-03
-1.01193524897098541e-01
5.70692121982574463e-02
6.73825591802597046e-02
-1.23635403811931610e-01
7.38980174064636230e-02
-1.03805653750896454e-01
3.25500629842281342e-02
2.02579330652952194e-03
5.33508893568068743e-04
4.31676171720027924e-02
-3.39283719658851624e-02
4.87040728330612183e-02
-1.70950256288051605e-02
2.49358061701059341e-02
1.41946263611316681e-02
2.19897534698247910e-02
2.17124298214912415e-02
1.25504797324538231e-03
-5.88086899369955063e-03
1.69919133186340332e-02
5.82954753190279007e-03
8.34221765398979187e-02
-1.11339248716831207e-01
-4.91608045995235443e-02
1.08118308708071709e-02
3.85325625538825989e-02
7.58733302354812622e-02
-4.39839810132980347e-02
6.34974464774131775e-02
-4.22161892056465149e-02
-1.06697631999850273e-02
-5.57439774274826050e-03
6.22845739126205444e-02
1.91965680569410324e-02
-5.39299547672271729e-02
5.60658387839794159e-02
4.69608530402183533e-02
5.60189783573150635e-02
5.28768217191100121e-03
4.71758842468261719e-02
-5.45007549226284027e-03
-8.32660272717475891e-02
-6.72637075185775757e-02
8.73113945126533508e-02
-2.92556453496217728e-02
-9.11057740449905396e-02
-6.70126304030418396e-02
4.18748408555984497e-02
-1.24890673905611038e-02
-4.11607287824153900e-02
-7.22463801503181458e-02
6.69677108526229858e-02
-1.90750956535339355e-02
4.62507382035255432e-02
5.01522384583950043e-02
2.96044833958148956e-02
9.54727828502655029e-02
-8.98719057440757751e-02
6.17213808000087738e-02
3.81734557449817657e-02
8.77093300223350525e-02
-7.90137201547622681e-02
-5.87855407502502203e-04
-8.80005657672882080e-02
-1.07969768345355988e-01
-5.95057895407080650e-03
-4.89695416763424873e-03
4.32355590164661407e-02
-7.69824208691716194e-03
-6.84724599123001099e-02
-1.42796942964196205e-02
4.37505979789420962e-04
6.61955922842025757e-02
1.34107824414968491e-02
8.62961262464523315e-03
2.09757462143898010e-02
7.08419308066368103e-02
8.06298404932022095e-02
-1.08871879056096077e-02
-1.10816955566406250e-01
1.01481549441814423e-01
-6.52405023574829102e-02
-3.82267795503139496e-02
-1.15004971623420715e-01
-1.11322522163391113e-01
4.93144579231739044e-02
7.06028193235397339e-02
-4.12348657846450806e-02
-5.14277629554271698e-02
9.48688946664333344e-03
9.74704548716545105e-02
-3.71196642518043518e-02
5.15059493482112885e-02
6.15437254309654236e-02
-2.09734775125980377e-02
-5.29169254004955292e-02
-7.68670206889510155e-03
6.28863945603370667e-02
5.80478236079216003e-02
4.12813499569892883e-02
-1.07972314581274986e-02
7.08676502108573914e-02
-2.04632501117885113e-03
9.03068184852600098e-02
-9.36747416853904724e-02
7.96007141470909119e-02
3.13222967088222504e-02
-1.67425919789820910e-03
-7.09441229701042175e-02
-6.09909743070602417e-02
-4.28017154335975647e-02
-6.22658580541610718e-02
-1.34716620668768883e-02
1.07056591659784317e-02
5.84791935980319977e-02
-6.54036626219749451e-02
-8.57746899127960205e-02
3.37739624083042145e-02
1.09614029526710510e-01
3.69745120406150818e-02
-3.54454927146434784e-02
-3.75822186470031738e-02
-2.88884770125150681e-02
3.54491397738456726e-02
-9.52865481376647949e-02
-6.49649500846862793e-02
6.08755871653556824e-02
-7.81722664833068848e-02
-3.82006652653217316e-02
-7.67162516713142395e-02
6.55948296189308167e-02
7.34276622533798218e-02
-8.04595351219177246e-02
-4.70623932778835297e-02
-1.82305853813886642e-02
4.95187453925609589e-02
3.36255691945552826e-02
4.69824932515621185e-02
-3.03919855505228043e-02
4.00540083646774292e-02
-6.13060742616653442e-02
8.54790657758712769e-02
2.15160381048917770e-02
5.87736815214157104e-02
-9.04436106793582439e-04
-7.51661360263824463e-02
-5.84303960204124451e-02
-9.45866331458091736e-02
5.20729869604110718e-02
5.71368560194969177e-02
5.85746951401233673e-02
-5.51481656730175018e-02
4.37115728855133057e-02
-5.56989759206771851e-02
1.60423349589109421e-02
9.89152938127517700e-02
-4.68795262277126312e-02
-9.32944715023040771e-02
-7.95257836580276489e-02
1.10967904329299927e-02
4.99851889908313751e-02
1.87672097235918045e-02
-6.63304403424263000e-02
7.15397074818611145e-02
-4.68093268573284149e-02
-1.64485946297645569e-02
-6.81372219696640968e-03
4.12234589457511902e-02
2.07887515425682068e-02
-8.71157199144363403e-02
1.20927589014172554e-02
-9.87866800278425217e-03
-3.00142262130975723e-03
-7.55951777100563049e-02
-3.31254415214061737e-02
-6.53311684727668762e-02
1.41255464404821396e-02
9.31843221187591553e-02
6.78586140275001526e-02
-1.14855892956256866e-01
-1.92507810425013304e-03
-3.92628237605094910e-02
1.50875262916088104e-02
7.24866464734077454e-02
4.50576320290565491e-02
-1.00018540397286415e-02
-1.77634041756391525e-02
3.90520915389060974e-02
-7.80879706144332886e-02
-3.29120941460132599e-02
2.30464804917573929e-02
-7.22753703594207764e-02
-1.66439041495323181e-02
2.85382550209760666e-02
-6.66476041078567505e-02
1.14178165793418884e-01
3.45199629664421082e-02
-9.02523323893547058e-02
1.12374737858772278e-01
-5.76758384704589844e-02
6.71476051211357117e-02
1.25639280304312706e-03
-4.81395386159420013e-02
-1.64563134312629700e-02
2.12528500705957413e-02
1.06100641191005707e-01
-4.72535938024520874e-02
2.47822869569063187e-02
1.00222915410995483e-01
-4.41970117390155792e-02
1.11362382769584656e-01
7.92370084673166275e-03
4.48469910770654678e-03
6.13839402794837952e-02
1.19020147249102592e-02
6.76350742578506470e-02
-5.55239990353584290e-02
2.83188242465257645e-02
-4.81493882834911346e-02
2.42327060550451279e-03
-8.47726538777351379e-02
1.03379353880882263e-01
-7.73117765784263611e-02
5.86110986769199371e-02
4.27044928073883057e-02
3.54561619460582733e-02
-3.39878089725971222e-02
-2.91633289307355881e-02
-3.43731343746185303e-02
7.81393498182296753e-02
-3.66516187787055969e-02
3.63675467669963837e-02
-6.51863664388656616e-02
1.10102660953998566e-01
-8.84802453219890594e-03
5.15194088220596313e-02
5.40027506649494171e-02
-4.45850193500518799e-02
3.24827469885349274e-02
-9.01694521307945251e-02
4.38695885241031647e-02
3.24327908456325531e-02
3.14643532037734985e-02
-1.50920609012246132e-02
6.64454698562622070e-02
-1.50447590276598930e-02
-5.98422624170780182e-02
-1.74517445266246796e-02
2.63407994061708450e-02
-1.05560854077339172e-01
1.58655960112810135e-02
-6.65479674935340881e-02
2.53204517066478729e-02
-2.42055207490921021e-02
3.15965786576271057e-02
-6.41514435410499573e-02
-5.26721738278865814e-02
-4.42480519413948059e-02
6.20372081175446510e-03
8.27896520495414734e-02
-1.66687257587909698e-02
1.55825009569525719e-02
6.89129484817385674e-03
-1.16360291838645935e-01
5.76346740126609802e-03
-8.04034471511840820e-02
-3.43608520925045013e-02
-7.00218677520751953e-02
8.12501832842826843e-02
3.58356907963752747e-02
-3.66285108029842377e-02
-2.11051926016807556e-02
-1.13486461341381073e-01
3.12127568759024143e-03
4.10954579710960388e-02
6.02333135902881622e-02
1.27459503710269928e-03
-8.72121527791023254e-02
-1.86982154846191406e-02
1.14760123193264008e-01
-3.25245372951030731e-02
8.55946391820907593e-02
7.61998863890767097e-03
6.98083043098449707e-02
6.75190612673759460e-02
-6.61102458834648132e-02
2.88664344698190689e-02
1.10098011791706085e-02
-3.60306799411773682e-02
8.55883806943893433e-02
1.70037746429443359e-02
-7.70555213093757629e-02
-6.71001747250556946e-02
2.38278917968273163e-02
-1.48568719625473022e-01
-3.99044714868068695e-02
-4.16281120851635933e-03
-6.68448805809020996e-02
1.00536141544580460e-02
6.65090829133987427e-02
-5.31404428184032440e-02
4.63634915649890900e-02
-1.07710182666778564e-01
-2.54108794033527374e-02
8.89916121959686279e-02
-7.53441751003265381e-02
-1.32961258292198181e-01
-7.70477764308452606e-03
1.47430431097745895e-02
6.88926875591278076e-02
1.22707979753613472e-02
7.75709673762321472e-02
7.60136842727661133e-02
-6.78486526012420654e-02
-4.74271737039089203e-02
4.42412048578262329e-02
2.67744679003953934e-02
2.12498102337121964e-02
-5.43884746730327606e-02
3.20424772799015045e-02
-6.78398385643959045e-02
8.93870890140533447e-02
8.69457051157951355e-02
1.04051619768142700e-01
5.05346171557903290e-02
1.13346409052610397e-02
-5.77151589095592499e-02
-4.20946404337882996e-02
-3.71485911309719086e-02
-3.55703309178352356e-02
2.67918035387992859e-02
9.93978679180145264e-02
-7.69142210483551025e-02
-1.19122304022312164e-01
8.64277333021163940e-02
-3.14505696296691895e-02
-1.37004638090729713e-02
1.45223019644618034e-02
3.89445610344409943e-02
3.00246607512235641e-02
6.25970587134361267e-02
-7.07915127277374268e-02
-5.28579019010066986e-02
2.26701726205646992e-03
8.72594397515058517e-03
8.09946805238723755e-02
-3.49940499290823936e-03
3.45184132456779480e-02
-8.70536640286445618e-03
2.06236299127340317e-02
-3.88564951717853546e-02
1.47382058203220367e-02
-1.79741997271776199e-02
-6.20413832366466522e-02
6.89532309770584106e-02
1.31502142176032066e-02
3.23396697640419006e-02
-2.20111738890409470e-02
-2.20017079263925552e-02
-6.63097947835922241e-02
4.47643734514713287e-03
3.11797461472451687e-03
-3.53567935526371002e-02
3.59230265021324158e-02
-8.32931995391845703e-02
5.04363551735877991e-02
1.07590835541486740e-02
-8.00319667905569077e-03
5.59086017310619354e-02
-3.23703922331333160e-02
9.66721177101135254e-02
-3.08340229094028473e-02
-4.28823642432689667e-02
-2.44525540620088577e-02
-3.07066948153078556e-03
3.87373790144920349e-02
-1.14222895354032516e-02
5.07517904043197632e-03
4.09230142831802368e-02
-1.31717789918184280e-02
-6.95933550596237183e-02
-4.38810065388679504e-02
7.23988786339759827e-02
-5.29895536601543427e-02
-3.63372974097728729e-02
4.64875511825084686e-02
-3.53868156671524048e-02
-4.93776723742485046e-02
-1.07672000303864479e-02
3.60680110752582550e-02
1.13073736429214478e-01
-8.00609439611434937e-02
3.70463877916336060e-02
-8.09248089790344238e-02
6.06881417334079742e-02
-1.51371369138360023e-02
6.70178085565567017e-02
-7.73217305541038513e-02
1.16987057030200958e-01
-3.10970377177000046e-02
-3.87043133378028870e-02
-2.92839594185352325e-02
-1.92390233278274536e-02
4.90735284984111786e-02
-8.90087783336639404e-02
2.88861338049173355e-02
5.75794614851474762e-02
5.87643459439277649e-02
-5.54045401513576508e-02
-4.73497770726680756e-02
-8.55270102620124817e-02
-9.97407883405685425e-02
-9.00095403194427490e-02
7.33918622136116028e-02
6.92566037178039551e-02
-6.49954602122306824e-02
9.82473194599151611e-02
-2.28026658296585083e-02
-1.50974784046411514e-02
-8.84911343455314636e-02
-6.37880712747573853e-02
2.30406075716018677e-02
-1.96948032826185226e-02
8.85210111737251282e-02
4.14074547588825226e-02
2.61565223336219788e-02
1.76564939320087433e-02
-3.14245522022247314e-02
-1.82037707418203354e-02
2.03379094600677490e-02
-2.64489669352769852e-02
-8.39389711618423462e-02
-1.02086111903190613e-01
-4.62602376937866211e-02
-9.41489730030298233e-03
-1.34302139282226562e-01
2.70242039114236832e-02
8.74979496002197266e-02
-8.00247415900230408e-02
-6.20658732950687408e-02
-2.71476525813341141e-03
3.70364375412464142e-02
7.21913352608680725e-02
-5.96199333667755127e-02
-3.11607848852872849e-02
7.87412375211715698e-02
5.37434332072734833e-02
-1.33001254871487617e-02
-6.78317397832870483e-02
-4.39381189644336700e-02
-1.77358090877532959e-02
9.14618223905563354e-02
-2.74893529713153839e-02
-7.19532221555709839e-02
7.41202151402831078e-03
-7.38265886902809143e-02
1.05804249644279480e-01
-2.46913656592369080e-02
5.42700383812189102e-03
-1.02535583078861237e-01
-5.32792098820209503e-02
6.48956894874572754e-02
2.26256716996431351e-03
-7.82484933733940125e-02
-4.34524752199649811e-02
-1.04199144989252090e-02
-3.23283858597278595e-03
8.19499120116233826e-02
-1.31408264860510826e-02
3.04967220872640610e-02
1.93855557590723038e-02
3.80808785557746887e-02
-2.70030852407217026e-02
4.90371361374855042e-02
5.55380918085575104e-02
8.42199623584747314e-02
-3.79910413175821304e-03
8.21615234017372131e-02
-2.45268307626247406e-02
1.56201804056763649e-02
-7.21203759312629700e-02
5.45359365642070770e-02
4.02579903602600098e-02
7.01451599597930908e-02
-7.99803957343101501e-02
-3.84673550724983215e-02
-5.53306117653846741e-02
4.14925701916217804e-02
5.20345680415630341e-02
-1.87602713704109192e-02
-4.67680254951119423e-03
-4.74080145359039307e-02
-1.05095461010932922e-01
6.52257651090621948e-02
-8.62250663340091705e-03
1.02104559540748596e-01
-2.74337492883205414e-02
-4.24620769917964935e-02
-9.70681831240653992e-02
-4.39598523080348969e-02
-7.79487267136573792e-02
9.61229130625724792e-02
-7.25067630410194397e-02
5.04650771617889404e-02
4.63318303227424622e-02
-6.47587254643440247e-02
-6.05856180191040039e-02
-5.54415769875049591e-02
1.63805298507213593e-02
1.00494936108589172e-01
3.69625575840473175e-02
-2.29110438376665115e-02
9.14377644658088684e-02
8.22761431336402893e-02
1.83173771947622299e-02
1.26380957663059235e-02
1.79353263229131699e-02
-1.37986969202756882e-02
-2.73058898746967316e-02
5.53772673010826111e-02
1.68085265904664993e-02
4.50181849300861359e-02
-2.43361089378595352e-02
-2.61801257729530334e-02
4.30126674473285675e-02
-1.07349403202533722e-01
-2.18467097729444504e-02
1.03020288050174713e-01
-3.62407676875591278e-02
-1.78171005100011826e-02
-7.19458758831024170e-02
-2.52045840024948120e-02
4.62749134749174118e-03
-1.37248318642377853e-02
-5.62715716660022736e-02
7.80163630843162537e-02
6.20005764067173004e-02
-4.93212081491947174e-02
1.05191096663475037e-02
1.41505179926753044e-02
1.28163304179906845e-02
9.09242033958435059e-03
2.19004508107900620e-03
-4.47805598378181458e-02
3.26904095709323883e-02
7.19803422689437866e-02
6.42486140131950378e-02
-6.10783398151397705e-02
-3.22833880782127380e-02
-4.66681942343711853e-02
6.95289969444274902e-02
-3.33371534943580627e-02
-1.39444041997194290e-02
-4.81260828673839569e-02
3.82263492792844772e-03
-1.38593120500445366e-02
-3.95945739001035690e-03
-3.22928689420223236e-02
3.97919304668903351e-02
2.81487405300140381e-03
8.05461406707763672e-02
-3.06156557053327560e-02
-4.99242134392261505e-02
-5.25587052106857300e-02
8.46888348460197449e-02
-2.90180146694183350e-02
-6.14089183509349823e-02
7.34585300087928772e-02
2.98060793429613113e-02
6.76224306225776672e-02
4.30836528539657593e-02
-5.83749674260616302e-02
1.15501089021563530e-02
2.60936119593679905e-03
-4.06041555106639862e-03
-7.40460446104407310e-03
-8.41047987341880798e-02
-7.92303532361984253e-02
-4.21060621738433838e-02
3.58656905591487885e-02
-5.88489510118961334e-02
-7.27716088294982910e-02
3.97273302078247070e-02
-2.59316414594650269e-02
2.10621599107980728e-02
9.13877561688423157e-02
-3.23977768421173096e-02
1.89793575555086136e-02
-5.56551329791545868e-02
5.67009709775447845e-02
-1.07649369165301323e-02
8.73440355062484741e-02
1.07517980039119720e-01
4.54226806759834290e-02
1.29318954423069954e-02
-2.46643973514437675e-03
6.73992410302162170e-02
-5.05453012883663177e-02
1.21790971606969833e-02
1.09282225370407104e-01
8.53012129664421082e-02
-2.80232094228267670e-02
-3.40907312929630280e-02
-4.32159230113029480e-02
1.02666057646274567e-01
-6.44079148769378662e-02
7.47978463768959045e-02
-3.29159833490848541e-02
-7.94249475002288818e-02
3.27961929142475128e-02
6.74047693610191345e-02
-8.01527053117752075e-02
-8.01353529095649719e-03
-5.99477663636207581e-02
7.58943194523453712e-03
2.47335378080606461e-02
-5.25086596608161926e-02
7.20945522189140320e-02
-3.16779203712940216e-02
3.45097780227661133e-02
-4.59607802331447601e-02
-4.00366969406604767e-02
1.82613842189311981e-02
-1.03693537414073944e-01
-8.86996090412139893e-02
-8.35748538374900818e-02
5.61026185750961304e-02
8.69501307606697083e-02
1.89913455396890640e-02
3.67225222289562225e-02
-1.08780898153781891e-02
2.44560651481151581e-02
6.30463333800435066e-03
-7.93797373771667480e-02
-4.83184047043323517e-02
4.85641248524188995e-02
-8.82866680622100830e-02
-9.15471911430358887e-02
1.10990472137928009e-01
6.32987394928932190e-02
1.04341041296720505e-02
2.32027657330036163e-02
2.53779366612434387e-02
-4.92266379296779633e-02
4.80400659143924713e-02
3.11883296817541122e-02
3.23603786528110504e-02
-8.63799452781677246e-02
1.10804550349712372e-02
-6.92955291015096009e-05
-5.13732992112636566e-02
6.21041543781757355e-02
-5.63349351286888123e-02
-1.64223052561283112e-02
6.05331845581531525e-02
6.51443675160408020e-02
9.41843539476394653e-02
4.72695790231227875e-02
-7.56033435463905334e-02
6.83156028389930725e-02
5.71131668984889984e-02
3.21094281971454620e-02
-1.95853244513273239e-02
-2.55181565880775452e-02
-1.19796119630336761e-01
-7.26549327373504639e-02
5.57580031454563141e-02
-3.25028151273727417e-02
8.91972184181213379e-02
-3.73458750545978546e-02
7.97616317868232727e-02
5.10581806302070618e-02
-1.13059394061565399e-02
-3.81873324513435364e-02
-1.77622623741626740e-02
-7.84706994891166687e-02
1.23252188786864281e-02
-3.81602719426155090e-02
1.15946894511580467e-02
4.87289465963840485e-02
-4.11965064704418182e-02
1.19674853980541229e-01
-4.76985983550548553e-02
6.28997236490249634e-02
1.67916286736726761e-02
6.94013992324471474e-03
8.38247761130332947e-02
-6.51674643158912659e-02
6.83873444795608521e-02
1.86333283782005310e-02
-4.74637933075428009e-02
7.37498030066490173e-02
4.03627045452594757e-02
-1.58114358782768250e-02
9.01971198618412018e-03
-2.92137749493122101e-02
-8.49838629364967346e-02
-8.15905556082725525e-02
4.99770194292068481e-02
8.16459953784942627e-03
-6.72016590833663940e-02
2.15212646871805191e-02
1.12319722771644592e-01
3.54115874506533146e-03
-5.06807528436183929e-02
1.92527975887060165e-02
-8.97684227675199509e-03
3.27958390116691589e-02
-1.00887686014175415e-01
-8.07215943932533264e-02
-7.25242635235190392e-03
-3.83788682520389557e-02
1.93529482930898666e-02
3.74095253646373749e-02
-3.01976781338453293e-03
7.64587149024009705e-02
-5.25199919939041138e-02
7.17144310474395752e-02
-1.90753079950809479e-02
7.12768360972404480e-02
-7.90469720959663391e-02
4.04729768633842468e-02
6.66897371411323547e-02
4.98897433280944824e-02
1.23581308871507645e-02
8.58769714832305908e-02
-2.47132368385791779e-02
6.37505261693149805e-04
-5.95782995223999023e-02
1.10792510211467743e-01
-2.23380643874406815e-02
-1.19540333747863770e-01
-9.61761362850666046e-03
-9.08221304416656494e-02
-8.28894153237342834e-02
2.27170102298259735e-02
3.58406379818916321e-02
9.79319214820861816e-02
6.71721845865249634e-02
-7.54610374569892883e-02
6.01701363921165466e-02
-5.63855655491352081e-02
4.98508661985397339e-02
8.61488133668899536e-02
-1.49521394632756710e-03
1.02794514968991280e-02
1.85341034084558487e-02
7.90874063968658447e-02
1.40777211636304855e-02
-7.90557824075222015e-03
2.49304575845599174e-03
6.46433606743812561e-02
-6.01638071238994598e-02
-2.56500113755464554e-02
5.76566606760025024e-02
-4.73448960110545158e-03
6.17338605225086212e-02
-6.50139227509498596e-02
-7.06807896494865417e-02
8.15003067255020142e-02
-1.25233992934226990e-01
-4.20999564230442047e-02
-1.96083029732108116e-03
-6.21579103171825409e-02
9.76255685091018677e-02
-4.17841002345085144e-02
-5.25007816031575203e-03
5.83311431109905243e-02
-6.74191713333129883e-02
-7.19617679715156555e-02
8.45144910272210836e-04
-1.58154312521219254e-02
6.21749088168144226e-02
-9.47027355432510376e-02
-1.12744048237800598e-01
1.08205497264862061e-01
-5.85319697856903076e-02
-7.68467187881469727e-02
-2.28018928319215775e-02
5.14371432363986969e-02
7.70929679274559021e-02
-8.30473378300666809e-02
-2.61371321976184845e-02
6.06042966246604919e-02
7.54536315798759460e-02
-6.42999832052737474e-04
6.42350912094116211e-02
-6.66437447071075439e-02
-5.22576197981834412e-02
7.94553160667419434e-02
3.64258140325546265e-03
-4.31651845574378967e-02
6.47313967347145081e-02
3.83110158145427704e-02
5.63449375331401825e-02
-7.95840024948120117e-02
-3.77933867275714874e-02
-4.34178253635764122e-03
7.34374001622200012e-02
-2.90649514645338058e-02
1.98246855288743973e-02
7.92187675833702087e-02
2.60658059269189835e-02
-3.76120880246162415e-02
3.03938407450914383e-02
-6.92730769515037537e-02
-2.04248800873756409e-02
6.10403008759021759e-02
-9.80766043066978455e-02
-7.27930152788758278e-03
-2.97576561570167542e-02
2.00176313519477844e-02
6.88217282295227051e-02
-6.93059846526011825e-05
2.56303139030933380e-03
-6.04064650833606720e-02
3.61011289060115814e-02
1.65377762168645859e-02
-7.81429484486579895e-02
1.06415280606597662e-03
1.20983272790908813e-02
5.82267418503761292e-02
3.91588313505053520e-03
3.02642323076725006e-02
8.08871090412139893e-02
-8.39506760239601135e-02
6.51985108852386475e-02
-9.26597565412521362e-02
-6.03178367018699646e-02
7.03603476285934448e-02
-3.26037034392356873e-02
1.17594189941883087e-01
-6.34124875068664551e-02
-7.02632442116737366e-02
-1.27266263589262962e-02
6.38751983642578125e-02
-1.05764875188469887e-02
5.50183951854705811e-02
-1.48531254380941391e-02
9.40612182021141052e-02
-6.23038634657859802e-02
7.43771865963935852e-02
8.19215327501296997e-02
5.04908747971057892e-02
-1.32565740495920181e-02
9.36707574874162674e-03
1.59569922834634781e-02
2.70996503531932831e-02
-2.11902856826782227e-02
5.86500242352485657e-02
4.94664199650287628e-02
1.85961313545703888e-02
6.79378658533096313e-02
-2.31501013040542603e-02
3.29359360039234161e-02
7.94430598616600037e-02
-2.11610253900289536e-02
-1.88938025385141373e-02
-4.05455529689788818e-02
-1.90025586634874344e-02
7.36215105280280113e-03
-4.70598861575126648e-02
2.52995472401380539e-02
5.76112940907478333e-02
-4.08217608928680420e-02
5.78122809529304504e-02
-8.75092446804046631e-02
-1.02051943540573120e-02
9.76825058460235596e-02
3.77918481826782227e-02
9.42072272300720215e-03
-2.84094153903424740e-03
-1.57075524330139160e-02
4.85104061663150787e-02
3.94532643258571625e-02
4.99968081712722778e-02
2.99127064645290375e-02
-6.01403638720512390e-02
5.36184497177600861e-02
-7.36221820116043091e-02
8.25817510485649109e-02
5.34296035766601562e-03
-5.24268671870231628e-02
8.20201784372329712e-02
-7.52922818064689636e-02
-1.97833180427551270e-02
-3.33314053714275360e-02
-1.02244272828102112e-01
-2.72373110055923462e-03
-2.29530129581689835e-02
6.33267983794212341e-02
-3.26337777078151703e-02
1.20380129665136337e-02
1.90226323902606964e-02
3.99195626378059387e-02
7.42588341236114502e-02
-4.78489585220813751e-02
-9.81831829994916916e-03
-7.12954029440879822e-02
5.65250888466835022e-02
4.10695374011993408e-02
3.32164019346237183e-02
4.78417985141277313e-02
5.93233071267604828e-02
-8.82416591048240662e-02
-6.49869535118341446e-03
-8.68664011359214783e-02
-4.54667693702504039e-04
2.90056858211755753e-02
-5.29764033854007721e-02
-9.09694433212280273e-02
-7.82236382365226746e-02
-4.27997410297393799e-02
5.36304228007793427e-02
1.92580129951238632e-02
-1.14744767546653748e-01
3.37258987128734589e-02
6.29729405045509338e-02
-8.30220133066177368e-02
1.94946173578500748e-02
5.84593899548053741e-02
-5.11169470846652985e-02
-8.11520442366600037e-02
-3.47112603485584259e-02
1.87930576503276825e-02
6.72280564904212952e-02
2.71424627862870693e-03
-1.50934718549251556e-02
-7.62690082192420959e-02
-1.68567765504121780e-02
-2.98688616603612900e-02
8.68476703763008118e-02
-5.65948970615863800e-02
-3.11718992888927460e-02
7.55632296204566956e-02
-2.43779569864273071e-02
6.38051405549049377e-02
-4.88427542150020599e-02
-1.57263278961181641e-02
-1.85005739331245422e-02
-5.52243143320083618e-02
-7.14865848422050476e-02
-1.08412072062492371e-01
-9.08541679382324219e-02
4.80562299489974976e-02
2.11299844086170197e-02
4.96589280664920807e-02
-4.98924124985933304e-03
-1.10122477635741234e-02
6.98950663208961487e-02
-6.04116171598434448e-02
-6.14873506128787994e-02
9.75923091173171997e-02
-1.20529547333717346e-01
2.63169705867767334e-02
1.55455935746431351e-02
3.06540895253419876e-02
2.15700510889291763e-02
1.66709758341312408e-02
-3.70883159339427948e-02
-1.69345885515213013e-02
4.88888993859291077e-02
1.55932083725929260e-02
-6.28572702407836914e-02
-8.53077992796897888e-02
1.63263501599431038e-03
-1.22661860659718513e-02
-3.37606365792453289e-03
-6.13595247268676758e-02
1.39706674963235855e-02
5.18436208367347717e-02
-6.20450126007199287e-03
1.13312929868698120e-01
9.51410457491874695e-02
-3.12386937439441681e-02
3.78831773996353149e-02
1.03258099406957626e-02
3.05769965052604675e-02
5.91544061899185181e-02
1.30171269178390503e-01
7.38082155585289001e-02
-1.18238572031259537e-02
1.86769459396600723e-02
-1.27565534785389900e-02
4.44957129657268524e-02
7.98939391970634460e-02
6.40369504690170288e-02
1.20240403339266777e-02
-2.56074424833059311e-02
5.48123568296432495e-02
-4.79366667568683624e-02
6.42379447817802429e-02
-8.07093828916549683e-03
7.53210633993148804e-02
3.47564220428466797e-02
3.89760849066078663e-03
-1.42572270706295967e-02
-7.36498981714248657e-02
-9.95880216360092163e-02
-1.04259990155696869e-01
7.22485175356268883e-03
-6.34750798344612122e-02
-1.05186020955443382e-02
-5.61328120529651642e-02
3.28055247664451599e-02
-1.50204198434948921e-02
2.41125319153070450e-02
8.31020530313253403e-03
6.11873902380466461e-02
-1.53531124815344810e-02
6.64756894111633301e-02
4.96543534100055695e-02
9.22570843249559402e-03
9.01861339807510376e-02
5.26622161269187927e-02
1.10907461494207382e-02
-1.09087742865085602e-01
1.46450772881507874e-02
-9.45424586534500122e-02
2.37074550241231918e-02
2.30196043848991394e-02
-8.88178125023841858e-02
5.58966072276234627e-03
-7.86397159099578857e-02
-8.74183326959609985e-02
-8.08797962963581085e-03
-4.72996532917022705e-02
2.11990345269441605e-02
-9.63016599416732788e-03
7.49073252081871033e-02
5.73439374566078186e-02
9.59197431802749634e-02
-1.65145415812730789e-02
-5.33634144812822342e-03
-2.66082137823104858e-02
-7.37976133823394775e-02
-7.78167322278022766e-02
-4.33464758098125458e-02
2.98793334513902664e-02
2.91683115065097809e-02
-1.23083451762795448e-02
-3.18926833570003510e-02
-7.04281032085418701e-02
4.22343388199806213e-02
4.54840101301670074e-02
3.71676906943321228e-02
2.68749445676803589e-02
5.79893290996551514e-02
-2.17324867844581604e-02
8.73342230916023254e-02
-9.80837345123291016e-02
-4.92791309952735901e-02
6.38534352183341980e-02
9.97364297509193420e-02
-4.57325801253318787e-02
4.63609360158443451e-02
7.04511553049087524e-02
-1.39863137155771255e-02
-2.82997358590364456e-02
-3.23237068951129913e-02
-1.06157446280121803e-02
-6.65528401732444763e-02
-7.13796168565750122e-02
-6.95417150855064392e-02
5.90309761464595795e-02
-3.69929568842053413e-03
8.24794769287109375e-02
2.49200090765953064e-02
-4.10212352871894836e-02
-6.84076026082038879e-02
-3.72645296156406403e-02
9.04291197657585144e-02
2.63619795441627502e-02
-7.53538310527801514e-02
-6.34511336684226990e-02
-1.62257757037878036e-02
-4.08328287303447723e-02
5.51699064671993256e-02
-7.72128552198410034e-02
1.23488688841462135e-02
1.45660834386944771e-02
-1.06549814343452454e-01
5.15572875738143921e-02
-2.31272652745246887e-02
-8.76126363873481750e-02
-4.92985360324382782e-02
-8.82437825202941895e-03
-8.30266550183296204e-02
-4.79040667414665222e-02
1.48052424192428589e-02
-5.47912195324897766e-02
9.62890237569808960e-02
-6.38142377138137817e-02
5.15762194991111755e-02
-1.15266628563404083e-02
5.62446974217891693e-02
5.88562004268169403e-02
4.58800569176673889e-02
1.99413318186998367e-02
1.07198677957057953e-01
1.20053641498088837e-01
-4.15116874501109123e-03
-1.00936248898506165e-01
1.39265611767768860e-01
-8.32276977598667145e-03
-7.10073933005332947e-02
4.45507913827896118e-02
1.23504353687167168e-02
-5.40520176291465759e-02
3.40264141559600830e-02
3.25908586382865906e-02
-4.49988581240177155e-02
-5.42541593313217163e-02
5.04754036664962769e-02
-3.45998257398605347e-02
-7.27450251579284668e-02
5.61079680919647217e-02
3.24035622179508209e-02
-4.31074053049087524e-02
7.48272147029638290e-03
-8.70824381709098816e-02
4.20920215547084808e-02
-5.89447580277919769e-02
-8.73418822884559631e-02
-2.52808872610330582e-02
1.02759273722767830e-02
5.12516908347606659e-02
-7.63408243656158447e-02
-6.22582361102104187e-02
1.87660586088895798e-02
-1.47682176902890205e-02
3.23202274739742279e-02
-5.23164793848991394e-02
-1.46172391250729561e-02
-1.71416793018579483e-02
-8.70064944028854370e-02
5.11681213974952698e-02
-5.64488619565963745e-02
1.10430642962455750e-01
5.12483641505241394e-02
1.85232404619455338e-02
3.67541722953319550e-02
8.85873939841985703e-03
-7.77023360133171082e-02
-4.36782836914062500e-02
2.63822395354509354e-02
9.41965542733669281e-03
-2.98999454826116562e-02
-6.76495358347892761e-02
2.96856835484504700e-02
-3.49675305187702179e-02
-7.00284540653228760e-02
-2.76633277535438538e-02
-8.08810219168663025e-02
4.41788556054234505e-03
-2.25526969879865646e-02
6.78750202059745789e-02
-5.30784390866756439e-02
6.55498206615447998e-02
-3.27760688960552216e-02
-7.14838430285453796e-02
7.03726634383201599e-02
-3.36489267647266388e-02
-7.92536586523056030e-02
4.59366850554943085e-02
3.34904640913009644e-02
3.48328165709972382e-02
-2.38354448229074478e-02
6.26813247799873352e-02
3.17653007805347443e-02
3.19263413548469543e-02
1.07127644121646881e-01
-2.81659271568059921e-02
1.13347889855504036e-02
4.57000471651554108e-02
-5.46611361205577850e-02
-4.16158698499202728e-02
1.08065761625766754e-01
5.25682345032691956e-02
8.37964788079261780e-02
-8.42273011803627014e-02
4.93847541511058807e-02
-2.47332379221916199e-02
1.03904083371162415e-01
-4.16553067043423653e-03
1.03021401446312666e-03
1.08493983745574951e-01
-4.17360402643680573e-02
8.55205506086349487e-02
3.57272326946258545e-02
-7.26442262530326843e-02
4.50917184352874756e-02
-1.89583264291286469e-02
-1.35983983054757118e-02
-5.84526173770427704e-02
-8.78221318125724792e-02
1.41327409073710442e-02
-6.42466358840465546e-04
-5.08335866034030914e-02
-2.45276112109422684e-02
-2.45582833886146545e-02
2.59036123752593994e-02
-2.96802073717117310e-02
-5.84817640483379364e-02
-7.52332508563995361e-02
7.04881027340888977e-02
-8.41835960745811462e-02
-2.37981346435844898e-03
2.56483722478151321e-03
-8.67373868823051453e-02
-3.59109453856945038e-02
6.32307007908821106e-02
-5.44809438288211823e-02
5.05784377455711365e-02
-1.45526090636849403e-02
-3.51311154663562775e-02
-6.11886233091354370e-02
6.89980387687683105e-02
-1.24370515346527100e-01
-7.93504714965820312e-02
8.12335964292287827e-03
4.70567196607589722e-02
-1.07676208019256592e-01
-7.70165324211120605e-02
-1.61633305251598358e-02
5.91740757226943970e-02
7.35614895820617676e-02
8.44462886452674866e-02
-1.66237354278564453e-02
2.18852180987596512e-02
-9.21479798853397369e-03
6.57800287008285522e-02
-8.50549414753913879e-02
-3.99360992014408112e-02
6.73554018139839172e-02
2.10312809795141220e-02
5.50754033029079437e-02
-9.55024212598800659e-02
2.47183982282876968e-02
-6.67263641953468323e-02
1.12936608493328094e-02
5.77110573649406433e-02
-1.10777005553245544e-01
9.66252014040946960e-03
-1.58975161612033844e-02
-5.24608902633190155e-02
9.07107144594192505e-02
2.39756908267736435e-02
-4.50416877865791321e-02
9.53778997063636780e-02
2.45161907514557242e-04
2.24235113710165024e-02
-4.09600883722305298e-02
-4.75368909537792206e-02
4.32524308562278748e-02
-9.44502651691436768e-02
3.26358936727046967e-02
1.10147207975387573e-01
6.38847872614860535e-02
3.14547158777713776e-02
-1.62471439689397812e-02
-2.56577897816896439e-02
4.34341169893741608e-02
2.02700728550553322e-03
2.02590655535459518e-02
-6.18364661931991577e-02
-5.16918748617172241e-02
-2.08216551691293716e-02
8.46585556864738464e-02
8.55743512511253357e-02
6.23842105269432068e-02
-6.27761557698249817e-02
1.05495817959308624e-01
5.21858632564544678e-02
-5.32579049468040466e-02
5.52436597645282745e-02
8.74833166599273682e-02
-1.38578163459897041e-02
4.20549847185611725e-02
-1.38991661369800568e-02
9.58211719989776611e-02
1.16533592343330383e-01
5.38574252277612686e-03
1.09165534377098083e-01
1.52265056967735291e-02
-4.86181527376174927e-02
5.87336346507072449e-02
1.10768422484397888e-01
-1.92103686276823282e-03
3.86315360665321350e-02
8.04427787661552429e-02
1.31927151232957840e-02
7.83816128969192505e-02
1.96205154061317444e-02
1.08492011204361916e-02
6.94739073514938354e-02
-5.17696887254714966e-02
-3.54790650308132172e-02
1.12379468977451324e-01
-1.61021389067173004e-02
6.87245372682809830e-03
-7.21221342682838440e-02
-8.99607390165328979e-02
4.34751212596893311e-02
-4.63558174669742584e-02
-1.43724132794886827e-03
6.02815039455890656e-02
8.68260189890861511e-02
1.06737734749913216e-02
-7.76382982730865479e-02
-3.38558130897581577e-03
-6.11659958958625793e-02
4.64765541255474091e-02
-2.65760812908411026e-02
9.14377123117446899e-02
-7.02724829316139221e-02
5.38608618080615997e-02
-8.27156454324722290e-02
-5.67167624831199646e-02
7.02681392431259155e-02
-9.21227484941482544e-02
-2.44892593473196030e-02
-1.19045823812484741e-02
7.41214007139205933e-02
-1.31153240799903870e-02
-4.44079898297786713e-02
1.74203030765056610e-02
2.87825316190719604e-02
-4.43329177796840668e-02
1.68645307421684265e-02
-7.94829800724983215e-02
-3.58319245278835297e-02
-7.17971399426460266e-02
4.72888862714171410e-03
1.07014827430248260e-01
-4.29115518927574158e-02
-2.48594880104064941e-02
-5.50622306764125824e-02
3.81913036108016968e-02
-6.62927478551864624e-02
-5.01345060765743256e-02
5.41674569249153137e-02
-3.81332188844680786e-02
7.11383000016212463e-02
-1.71359367668628693e-02
4.03772946447134018e-03
4.74728569388389587e-02
2.90747229009866714e-02
8.31138249486684799e-03
-1.60295329988002777e-02
8.25994014739990234e-02
-1.46775152534246445e-02
4.61838804185390472e-02
-1.67892165482044220e-02
-2.60790865868330002e-02
5.43994158506393433e-02
-2.80798692256212234e-02
-6.70669376850128174e-02
8.32050144672393799e-02
-1.02593198418617249e-01
8.57036784291267395e-02
-7.60385170578956604e-02
-6.80281147360801697e-02
9.03264135122299194e-02
5.99699504673480988e-02
2.71322075277566910e-02
-2.40999236702919006e-02
-3.40957753360271454e-02
4.04686760157346725e-03
6.04296065866947174e-02
-4.91023212671279907e-02
-5.00172153115272522e-02
-3.79449874162673950e-02
8.52891206741333008e-02
-6.00602477788925171e-03
-3.94154600799083710e-02
3.96564863622188568e-02
-7.87872180808335543e-04
4.83148582279682159e-02
-7.71094579249620438e-03
9.32410918176174164e-03
-1.26863690093159676e-02
9.52353179454803467e-02
4.72197681665420532e-02
-1.96603853255510330e-02
-2.87022385746240616e-02
-2.80805435031652451e-02
-5.37112131714820862e-02
2.48472914099693298e-02
-5.67491464316844940e-02
3.23861241340637207e-02
-1.01706191897392273e-01
2.04580780118703842e-02
-6.22087977826595306e-02
1.06721572577953339e-01
-3.76610308885574341e-02
6.60215690732002258e-03
-7.18213096261024475e-02
-3.48511636257171631e-02
8.47367718815803528e-02
7.34274983406066895e-02
-4.49897572398185730e-02
6.59462735056877136e-02
-7.00353353749960661e-04
1.11852914094924927e-01
2.14784853160381317e-02
-2.48202551156282425e-02
4.74605709314346313e-02
7.12500810623168945e-02
-5.08765876293182373e-02
-1.41077805310487747e-02
1.04220278561115265e-01
3.63758280873298645e-02
-5.78102543950080872e-02
-3.03894896060228348e-02
3.83898764848709106e-02
-1.57558284699916840e-02
-5.89448027312755585e-02
-2.73005310446023941e-02
9.78726148605346680e-02
-5.62547659501433372e-03
-8.72666686773300171e-02
7.55951320752501488e-03
5.15600852668285370e-02
6.58683255314826965e-02
-2.67640706151723862e-02
4.92187030613422394e-02
-4.07410040497779846e-02
2.62703429907560349e-02
1.64671037346124649e-02
-3.57278659939765930e-02
-5.56103587150573730e-02
-7.42953866720199585e-02
-6.67538121342658997e-02
-6.10208287835121155e-02
-4.93309646844863892e-02
-1.62665173411369324e-02
2.62745842337608337e-02
1.41953034326434135e-02
6.99678212404251099e-02
8.96316841244697571e-02
2.86376047879457474e-02
-1.42435645684599876e-02
-1.43916374072432518e-02
1.09074426291044801e-04
3.40741090476512909e-02
4.02687862515449524e-02
9.05680954456329346e-02
3.00947949290275574e-02
2.50692833214998245e-02
-4.39272038638591766e-02
-6.82832747697830200e-02
-2.30182497762143612e-03
4.52712140977382660e-02
-7.24719790741801262e-03
3.97825092077255249e-02
-9.71586704254150391e-02
4.57829795777797699e-02
-9.23968292772769928e-03
-2.16596722602844238e-02
-4.39845882356166840e-02
6.29280088469386101e-03
3.47296483814716339e-02
6.67296573519706726e-02
-6.94705322384834290e-02
3.72053161263465881e-02
-4.87975180149078369e-02
3.28535512089729309e-02
8.20380523800849915e-02
3.34330014884471893e-02
5.65693899989128113e-02
-5.04191108047962189e-02
3.34294550120830536e-02
-6.30289912223815918e-02
2.62166615575551987e-02
-2.10142023861408234e-02
5.07985837757587433e-02
1.79226733744144440e-02
4.20156978070735931e-02
7.62764886021614075e-02
-5.45305944979190826e-03
-7.13974609971046448e-02
-1.05364923365414143e-03
8.92158821225166321e-02
-6.69056028127670288e-02
-8.05858522653579712e-02
1.85127034783363342e-02
-9.21232700347900391e-02
1.34735301136970520e-01
-6.87426999211311340e-02
7.52626284956932068e-02
-6.53836578130722046e-02
-1.13725541159510612e-02
4.87718591466546059e-03
6.00780844688415527e-02
-1.57805457711219788e-02
8.31739008426666260e-02
-2.40528229624032974e-02
9.87280905246734619e-02
-2.18312218785285950e-02
-7.72725418210029602e-02
4.87247630953788757e-02
5.69871738553047180e-02
2.09503676742315292e-02
6.19439370930194855e-02
7.80721232295036316e-02
5.45379109680652618e-02
6.30615428090095520e-02
4.99695688486099243e-02
1.40226539224386215e-02
7.38105252385139465e-02
7.38740935921669006e-02
-1.93097572773694992e-02
-8.71115103363990784e-02
1.12317455932497978e-02
5.87003193795681000e-02
-1.49852344766259193e-02
-4.22423742711544037e-02
-6.40994906425476074e-02
1.12659242004156113e-02
-9.86260920763015747e-02
7.67077729105949402e-02
2.24384739995002747e-02
-3.53983156383037567e-02
-2.87967547774314880e-02
-7.29534029960632324e-02
-5.55472597479820251e-02
-1.46814994513988495e-02
8.12582951039075851e-03
-8.13017226755619049e-03
2.40240292623639107e-03
-6.83621391654014587e-02
-1.15111045539379120e-01
-6.82177916169166565e-02
-1.60032119601964951e-02
-9.52948108315467834e-02
7.10645988583564758e-02
-4.35300655663013458e-02
-6.28942474722862244e-02
-2.25747432559728622e-02
-6.91093876957893372e-02
6.97745308279991150e-02
8.07788148522377014e-02
1.39799332246184349e-02
-6.81657716631889343e-02
2.42732204496860504e-02
-6.06466419994831085e-02
1.01864896714687347e-01
-8.90392158180475235e-03
-1.59338247030973434e-02
-1.97861939668655396e-02
6.36635720729827881e-02
3.49289760924875736e-03
-3.79490815103054047e-02
-4.43290174007415771e-02
-6.55199438333511353e-02
1.57576370984315872e-02
2.56102625280618668e-02
7.19174668192863464e-02
-4.05583856627345085e-03
2.24249251186847687e-03
-6.18448145687580109e-02
3.97258140146732330e-02
-1.15738231688737869e-02
-2.43469811975955963e-02
5.75976967811584473e-02
-4.03940118849277496e-02
-1.53300967067480087e-02
9.46700498461723328e-02
-6.56693056225776672e-02
-7.68937841057777405e-02
-2.95600667595863342e-02
7.68677741289138794e-02
-9.44398436695337296e-03
3.41544151306152344e-02
-2.02596951276063919e-02
4.40412573516368866e-02
5.10371960699558258e-02
-3.07283755391836166e-02
2.29559130966663361e-02
-1.15784227848052979e-01
-2.52244453877210617e-02
-1.07506878674030304e-01
3.28943366184830666e-03
-1.59656908363103867e-02
-1.43768107518553734e-02
-1.82497128844261169e-02
-4.12347242236137390e-02
1.97775010019540787e-02
-7.47688263654708862e-02
1.02340698242187500e-01
-3.76555994153022766e-02
1.76391412969678640e-03
-6.85663074254989624e-02
-1.08671009540557861e-01
-2.88211572915315628e-02
-6.19431361556053162e-02
-4.51523587107658386e-02
4.29372563958168030e-02
1.31777226924896240e-01
-6.06316030025482178e-02
8.10597315430641174e-02
1.75737328827381134e-02
5.71943372488021851e-02
-9.20886322855949402e-02
2.59843636304140091e-02
3.47553752362728119e-02
-3.56992743909358978e-02
3.48248220980167389e-02
-5.12389801442623138e-02
1.09851054847240448e-01
-4.11055982112884521e-02
-4.59280684590339661e-02
5.95961585640907288e-02
-6.73945201560854912e-03
5.41549474000930786e-02
4.40339138731360435e-03
5.91812729835510254e-02
-4.68958504498004913e-02
6.52616620063781738e-02
1.09057180583477020e-01
-1.39262184500694275e-01
-8.49744454026222229e-02
-8.01405757665634155e-02
-8.68134573101997375e-02
-8.11600685119628906e-03
8.10854211449623108e-02
-3.17748859524726868e-02
-5.50312250852584839e-02
-1.24582918360829353e-02
3.49564701318740845e-02
-7.25017348304390907e-03
-4.52712760306894779e-04
-3.86024862527847290e-02
4.23601316288113594e-03
-5.89809454977512360e-02
3.27362418174743652e-02
-2.19286140054464340e-02
7.29867815971374512e-02
-3.53263020515441895e-02
-1.97491925209760666e-02
1.76697671413421631e-02
-9.86378192901611328e-02
1.11433621495962143e-02
-4.63082455098628998e-02
4.42330203950405121e-02
3.79001945257186890e-02
4.64356094598770142e-02
-2.58193518966436386e-02
-1.47796180099248886e-02
4.21421080827713013e-02
2.01228372752666473e-02
1.96702685207128525e-02
-4.04926054179668427e-02
-2.29924600571393967e-02
-5.64726702868938446e-02
4.27826717495918274e-02
-2.80447304248809814e-02
8.48358422517776489e-02
-6.11169598996639252e-02
-6.91864490509033203e-02
-5.54243922233581543e-02
1.10627695918083191e-01
6.03407770395278931e-02
-9.70633178949356079e-02
1.36261479929089546e-02
-3.07513754814863205e-02
-4.59998697042465210e-02
-1.71771682798862457e-02
-1.21820869389921427e-03
5.31165674328804016e-02
-1.29733318462967873e-02
3.59796620905399323e-02
9.82505083084106445e-03
2.15965360403060913e-02
6.30891993641853333e-02
3.56299728155136108e-02
1.30144674330949783e-02
-3.45092639327049255e-02
8.68330001831054688e-02
9.66878235340118408e-02
-1.05382807552814484e-01
-5.47459954395890236e-03
-2.03735698014497757e-02
8.56919437646865845e-02
-5.93920536339282990e-02
6.98025226593017578e-02
2.38776728510856628e-02
8.29870104789733887e-02
-8.30612704157829285e-02
1.82073712348937988e-02
4.35269884765148163e-02
4.26285117864608765e-02
-1.28680532798171043e-02
-5.36980777978897095e-02
-1.50496466085314751e-02
-5.38146905601024628e-02
-4.49486710131168365e-02
-8.44332501292228699e-02
-2.00163666158914566e-02
-3.12550850212574005e-02
-4.06883023679256439e-02
-5.14476113021373749e-02
7.72363841533660889e-02
6.21711760759353638e-02
-3.33428233861923218e-02
-2.27693691849708557e-02
-7.65304639935493469e-02
-2.78383363038301468e-02
1.05560690164566040e-01
2.09559220820665359e-02
5.51443882286548615e-02
-7.54850134253501892e-02
9.04432535171508789e-02
-5.82859106361865997e-02
-2.86930147558450699e-02
1.68209504336118698e-02
-7.65183046460151672e-02
6.07515946030616760e-02
-3.11333741992712021e-02
-2.72493641823530197e-02
-1.53407398611307144e-02
-1.42744546756148338e-02
2.71409191191196442e-02
2.28732824325561523e-02
-8.56726914644241333e-02
1.70672181993722916e-02
6.56941607594490051e-02
-1.04295842349529266e-01
5.79696223139762878e-02
-4.68278378248214722e-02
2.73865684866905212e-02
-4.07346561551094055e-02
4.93793860077857971e-02
-7.16867530718445778e-03
-1.01211741566658020e-02
4.36580553650856018e-02
6.21823742985725403e-02
-4.65784482657909393e-02
9.13706570863723755e-02
-4.12781722843647003e-03
-8.32486599683761597e-02
-1.46353570744395256e-02
-3.58985289931297302e-02
-1.43305480480194092e-01
-6.61507397890090942e-02
-2.73366067558526993e-02
1.55976926907896996e-02
-7.40435272455215454e-02
8.33302438259124756e-02
5.00845946371555328e-02
-5.64374104142189026e-02
8.02261829376220703e-02
8.32884982228279114e-02
-5.06614670157432556e-02
8.62144157290458679e-02
9.10556390881538391e-02
8.56224745512008667e-02
-1.06524102389812469e-01
-9.14329942315816879e-03
3.19671332836151123e-02
1.27272270619869232e-02
2.98107471317052841e-02
-4.28151264786720276e-02
-2.84247025847434998e-02
-5.35120349377393723e-03
-5.04235252737998962e-02
-4.13824170827865601e-02
2.07398924976587296e-02
-7.00835585594177246e-02
-3.41813527047634125e-02
-4.88552227616310120e-02
-6.01367987692356110e-02
8.61668959259986877e-02
4.90220189094543457e-02
2.34594978392124176e-02
-1.45314168184995651e-02
2.55855787545442581e-02
-5.78635632991790771e-02
5.61681343242526054e-03
-5.73109798133373260e-02
-1.01904466748237610e-01
5.86326755583286285e-02
-8.49446207284927368e-02
5.93918822705745697e-02
2.98031661659479141e-02
9.20176357030868530e-02
-5.78016042709350586e-03
-4.59964349865913391e-02
4.11996953189373016e-02
2.34455652534961700e-02
-4.63286638259887695e-02
-1.79597586393356323e-02
2.70685069262981415e-02
1.04566253721714020e-02
-2.14098989963531494e-02
-2.79185269027948380e-02
2.81552560627460480e-02
6.81989118456840515e-02
2.80223675072193146e-02
7.86259546875953674e-02
4.72384504973888397e-02
6.60631582140922546e-02
-7.50649794936180115e-02
6.75267055630683899e-02
-8.24307277798652649e-02
1.18733244016766548e-03
9.17490944266319275e-02
2.63072550296783447e-03
4.77529689669609070e-02
-6.51073083281517029e-02
-2.97571327537298203e-02
4.98286150395870209e-02
-4.27401997148990631e-02
7.31985569000244141e-02
-9.14084445685148239e-03
-2.56317872554063797e-02
-8.14051106572151184e-02
5.88106215000152588e-02
-6.19302354753017426e-02
2.29364372789859772e-02
-4.73827980458736420e-02
4.44094762206077576e-02
-3.03355269134044647e-02
2.29282602667808533e-02
-8.18475559353828430e-02
2.85952053964138031e-02
3.16369091160595417e-03
3.12896817922592163e-02
1.24528653919696808e-01
1.04906663298606873e-01
-5.13396449387073517e-02
-4.18676026165485382e-02
-1.31841853726655245e-03
-5.09197786450386047e-02
-3.58136161230504513e-03
1.36910844594240189e-02
4.64210100471973419e-02
-4.05225977301597595e-02
9.57975760102272034e-02
-8.13845768570899963e-02
-2.56054867058992386e-02
5.76830282807350159e-02
-1.13101555034518242e-02
6.81592151522636414e-02
5.37665821611881256e-02
5.92991523444652557e-02
3.34487520158290863e-02
2.61394598055630922e-04
5.91834029182791710e-03
1.55544178560376167e-02
4.29364328738301992e-04
1.88041041838005185e-04
-2.58017536252737045e-02
-6.30901381373405457e-03
1.60258337855339050e-02
5.01508526504039764e-02
4.61861193180084229e-02
1.71771775931119919e-02
-7.51653611660003662e-02
-5.51951751112937927e-02
3.97530794143676758e-02
-1.12447448074817657e-01
6.33805319666862488e-02
1.83390751481056213e-02
3.58185507357120514e-02
-4.69400063157081604e-02
1.71343963593244553e-02
-3.96353080868721008e-02
8.44194442033767700e-02
-1.77500564604997635e-02
-4.08857464790344238e-02
3.01382690668106079e-02
1.26276072114706039e-02
-3.81897576153278351e-02
9.64508503675460815e-02
-3.06620094925165176e-02
-2.18992661684751511e-02
8.68330989032983780e-03
-1.34157568216323853e-01
-7.48173594474792480e-02
7.42874145507812500e-02
9.43426415324211121e-02
3.99378351867198944e-02
-3.56241278350353241e-02
-1.32155027240514755e-02
-1.03788465261459351e-01
2.04212907701730728e-02
-6.31535574793815613e-02
-3.26637141406536102e-02
7.59579017758369446e-02
7.78800919651985168e-02
-4.61811870336532593e-02
3.79181653261184692e-02
-6.11001960933208466e-02
-1.14056766033172607e-02
3.65687683224678040e-02
-5.46031147241592407e-02
6.32435977458953857e-02
4.50075939297676086e-02
1.84754952788352966e-02
3.76522019505500793e-02
9.18142199516296387e-02
2.86192446947097778e-02
6.23520016670227051e-02
-1.40218883752822876e-02
-5.51271252334117889e-03
-1.37534446548670530e-03
1.29819750785827637e-01
-8.70816409587860107e-02
3.21928597986698151e-02
5.72920367121696472e-02
-7.78641179203987122e-02
1.94424409419298172e-02
1.52344964444637299e-02
-6.48062899708747864e-02
6.19244277477264404e-02
2.11837571114301682e-02
-5.57629764080047607e-02
6.45944327116012573e-02
-4.03780229389667511e-02
8.01870599389076233e-02
8.30822959542274475e-02
-4.60964702069759369e-02
6.00909143686294556e-02
-2.65077278017997742e-02
7.16155543923377991e-02
3.37580330669879913e-02
-4.73478585481643677e-02
5.26933334767818451e-02
-8.93980078399181366e-03
-2.07024440169334412e-03
7.76325613260269165e-02
1.70137807726860046e-02
9.85122621059417725e-02
9.51967611908912659e-02
5.60119897127151489e-02
9.99940857291221619e-02
-2.51812301576137543e-02
-2.59082112461328506e-03
-5.40139526128768921e-02
-6.46815374493598938e-02
1.25169092789292336e-02
-2.15688105672597885e-02
-8.64532887935638428e-02
-3.46933165565133095e-03
-6.23820461332798004e-02
1.53712101746350527e-03
-3.38956452906131744e-02
-2.55640503019094467e-02
8.70606452226638794e-02
5.50477253273129463e-03
2.74765584617853165e-02
-1.50281493552029133e-03
6.49102851748466492e-02
-6.49958401918411255e-02
9.29491221904754639e-02
8.74791070818901062e-02
-7.13519752025604248e-02
-6.50552138686180115e-02
6.03256523609161377e-02
7.28695318102836609e-02
-4.82824631035327911e-02
7.20017030835151672e-02
-7.39543512463569641e-03
-7.60859102010726929e-02
4.51278649270534515e-02
1.16479039192199707e-01
-2.37235873937606812e-02
2.28266976773738861e-02
6.39081373810768127e-02
7.12670162320137024e-02
6.61039724946022034e-02
-8.30291807651519775e-02
6.61220103502273560e-02
-3.98777872323989868e-02
-2.74573732167482376e-02
1.95085480809211731e-02
5.70836886763572693e-02
-1.11173734068870544e-01
7.49660469591617584e-03
-6.92801624536514282e-02
-7.93216377496719360e-02
-8.90253037214279175e-02
-9.06726196408271790e-02
-5.86250014603137970e-02
-4.91460599005222321e-02
-4.89932205528020859e-03
-1.19197079911828041e-02
1.37302856892347336e-02
5.57829402387142181e-02
-4.82117384672164917e-02
-8.35501998662948608e-02
1.13696679472923279e-02
-1.05416946113109589e-01
8.47693905234336853e-02
-5.88878206908702850e-02
8.96624997258186340e-02
-3.16568091511726379e-02
7.48348161578178406e-02
7.14878290891647339e-02
-4.19284552335739136e-02
-3.76554648391902447e-03
1.08900628983974457e-01
9.12424474954605103e-02
-1.08278430998325348e-01
3.23055610060691833e-02
9.15891826152801514e-02
-3.88961546123027802e-02
-6.61252113059163094e-03
-9.09102112054824829e-02
8.03242474794387817e-02
4.70727235078811646e-02
-7.05703869462013245e-02
8.37978050112724304e-02
1.73281338065862656e-02
-3.27693633735179901e-02
7.39404782652854919e-02
4.66070361435413361e-02
-2.87349224090576172e-02
-3.43068204820156097e-02
8.31005349755287170e-02
-1.79885681718587875e-02
-6.67139217257499695e-02
2.72091059014201164e-03
-3.09245605021715164e-02
3.06963548064231873e-02
-1.15293776616454124e-02
3.22961024940013885e-02
-7.95720368623733521e-02
9.84520465135574341e-02
1.02203212678432465e-01
2.26475810632109642e-03
7.87461474537849426e-02
5.08954674005508423e-02
-4.21712212264537811e-02
2.09825597703456879e-02
-5.30345179140567780e-02
9.36500448733568192e-03
7.40908831357955933e-02
-9.98465418815612793e-02
1.22035421431064606e-01
-8.93347188830375671e-02
-7.86145105957984924e-02
-1.19236959144473076e-02
2.88520194590091705e-02
6.09527267515659332e-02
4.02795448899269104e-02
3.23097482323646545e-02
-6.43915235996246338e-02
-5.88240474462509155e-02
4.79935035109519958e-02
-6.14906586706638336e-02
-9.45229232311248779e-02
2.45105158537626266e-02
-5.63485324382781982e-02
3.31835187971591949e-02
5.56759089231491089e-02
8.91245007514953613e-02
7.20054060220718384e-02
-6.15916550159454346e-02
2.70744618028402328e-02
7.37082436680793762e-02
3.18428836762905121e-02
2.79460158199071884e-02
-6.65956884622573853e-02
-3.53509373962879181e-03
6.77303597331047058e-02
-2.97519452869892120e-02
5.72762340307235718e-02
5.78976832330226898e-02
3.09344683773815632e-03
6.66441842913627625e-02
-2.40678573027253151e-03
-5.94812184572219849e-02
2.02441904693841934e-02
-1.80544424802064896e-02
3.77073176205158234e-02
-5.04959374666213989e-02
-2.21963282674551010e-02
6.25766217708587646e-02
4.06460054218769073e-02
-2.34868526458740234e-02
-8.60722362995147705e-02
9.81302466243505478e-04
5.57855926454067230e-02
-1.77760757505893707e-02
-3.09850461781024933e-02
-1.01210780441761017e-01
-9.43780224770307541e-03
-1.64100937545299530e-02
1.34972438216209412e-01
-2.40156939253211021e-03
-1.39324683696031570e-02
-2.50640325248241425e-02
-1.86220090836286545e-02
6.52517080307006836e-02
1.11059974879026413e-02
-3.36006805300712585e-02
-1.23459557071328163e-02
8.96639153361320496e-02
-5.97855672240257263e-02
-6.55787065625190735e-02
-2.21214331686496735e-02
-1.64356771856546402e-02
5.54515831172466278e-02
-2.53575434908270836e-03
2.01214645057916641e-02
-6.59959018230438232e-02
-2.24383603781461716e-02
5.22521324455738068e-02
-7.95033723115921021e-02
-5.84171386435627937e-03
1.12293809652328491e-01
1.45349483937025070e-02
1.38839185237884521e-02
8.20423364639282227e-02
8.78468900918960571e-02
-9.68845095485448837e-03
1.01844996213912964e-01
-4.80480380356311798e-02
8.53064283728599548e-02
-1.23086139559745789e-01
-5.57376779615879059e-02
-4.48420271277427673e-02
5.29753975570201874e-02
2.17036884278059006e-02
9.15762558579444885e-02
3.69264259934425354e-02
1.16811051964759827e-01
-5.17214834690093994e-02
-5.36129362881183624e-02
-4.73009562119841576e-03
4.86940070986747742e-02
-1.06514412909746170e-02
-1.61109283566474915e-01
6.73264078795909882e-03
5.75972944498062134e-02
5.43975010514259338e-02
-8.32782238721847534e-02
4.66888993978500366e-02
-1.50229692459106445e-01
3.06077636778354645e-02
-2.03314311802387238e-02
-1.10733434557914734e-02
-3.53006087243556976e-02
-5.65462298691272736e-02
-3.98925058543682098e-02
-2.49427347443997860e-03
-3.05994860827922821e-02
2.63034943491220474e-02
2.14325580745935440e-02
-3.29868793487548828e-02
2.64427065849304199e-02
9.59944799542427063e-02
-5.51013424992561340e-02
-2.47327070683240891e-02
3.91893945634365082e-02
6.98052113875746727e-03
-8.37207809090614319e-02
-4.80343177914619446e-02
1.20865732431411743e-01
5.81993907690048218e-02
1.17682904005050659e-01
6.03079497814178467e-02
-1.00220935419201851e-02
6.14955904893577099e-04
8.61825942993164062e-02
-7.08045437932014465e-02
-3.30589786171913147e-02
-5.73886632919311523e-02
-1.61251034587621689e-02
-8.44662934541702271e-02
3.24886245653033257e-03
4.00434769690036774e-02
-2.67089232802391052e-02
-3.71867008507251740e-02
-2.26820390671491623e-02
-9.49921458959579468e-03
2.79562752693891525e-02
-6.30857646465301514e-02
-7.24889617413282394e-03
5.36127202212810516e-02
-2.90783476084470749e-02
2.92420387268066406e-02
-3.65881323814392090e-02
2.83257663249969482e-02
4.95090037584304810e-02
2.55687424214556813e-04
-1.02770335972309113e-01
-3.46204861998558044e-02
-4.18288148939609528e-02
-4.82198782265186310e-02
7.11714774370193481e-02
8.69060680270195007e-02
-9.97328385710716248e-02
6.59669041633605957e-02
3.30641269683837891e-02
-1.42389327287673950e-01
3.03369294852018356e-02
-5.57167008519172668e-02
5.20037300884723663e-03
1.51152946054935455e-02
-6.21115490794181824e-02
-5.14688491821289062e-02
-4.99521056190133095e-03
8.82823839783668518e-02
8.95914435386657715e-03
1.14627331495285034e-02
-2.42799203842878342e-02
7.49288424849510193e-02
1.58287677913904190e-02
4.84113581478595734e-02
-8.47614035010337830e-02
5.65316453576087952e-02
2.45001185685396194e-02
-4.71617914736270905e-02
8.08299705386161804e-02
8.87518748641014099e-02
-1.42670953646302223e-02
3.42019386589527130e-02
1.33138494566082954e-02
-6.60705119371414185e-02
-7.04881325364112854e-02
-9.87757146358489990e-02
9.40722972154617310e-02
3.97761836647987366e-02
-1.94582063704729080e-02
8.52458700537681580e-02
1.55811300501227379e-02
-8.09530764818191528e-02
-5.74440397322177887e-02
7.08997920155525208e-02
-1.16202933713793755e-03
8.81485082209110260e-03
1.00441668182611465e-02
-3.47270369529724121e-02
3.03593445569276810e-02
5.25128133594989777e-02
3.64220924675464630e-02
1.88376288861036301e-02
-7.51615166664123535e-02
5.68140996620059013e-03
-5.70299848914146423e-02
6.53032064437866211e-02
-7.42243556305766106e-03
-5.62339350581169128e-02
2.81441155821084976e-02
-4.16182093322277069e-02
3.91309261322021484e-02
-1.05256982147693634e-01
5.06601855158805847e-02
4.28853891789913177e-02
-4.14030626416206360e-02
-4.08333959057927132e-03
-1.93393100053071976e-02
1.75045784562826157e-02
4.76208236068487167e-03
-3.24514470994472504e-02
-3.90621908009052277e-02
-1.57274510711431503e-02
7.43972212076187134e-02
-3.81309539079666138e-02
-4.99205552041530609e-02
1.59761067479848862e-02
8.50183367729187012e-02
6.97852820158004761e-02
4.07529436051845551e-02
-6.24941326677799225e-02
-1.71518158167600632e-02
1.06111712753772736e-01
6.78976923227310181e-02
-3.86978760361671448e-02
-6.97235763072967529e-02
4.27092090249061584e-02
7.13965967297554016e-02
7.12027549743652344e-02
3.36876362562179565e-02
6.73389062285423279e-02
2.61985380202531815e-02
5.47473654150962830e-02
-6.81630149483680725e-02
6.40531629323959351e-02
-1.30454506725072861e-02
6.50424361228942871e-02
6.57870247960090637e-02
3.56035903096199036e-02
-7.31978043913841248e-02
1.20344221591949463e-01
-1.24717734754085541e-01
7.59865564759820700e-04
-5.45614957809448242e-02
-4.21029552817344666e-02
8.14077779650688171e-02
-5.35852238535881042e-02
-2.58600176312029362e-03
5.14607243239879608e-02
5.90278655290603638e-02
4.52825352549552917e-02
5.61590045690536499e-02
2.25786697119474411e-02
2.67285052686929703e-02
-5.95838129520416260e-02
2.12613306939601898e-02
-8.58139023184776306e-02
7.70802870392799377e-02
-1.11361751332879066e-02
-2.77545358985662460e-02
4.17798236012458801e-02
4.85254973173141479e-02
-4.87600751221179962e-02
-1.18862222880125046e-02
8.35158750414848328e-02
-7.12192207574844360e-02
-2.13551055639982224e-02
-3.57195734977722168e-02
-7.10968077182769775e-02
1.28276273608207703e-01
-6.37342259287834167e-02
2.01640389859676361e-02
-2.38706711679697037e-02
-2.49472018331289291e-02
8.27145501971244812e-02
-5.80694638192653656e-02
-2.78520546853542328e-02
4.77924831211566925e-02
1.02064892649650574e-01
8.81733670830726624e-02
6.63502588868141174e-02
7.12335035204887390e-02
-8.34651067852973938e-02
-2.48743798583745956e-02
-3.23134176433086395e-02
-6.55996352434158325e-02
4.55837231129407883e-03
4.42784093320369720e-02
-1.63103248924016953e-02
-1.82782821357250214e-02
1.06302024796605110e-02
-2.38430481404066086e-02
-2.16972716152667999e-02
-4.33494634926319122e-02
-6.09337911009788513e-02
-1.22610703110694885e-02
-1.53715861961245537e-02
-3.07379495352506638e-02
-3.02486438304185867e-02
5.04389181733131409e-02
7.13733062148094177e-02
4.94498610496520996e-02
-5.49467429518699646e-02
7.49998837709426880e-02
-9.35341119766235352e-02
2.93923988938331604e-02
6.31507858633995056e-02
-3.25341373682022095e-02
-2.43856497108936310e-02
-1.58279424067586660e-03
-1.05121612548828125e-01
1.35049611330032349e-01
-5.43668167665600777e-03
4.60068695247173309e-02
-4.00224030017852783e-02
2.81303320080041885e-02
-6.87420815229415894e-02
5.31270690262317657e-02
-8.51313695311546326e-02
-5.78832365572452545e-02
2.05313134938478470e-02
1.20516708120703697e-02
1.90898627042770386e-02
1.29276411607861519e-02
-4.63031157851219177e-02
2.22287420183420181e-03
5.95063269138336182e-02
5.64183853566646576e-02
4.94631230831146240e-02
5.58174885809421539e-02
6.04644566774368286e-02
5.49640133976936340e-02
-3.27600911259651184e-02
1.36267945170402527e-01
-9.80467051267623901e-02
2.45922058820724487e-02
3.68995666503906250e-02
4.20747734606266022e-02
7.77131095528602600e-02
5.69833144545555115e-02
-1.88450906425714493e-02
-3.95067781209945679e-02
-6.28347545862197876e-02
1.20396263897418976e-01
-5.24031408131122589e-02
-1.05439610779285431e-01
-2.87504978477954865e-02
3.25335785746574402e-02
-3.36118042469024658e-02
-1.59317720681428909e-02
8.21977853775024414e-02
2.84992586821317673e-02
3.26646752655506134e-02
-4.19833250343799591e-02
-6.49152398109436035e-02
-5.66805228590965271e-02
8.17582458257675171e-02
5.15590272843837738e-02
7.62408673763275146e-02
4.26536500453948975e-02
6.31756633520126343e-02
2.91299447417259216e-02
5.80880269408226013e-02
-2.05318201333284378e-02
1.70258420985192060e-03
-8.85278955101966858e-02
6.94251358509063721e-02
-6.61435648798942566e-02
-8.18016305565834045e-02
5.08690951392054558e-03
1.98776628822088242e-02
7.69186690449714661e-02
1.06653049588203430e-01
-1.12383827567100525e-01
-7.19093680381774902e-02
-7.73028954863548279e-02
7.50810578465461731e-02
-7.69999437034130096e-03
-5.05131445825099945e-02
-2.08658482879400253e-02
1.10873475205153227e-03
2.16045193374156952e-02
-3.54337915778160095e-02
1.63177046924829483e-02
6.89806193113327026e-02
1.65592804551124573e-02
-1.36760380119085312e-02
2.23160870373249054e-02
-4.76545915007591248e-02
-1.53286159038543701e-02
-7.48659893870353699e-02
-2.19810921698808670e-02
-3.48914079368114471e-02
-4.59828972816467285e-03
-1.29790946841239929e-01
-7.01935142278671265e-02
1.19293041527271271e-01
-8.36716592311859131e-02
7.95545056462287903e-02
-9.67769175767898560e-02
-5.45963011682033539e-02
-6.92024454474449158e-02
-7.86144882440567017e-02
-3.11247352510690689e-02
2.65026115812361240e-03
-5.80818131566047668e-02
-6.81845620274543762e-02
3.52240609936416149e-03
-3.75171825289726257e-02
-6.80378973484039307e-02
3.25000993907451630e-02
6.26888722181320190e-02
-9.30662378668785095e-02
3.28107923269271851e-02
-6.86726197600364685e-02
4.53147441148757935e-02
-6.30024671554565430e-02
-2.18975190073251724e-02
-7.43426010012626648e-02
6.26546964049339294e-02
2.77646780014038086e-02
2.09824834018945694e-02
-1.90262831747531891e-02
-6.07933178544044495e-02
7.23971724510192871e-02
8.20611715316772461e-02
3.41415368020534515e-02
-9.49826613068580627e-02
3.98341938853263855e-02
-3.91590557992458344e-02
2.48722359538078308e-02
-5.50628714263439178e-02
-4.14651110768318176e-02
-9.18732509016990662e-02
-7.36241713166236877e-02
4.02702093124389648e-02
4.92919310927391052e-02
4.25705127418041229e-02
-2.87946145981550217e-02
-7.00826523825526237e-03
6.84003308415412903e-02
6.30333125591278076e-02
5.72603158652782440e-02
7.56862014532089233e-02
-5.19912354648113251e-02
3.34642119705677032e-02
2.37989518791437149e-02
1.95262897759675980e-02
-7.00455605983734131e-02
-7.60575830936431885e-02
-7.03637897968292236e-02
-6.36838153004646301e-02
-8.52410271763801575e-02
-2.31920164078474045e-02
8.16719979047775269e-02
-4.53170239925384521e-02
-7.06143379211425781e-02
5.37551417946815491e-02
5.56424185633659363e-02
8.08908510953187943e-03
-1.15945218130946159e-02
8.12393501400947571e-02
3.55672440491616726e-04
8.00668522715568542e-02
3.19843180477619171e-02
-1.96596924215555191e-02
-4.00296412408351898e-02
2.52756774425506592e-02
-6.84812590479850769e-02
-5.54082728922367096e-03
4.93032485246658325e-02
-4.84406501054763794e-02
-1.87674351036548615e-02
-2.60695759207010269e-02
-7.58889615535736084e-02
1.43808955326676369e-02
-4.11589518189430237e-02
-1.99393928050994873e-02
3.45574952661991119e-02
9.09733697772026062e-02
7.12321549654006958e-02
5.07897138595581055e-02
-1.23537935316562653e-01
1.00414149463176727e-01
-4.60567139089107513e-02
5.35317175090312958e-02
6.18501529097557068e-02
-1.73373445868492126e-02
-2.00026277452707291e-02
-4.33640927076339722e-02
8.00817385315895081e-02
-8.73503684997558594e-02
8.79901126027107239e-02
-4.72387261688709259e-02
2.85436231642961502e-02
-2.57012713700532913e-02
7.32849836349487305e-02
2.41575390100479126e-02
-7.01936660334467888e-03
-3.77006120979785919e-02
-2.04924773424863815e-02
6.78732693195343018e-02
-1.07338344678282738e-02
-4.88948263227939606e-02
-9.79094672948122025e-03
-1.79037023335695267e-02
2.47246026992797852e-02
8.27291607856750488e-02
2.09199823439121246e-02
8.94677639007568359e-02
6.92479312419891357e-02
-2.85659525543451309e-02
-5.63225559890270233e-02
-7.76375532150268555e-02
4.06598113477230072e-02
1.00934244692325592e-01
9.84244197607040405e-02
2.87789870053529739e-02
3.31060215830802917e-02
-8.65275859832763672e-02
-9.24578532576560974e-02
3.89180518686771393e-02
-6.48592561483383179e-02
2.24302336573600769e-02
-5.14078252017498016e-02
3.55279594659805298e-02
2.17045787721872330e-02
5.05007728934288025e-02
-8.03738925606012344e-03
-4.75647486746311188e-02
-1.75120048224925995e-02
4.43474575877189636e-02
-7.93880447745323181e-02
1.80801413953304291e-02
-4.42251563072204590e-02
-6.88508599996566772e-02
-9.21664983034133911e-02
5.51030673086643219e-02
6.17819204926490784e-02
-5.76437786221504211e-02
7.98269920051097870e-03
-1.38188833370804787e-02
-1.68248394038528204e-03
7.21360743045806885e-02
-2.61888490058481693e-04
1.31369784474372864e-01
1.13893821835517883e-02
1.62553787231445312e-02
2.67658680677413940e-02
2.64195483177900314e-02
5.36618195474147797e-02
-4.74422536790370941e-02
6.59211128950119019e-02
-7.00832381844520569e-02
-8.17378610372543335e-02
9.20998491346836090e-03
3.68816182017326355e-02
1.05313975363969803e-02
3.82863432168960571e-02
1.25673981383442879e-02
4.38265539705753326e-02
1.48457754403352737e-02
1.16538904607295990e-01
-1.64979379624128342e-02
1.21887605637311935e-02
3.99299375712871552e-02
-5.49421235918998718e-02
-5.77587597072124481e-02
3.62409725785255432e-02
9.54606290906667709e-03
9.38946381211280823e-03
-2.55613308399915695e-02
-1.10379591584205627e-01
3.39125208556652069e-02
1.18354139849543571e-02
4.77322414517402649e-02
-2.13320683687925339e-02
-4.11816313862800598e-02
-7.01375082135200500e-02
-7.18632340431213379e-02
-6.96946606040000916e-02
4.48873378336429596e-02
-2.91243405081331730e-03
-1.03444114327430725e-01
4.08099517226219177e-02
-1.72033887356519699e-02
1.42284873872995377e-02
-7.88743346929550171e-02
4.61329258978366852e-02
1.17032170295715332e-01
4.81327362358570099e-02
3.66062223911285400e-02
1.56464148312807083e-03
-7.28680267930030823e-02
1.45327467471361160e-02
8.76298826187849045e-03
9.47350915521383286e-03
2.02244520187377930e-02
-2.03567631542682648e-02
-4.92269359529018402e-02
-6.40022605657577515e-02
-5.11238388717174530e-02
-6.62572309374809265e-02
5.88609725236892700e-02
-7.70651847124099731e-02
8.54699499905109406e-03
-6.29902407526969910e-02
6.41392841935157776e-02
-4.67131063342094421e-02
9.86378639936447144e-02
-2.42470968514680862e-02
-4.69168126583099365e-02
-1.93885304033756256e-02
-2.09140591323375702e-02
-3.96945849061012268e-02
-1.51098482310771942e-02
-6.57849609851837158e-02
3.65449711680412292e-02
-1.30904056131839752e-02
-6.10692873597145081e-02
-2.39385049790143967e-02
-4.10485416650772095e-02
-1.37729346752166748e-01
-7.30830356478691101e-02
5.66471703350543976e-02
1.87552534043788910e-02
-2.35701724886894226e-02
3.95722538232803345e-02
-3.30058373510837555e-02
5.32650277018547058e-02
4.51655127108097076e-02
1.21744379401206970e-01
-1.72875076532363892e-02
2.02415231615304947e-02
-5.99735938012599945e-02
2.40587145090103149e-02
8.65284129977226257e-02
1.09484165906906128e-01
9.21461209654808044e-02
3.98553237318992615e-02
4.30105291306972504e-02
-6.86235725879669189e-02
-2.12152069434523582e-03
5.26259355247020721e-02
4.28875535726547241e-02
-4.56908792257308960e-02
-1.06095336377620697e-01
7.21449851989746094e-02
6.75757601857185364e-02
6.03512041270732880e-02
-6.54349103569984436e-02
-9.33392271399497986e-02
9.38149541616439819e-03
5.26626035571098328e-03
-1.09338849782943726e-01
-1.31912276148796082e-01
8.06962605565786362e-03
6.08303211629390717e-02
2.54165828227996826e-02
-3.24784852564334869e-02
1.65928080677986145e-02
9.35760214924812317e-02
8.26977342367172241e-02
-8.74521583318710327e-02
5.81445470452308655e-02
3.42206582427024841e-02
9.81245338916778564e-02
7.21635520458221436e-02
-6.94669261574745178e-02
-3.58022674918174744e-02
2.36110743135213852e-02
6.86125904321670532e-02
6.89559057354927063e-02
-6.63404017686843872e-02
8.11530947685241699e-02
3.74310016632080078e-02
4.64609004557132721e-02
5.47508634626865387e-02
6.28804555162787437e-03
-8.32999870181083679e-03
1.01946704089641571e-01
-3.42176258563995361e-02
-7.06352367997169495e-02
6.85578286647796631e-02
-1.01781301200389862e-01
6.22217915952205658e-02
-3.88930365443229675e-02
1.21539998799562454e-02
-1.74228530377149582e-02
1.02462343871593475e-01
-3.82731482386589050e-02
-6.19939006865024567e-02
6.14453852176666260e-02
-5.36118298768997192e-02
-4.69314083456993103e-02
-6.20856806635856628e-02
6.26125335693359375e-02
1.04295248165726662e-02
-4.10808958113193512e-02
-9.93951037526130676e-02
-5.07083535194396973e-02
-6.93247886374592781e-03
-6.93247690796852112e-02
-6.86767371371388435e-03
5.54548390209674835e-02
-3.39496508240699768e-02
4.78094145655632019e-02
1.44524434581398964e-02
-3.90918143093585968e-02
-8.66563543677330017e-02
5.88517412543296814e-02
6.96647390723228455e-02
-2.00247000902891159e-02
-5.85687011480331421e-02
3.91950421035289764e-02
-7.22920149564743042e-02
-6.73674270510673523e-02
9.71043035387992859e-02
6.34312778711318970e-02
-3.03414911031723022e-02
7.73742422461509705e-02
4.87178098410367966e-04
3.63742895424365997e-02
-4.49018739163875580e-03
6.94107413291931152e-02
5.70206418633460999e-02
-1.34535133838653564e-02
1.93501301109790802e-02
2.18224022537469864e-02
4.59721907973289490e-02
-2.40178331732749939e-02
-3.87296974658966064e-02
8.33727270364761353e-02
4.37462441623210907e-02
-1.07656262814998627e-01
5.55898882448673248e-02
1.05524167418479919e-01
5.08036278188228607e-02
2.40078065544366837e-02
3.01431380212306976e-02
-6.88663497567176819e-02
-8.61762762069702148e-02
6.12454004585742950e-02
-8.28573200851678848e-03
-4.40842919051647186e-02
8.39273482561111450e-02
-4.30848225951194763e-02
3.38497608900070190e-02
-8.23046565055847168e-02
6.51927441358566284e-02
4.71780262887477875e-02
-1.04520007967948914e-01
1.02386288344860077e-02
-1.94751899689435959e-02
1.82336177676916122e-02
2.77603249996900558e-02
5.52774332463741302e-02
-4.92543466389179230e-02
3.68399806320667267e-02
8.38773697614669800e-02
-8.22846069931983948e-02
9.53485816717147827e-02
1.88946165144443512e-02
9.58223491907119751e-02
-2.07261163741350174e-02
-1.01428218185901642e-01
-8.55904072523117065e-03
1.27862384542822838e-02
1.95260848850011826e-02
2.91640534996986389e-02
-8.31991732120513916e-02
-2.68829409033060074e-02
7.39345327019691467e-02
-5.87446540594100952e-02
8.03330466151237488e-02
7.04172905534505844e-03
-2.54572443664073944e-02
-1.96267664432525635e-02
9.38036590814590454e-02
-1.25478193163871765e-01
-6.98471441864967346e-02
-1.24652996659278870e-01
-5.72041310369968414e-02
5.64134977757930756e-02
-6.28894343972206116e-02
5.37811173126101494e-03
4.27426025271415710e-02
-4.73253503441810608e-02
6.52494505047798157e-02
-4.05708514153957367e-02
-8.96768644452095032e-02
1.75808798521757126e-02
9.31180492043495178e-02
1.33099760860204697e-02
-2.98354718834161758e-02
6.55214339494705200e-02
-4.37895990908145905e-02
1.30524849519133568e-02
4.55891666933894157e-03
2.40557100623846054e-02
2.10514850914478302e-02
-7.83537104725837708e-02
4.08695731312036514e-03
-1.68602429330348969e-02
-7.13082179427146912e-02
-7.96232372522354126e-02
3.53859663009643555e-02
1.36660756543278694e-02
-6.71338522806763649e-03
-8.58934037387371063e-03
6.52871206402778625e-02
-5.79561665654182434e-02
2.32034604996442795e-02
2.16207504272460938e-02
6.19906596839427948e-02
5.33988103270530701e-02
-1.40229547396302223e-02
-3.73603925108909607e-02
-2.27689035236835480e-02
4.89989779889583588e-02
1.04877024888992310e-01
4.84193190932273865e-02
2.86886114627122879e-02
-4.01215106248855591e-02
3.21257598698139191e-02
4.95847426354885101e-02
5.57373799383640289e-02
2.46590021997690201e-02
1.06717288494110107e-01
3.57636809349060059e-02
-1.66522022336721420e-02
1.26415073871612549e-01
8.89618769288063049e-02
1.28225507214665413e-02
3.84808480739593506e-02
5.49231134355068207e-02
5.04615120589733124e-02
-5.44619597494602203e-02
-3.30236554145812988e-02
1.30193009972572327e-02
-4.16602492332458496e-02
-4.38460446894168854e-02
-3.21220457553863525e-02
9.62923616170883179e-02
9.79011803865432739e-02
-1.60378273576498032e-02
-8.24782624840736389e-03
1.05374604463577271e-01
-8.57235863804817200e-02
-1.91252045333385468e-02
-8.07909220457077026e-02
1.31300278007984161e-02
-5.95842190086841583e-02
-1.15616403520107269e-01
4.77775558829307556e-02
-3.35079133510589600e-02
2.76118721812963486e-02
8.28106701374053955e-02
1.98414102196693420e-02
2.03913375735282898e-02
3.76374274492263794e-02
5.65124303102493286e-02
3.24387662112712860e-02
-8.61476957798004150e-02
-2.74338107556104660e-03
-5.04662320017814636e-02
2.26780194789171219e-02
-3.06242238730192184e-02
-7.85169079899787903e-02
-1.03525646030902863e-01
-7.18053430318832397e-02
4.55417744815349579e-02
-2.97137312591075897e-02
6.01047612726688385e-02
5.79536743462085724e-02
-3.20076309144496918e-02
3.86335253715515137e-02
2.83484812825918198e-02
-2.08267178386449814e-02
2.79929395765066147e-02
9.50167924165725708e-02
-4.51046451926231384e-02
-7.51471593976020813e-02
-5.76572678983211517e-02
6.43435120582580566e-02
3.36765944957733154e-02
-2.04806253314018250e-02
-6.03260993957519531e-02
3.77952978014945984e-02
6.54267892241477966e-02
-4.01087477803230286e-02
7.03042671084403992e-02
3.24783436954021454e-02
-9.24709066748619080e-02
9.46424826979637146e-02
-8.74979943037033081e-02
5.71745038032531738e-02
-6.32786899805068970e-02
-3.24431844055652618e-02
-7.20444917678833008e-02
4.67478372156620026e-02
-3.92634682357311249e-02
4.34833504259586334e-02
8.59128311276435852e-03
-3.31558138132095337e-02
3.10139041393995285e-02
-8.67776423692703247e-02
8.63101109862327576e-02
4.38562743365764618e-02
-6.14006035029888153e-02
1.15973010659217834e-01
7.07163810729980469e-02
-7.44732618331909180e-02
-8.93304795026779175e-02
5.14698885381221771e-02
-4.20678965747356415e-02
-5.97992874681949615e-02
4.80474941432476044e-02
-2.20878631807863712e-03
1.03320464491844177e-01
2.78903692960739136e-02
-6.06703683733940125e-02
7.68198743462562561e-02
-6.04017935693264008e-02
5.41192591190338135e-02
1.57528109848499298e-02
-1.24367482960224152e-01
4.74854670464992523e-02
-7.30200111865997314e-03
1.99193246662616730e-02
-3.09030395001173019e-02
-4.94480074848979712e-04
2.28208694607019424e-02
-6.20320402085781097e-02
-6.55000805854797363e-02
2.67030149698257446e-02
-1.42016410827636719e-01
8.87435674667358398e-02
1.09876327216625214e-01
2.03603170812129974e-02
7.26474970579147339e-02
4.28338209167122841e-03
1.05421856045722961e-01
-2.26617418229579926e-02
-4.59869718179106712e-03
-6.42308443784713745e-02
4.12014611065387726e-02
6.20115399360656738e-02
1.12466312944889069e-01
5.34837767481803894e-02
5.86457662284374237e-02
3.71573232114315033e-02
-1.89581699669361115e-02
5.94999932218343019e-04
8.07188823819160461e-02
1.41511395573616028e-01
6.02830611169338226e-02
-1.89036428928375244e-02
5.36488816142082214e-02
-4.19899560511112213e-02
6.37708557769656181e-03
9.16772410273551941e-02
-2.93830428272485733e-02
7.45132714509963989e-02
-1.69460847973823547e-02
3.13924960792064667e-02
-9.91752818226814270e-02
3.12753692269325256e-02
1.10904598841443658e-04
6.10999055206775665e-02
8.27166903764009476e-03
-6.96902498602867126e-02
1.33210346102714539e-01
5.96242584288120270e-02
-3.19365896284580231e-02
-1.11484289169311523e-01
7.02585428953170776e-02
2.26863492280244827e-02
6.32928162813186646e-02
-7.28732496500015259e-02
3.18371579051017761e-02
-5.91170154511928558e-02
-5.76675031334161758e-03
-2.83037777990102768e-02
-4.43052537739276886e-02
-1.00996799767017365e-01
-8.91566127538681030e-02
2.60370895266532898e-02
-6.16996698081493378e-02
-7.98010900616645813e-02
-2.85686068236827850e-02
6.05183374136686325e-03
-4.16677668690681458e-02
-4.83309812843799591e-02
1.06313027441501617e-01
-7.03472644090652466e-02
3.49209085106849670e-02
-5.48951253294944763e-02
-4.14868891239166260e-02
-2.34119277447462082e-02
7.77253061532974243e-02
-4.12871502339839935e-02
-7.79010131955146790e-02
-1.44913075491786003e-02
-1.31915628910064697e-01
-7.34839448705315590e-03
-1.13542070612311363e-02
2.93439049273729324e-02
-2.20735426992177963e-02
2.53119785338640213e-02
8.60413815826177597e-03
7.67948627471923828e-02
7.50795602798461914e-02
6.09636977314949036e-02
3.37777473032474518e-02
-1.63051020354032516e-02
4.95554655790328979e-02
9.03525054454803467e-02
5.17841726541519165e-02
-7.00502768158912659e-02
6.10789284110069275e-02
1.22982803732156754e-02
-2.86422744393348694e-02
-6.25072717666625977e-02
3.24326604604721069e-02
-7.68435299396514893e-02
1.72176305204629898e-02
-6.34524002671241760e-02
5.55051825940608978e-02
-3.17855104804039001e-02
2.94085498899221420e-02
-8.29037837684154510e-03
5.59637174010276794e-02
-6.86291381716728210e-02
-2.20253551378846169e-03
-6.12055324018001556e-02
-8.01685675978660583e-02
1.61118563264608383e-02
6.20001889765262604e-02
-5.88167458772659302e-02
-2.96267569065093994e-02
7.35607445240020752e-02
1.06226794421672821e-01
8.69513824582099915e-02
6.66826441884040833e-02
-1.26397743821144104e-01
-2.32477094978094101e-02
6.42256587743759155e-02
-9.93915200233459473e-02
-2.05418281257152557e-02
-2.88468822836875916e-02
-1.24822273850440979e-01
1.99078470468521118e-02
-4.61254641413688660e-02
-6.19544275104999542e-02
-1.14951841533184052e-01
6.32215812802314758e-02
8.82617831230163574e-02
5.00539243221282959e-02
9.82543267309665680e-03
-5.34864179790019989e-02
-5.56961968541145325e-02
-4.82606999576091766e-02
4.62592206895351410e-02
-3.70920747518539429e-02
1.61871686577796936e-02
-2.98847313970327377e-02
-5.30729107558727264e-02
4.70010638236999512e-02
-9.52144861221313477e-02
-3.19546945393085480e-02
7.66560062766075134e-02
-6.93113878369331360e-02
-2.79645435512065887e-02
-6.33219676092267036e-03
-9.04342997819185257e-03
9.31963250041007996e-02
1.60543923266232014e-03
6.05919435620307922e-02
-3.34146395325660706e-02
2.35007982701063156e-02
3.81706678308546543e-03
-8.32082107663154602e-02
-7.90786668658256531e-02
6.82727694511413574e-02
-5.28193674981594086e-02
-3.74359115958213806e-02
-5.58083653450012207e-02
-3.73267233371734619e-02
7.75977224111557007e-02
3.53732742369174957e-02
-1.87765862792730331e-02
-8.31435695290565491e-02
1.40203693881630898e-02
-1.51849370449781418e-02
-6.39280909672379494e-03
-1.66523195803165436e-02
7.94531032443046570e-03
-1.24399422202259302e-03
2.02901680022478104e-02
9.03504118323326111e-02
1.60801224410533905e-02
-5.33931590616703033e-02
-5.19380234181880951e-02
-1.24526834115386009e-02
3.81768979132175446e-02
7.27314502000808716e-02
-6.02392386645078659e-03
-2.29433830827474594e-02
-4.44313287734985352e-02
6.07538819313049316e-02
-3.04219350218772888e-02
6.52598356828093529e-03
-2.03979127109050751e-02
-7.45496153831481934e-02
6.02301023900508881e-02
7.56536275148391724e-02
-1.09058819711208344e-01
1.45029351115226746e-02
4.51490981504321098e-03
-1.19476877152919769e-02
2.31553763151168823e-02
-3.20253334939479828e-02
6.23109154403209686e-02
-2.73535940796136856e-02
-6.49619773030281067e-02
-2.81103942543268204e-02
-4.52355444431304932e-02
2.42071710526943207e-02
-1.87518130987882614e-02
-2.27720662951469421e-02
4.22289967536926270e-03
-4.67448681592941284e-02
-1.60800423473119736e-02
-5.71083277463912964e-02
-5.20575158298015594e-02
1.57602876424789429e-02
-4.72307670861482620e-03
4.33759130537509918e-02
2.61221788823604584e-02
2.78679486364126205e-02
9.00691077113151550e-02
8.92201513051986694e-02
3.85707383975386620e-03
-2.25641932338476181e-02
9.74612459540367126e-02
4.29896637797355652e-02
8.62656608223915100e-02
9.13736075162887573e-02
2.94250342994928360e-02
1.91037133336067200e-02
4.89160865545272827e-02
-4.57297302782535553e-02
1.23401828110218048e-01
-5.52702471613883972e-02
1.39625683426856995e-01
4.22571972012519836e-03
-4.05993349850177765e-02
-4.11171913146972656e-02
7.36696943640708923e-02
-3.19438092410564423e-02
4.02779243886470795e-02
-5.41011206805706024e-02
-2.54911016672849655e-02
2.31157764792442322e-02
1.12158879637718201e-01
-6.91557154059410095e-02
-5.20511120557785034e-02
-2.50174868851900101e-02
1.88437849283218384e-02
5.04718199372291565e-02
3.16072739660739899e-02
-1.47505244240164757e-03
9.95421484112739563e-02
-1.25248730182647705e-01
8.20637494325637817e-02
9.19790938496589661e-02
-7.10043534636497498e-02
2.97093507833778858e-03
2.50517837703227997e-02
-6.10860884189605713e-02
-5.73434084653854370e-02
6.12449534237384796e-02
3.83982099592685699e-02
-1.17330990731716156e-01
3.55846136808395386e-02
-4.61004897952079773e-02
-4.01659309864044189e-03
-1.19440264999866486e-01
-6.90068602561950684e-02
-1.45699735730886459e-02
-7.32891783118247986e-02
-5.06825149059295654e-02
4.98950593173503876e-02
8.27090069651603699e-02
-5.52933886647224426e-02
8.22411030530929565e-02
7.13097900152206421e-02
-2.85678412765264511e-02
2.64787785708904266e-02
-2.48124916106462479e-02
-7.70029425621032715e-03
-8.70066322386264801e-03
2.99166329205036163e-02
7.58971869945526123e-02
-1.57314632087945938e-02
-1.21943298727273941e-02
9.85788032412528992e-02
1.23273074626922607e-01
-6.74089863896369934e-02
7.02657327055931091e-02
-2.99302153289318085e-02
-1.54070304706692696e-02
3.08650750666856766e-02
1.15188155323266983e-02
-8.39259624481201172e-02
-3.71290283510461450e-04
-4.09300439059734344e-02
-2.29143965989351273e-02
9.71761792898178101e-02
7.26800039410591125e-02
-5.69747388362884521e-02
8.10947548598051071e-03
-1.47378770634531975e-02
6.20442815124988556e-02
9.02998596429824829e-02
-3.02309989929199219e-02
6.23629689216613770e-02
3.14233712852001190e-02
4.99520637094974518e-02
-6.96322694420814514e-02
8.14648624509572983e-03
-1.12327732145786285e-01
5.68601712584495544e-02
-6.31379708647727966e-02
5.77247068285942078e-02
5.55039606988430023e-02
4.03083413839340210e-02
-4.70618829131126404e-02
-7.41574987769126892e-02
-1.34616345167160034e-02
-9.97811704874038696e-02
6.75849169492721558e-02
-3.62560935318470001e-02
-6.76004588603973389e-02
7.14843869209289551e-02
-2.22464278340339661e-02
1.11605174839496613e-01
4.31913882493972778e-02
3.23392562568187714e-02
1.65939237922430038e-02
3.19922901690006256e-02
-2.35989708453416824e-02
-5.76445013284683228e-02
-2.08398196846246719e-02
7.13484212756156921e-02
5.00061996281147003e-02
-3.72295677661895752e-02
-3.24878771789371967e-03
5.46046905219554901e-02
5.43060079216957092e-02
5.72618395090103149e-02
-1.02199651300907135e-01
-8.94883349537849426e-02
9.13706049323081970e-02
1.02683328092098236e-01
9.35411900281906128e-02
6.43340572714805603e-02
-1.57919321209192276e-02
-9.97902266681194305e-03
6.78656250238418579e-02
-1.94645002484321594e-02
-6.82017654180526733e-02
3.76234017312526703e-02
-8.13604518771171570e-02
1.25661203637719154e-02
-2.90692690759897232e-02
-2.17459890991449356e-02
1.36000169441103935e-02
-7.00998231768608093e-02
-4.03470024466514587e-02
-5.31230233609676361e-02
-1.23923248611390591e-03
-2.86546051502227783e-02
-8.15115496516227722e-03
7.56424516439437866e-02
-3.77532728016376495e-02
7.34660029411315918e-02
1.30606880411505699e-02
9.04448553919792175e-02
-1.15828961133956909e-02
-7.05469474196434021e-02
-6.99598342180252075e-02
4.11710403859615326e-02
-5.52133060991764069e-02
-5.05340918898582458e-02
-5.43452911078929901e-02
-8.54780450463294983e-02
1.20050506666302681e-02
-2.83141378313302994e-02
2.98208873718976974e-02
-2.74216681718826294e-02
-4.87835742533206940e-02
4.48472127318382263e-02
-2.53350958228111267e-02
-7.66434669494628906e-02
6.45237043499946594e-02
-1.06620341539382935e-01
-6.66995123028755188e-02
-1.00381828844547272e-01
4.43915687501430511e-02
1.41634913161396980e-02
9.07594338059425354e-02
4.30306568741798401e-02
-1.32987778633832932e-02
5.52608370780944824e-02
2.33278889209032059e-02
3.05350180715322495e-02
-7.94548317790031433e-02
8.73527228832244873e-02
6.92048401106148958e-04
-9.46726948022842407e-02
-5.84322735667228699e-02
7.29994848370552063e-02
1.99078004807233810e-02
1.07582859694957733e-01
3.69261391460895538e-02
1.23525716364383698e-01
4.23404723405838013e-02
-6.09589479863643646e-02
-1.32713431958109140e-03
-7.44303828105330467e-03
6.28671720623970032e-02
7.88794755935668945e-02
1.78070347756147385e-02
-1.42604317516088486e-02
-1.71146839857101440e-02
-3.67656350135803223e-02
-4.99332174658775330e-02
-5.82121461629867554e-02
5.74835464358329773e-02
4.24557626247406006e-02
-4.18716035783290863e-02
8.14557075500488281e-02
-1.85233354568481445e-02
8.19567367434501648e-02
-4.68248426914215088e-02
-1.34989200159907341e-02
-2.88102887570858002e-02
2.33887638896703720e-02
-3.01435182336717844e-04
6.61944746971130371e-02
7.81799200922250748e-03
-4.78715375065803528e-02
3.73832844197750092e-02
-1.21657559648156166e-02
1.60448867827653885e-02
-8.51108878850936890e-02
-8.89203920960426331e-02
9.10491421818733215e-02
4.28167060017585754e-02
-3.36253568530082703e-02
-1.40506420284509659e-02
7.25526809692382812e-02
-1.99591703712940216e-02
-3.76380272209644318e-02
-5.86005635559558868e-02
5.97299411892890930e-02
7.23994895815849304e-02
4.54787127673625946e-02
-7.51278027892112732e-02
7.05543160438537598e-02
6.21314905583858490e-03
2.59880926460027695e-02
-1.14354550838470459e-01
-2.99477111548185349e-02
-3.36184836924076080e-02
4.11499850451946259e-03
6.29375176504254341e-03
2.86803524941205978e-02
5.35749904811382294e-02
-1.45200081169605255e-02
-2.43110358715057373e-02
6.39811456203460693e-02
-5.85402101278305054e-02
7.00877234339714050e-02
-8.30665230751037598e-02
2.44970805943012238e-02
5.21679520606994629e-02
-4.62249219417572021e-02
4.48761209845542908e-02
5.30408583581447601e-02
9.88608747720718384e-02
7.57822394371032715e-02
-6.68772980570793152e-02
5.18698282539844513e-02
-3.74086685478687286e-02
-2.17915661633014679e-02
-1.19725987315177917e-03
-5.27110472321510315e-02
-3.83173599839210510e-02
9.90945100784301758e-02
-2.27698311209678650e-02
-4.33310642838478088e-02
-4.43764962255954742e-02
5.41363321244716644e-02
-2.97404527664184570e-02
-4.16114516556262970e-02
5.15388995409011841e-02
1.76709871739149094e-02
6.26328289508819580e-02
-1.44643196836113930e-02
7.26830214262008667e-02
-3.73241342604160309e-02
4.62767668068408966e-02
-2.28511299937963486e-02
7.46081322431564331e-02
-3.09681240469217300e-02
-8.32110792398452759e-02
-7.64185702428221703e-03
1.61900406237691641e-03
7.47046545147895813e-02
-9.41274464130401611e-02
-9.79286711663007736e-03
3.20379808545112610e-02
-3.36469151079654694e-02
9.81536414474248886e-03
1.79154484067112207e-03
7.17666298151016235e-02
7.36059546470642090e-02
3.26034836471080780e-02
4.52717347070574760e-03
7.06223547458648682e-02
-7.13499486446380615e-02
-5.75611218810081482e-02
4.78347837924957275e-02
-6.64218142628669739e-02
1.33624553680419922e-01
-3.20068039000034332e-02
-1.52529915794730186e-03
-2.14879345148801804e-02
-7.00010061264038086e-02
-2.66824085265398026e-02
5.32133542001247406e-02
-3.69405820965766907e-02
-2.76069138199090958e-02
-6.56721144914627075e-02
4.57515791058540344e-02
4.51231151819229126e-02
-2.29688435792922974e-02
7.26328715682029724e-02
4.86175669357180595e-03
9.29288659244775772e-03
-3.36046330630779266e-02
-1.58705096691846848e-02
6.33339881896972656e-02
4.20883558690547943e-02
-1.27728074789047241e-01
-9.80852395296096802e-02
5.39150834083557129e-02
-2.25745774805545807e-02
-3.55542786419391632e-02
-2.46075745671987534e-02
4.36188504099845886e-02
-6.17589168250560760e-02
-8.68988130241632462e-03
-9.07497406005859375e-02
1.56472937669605017e-03
4.24042642116546631e-02
2.89008487015962601e-02
-6.19490817189216614e-02
1.30446655675768852e-02
-8.27410444617271423e-02
3.46490480005741119e-02
1.62336369976401329e-03
4.67902757227420807e-02
1.21674286201596260e-02
-3.43945771455764771e-02
8.78301262855529785e-02
-5.37174055352807045e-03
5.47479204833507538e-02
-6.62183985114097595e-02
5.73621205985546112e-02
2.00133193284273148e-02
-6.79870173335075378e-02
-1.04971230030059814e-01
6.21042475104331970e-02
4.40390892326831818e-02
-5.14021888375282288e-02
3.01609914749860764e-02
-2.92482059448957443e-02
2.32748165726661682e-02
-1.17171064019203186e-01
-2.67388466745615005e-02
2.80710030347108841e-02
1.37270810082554817e-02
1.42010953277349472e-02
3.82103361189365387e-02
3.91421951353549957e-02
2.20676930621266365e-03
3.07303387671709061e-02
-1.10529482364654541e-01
6.15990012884140015e-02
-8.17240253090858459e-02
-6.37896871194243431e-03
-2.82647758722305298e-02
-5.96570968627929688e-02
-8.76461863517761230e-02
5.87744489312171936e-02
-2.55460143089294434e-02
1.21790673583745956e-02
-2.57097114808857441e-03
-9.86238569021224976e-02
-3.39975953102111816e-02
3.38216796517372131e-02
-1.86977759003639221e-02
-7.04019516706466675e-02
7.47183784842491150e-02
5.67937232553958893e-02
2.70410850644111633e-02
3.34423184394836426e-02
-2.62583829462528229e-02
-1.62432081997394562e-02
-8.74909386038780212e-02
-5.22348433732986450e-02
6.65947124361991882e-02
-7.81081849709153175e-03
1.00093245506286621e-01
-3.06650735437870026e-02
4.86635742709040642e-03
-4.21948544681072235e-03
-9.19580236077308655e-02
7.52770379185676575e-02
2.77831684798002243e-02
7.10833966732025146e-02
8.53610318154096603e-03
3.47203835844993591e-02
7.51259401440620422e-02
7.15031847357749939e-02
6.93667232990264893e-02
3.55574078857898712e-02
9.67514980584383011e-03
1.56751684844493866e-02
-6.19108304381370544e-02
5.50291277468204498e-02
-5.11620454490184784e-02
5.08111156523227692e-02
-7.46808946132659912e-02
-9.51114669442176819e-02
-5.17892232164740562e-03
-6.92887827754020691e-02
7.88957849144935608e-02
3.50604243576526642e-02
-1.52627248317003250e-02
6.06916509568691254e-02
3.53094525635242462e-02
-1.07917867600917816e-01
1.06188565492630005e-01
5.04749119281768799e-02
5.79340234398841858e-02
-3.61541518941521645e-03
-1.17242999374866486e-01
-9.18070599436759949e-02
7.09184259176254272e-02
1.53841506689786911e-02
6.11043758690357208e-02
1.02506186813116074e-02
-7.66088441014289856e-02
-8.56306627392768860e-02
-4.34107035398483276e-02
-5.53652308881282806e-02
-4.72868839278817177e-03
1.00683525204658508e-01
-1.35361522436141968e-01
5.19339628517627716e-02
-1.10320575535297394e-01
-6.08429424464702606e-02
6.23875409364700317e-02
2.84880623221397400e-02
8.97394716739654541e-02
3.05953100323677063e-02
-7.79797881841659546e-02
6.67482288554310799e-03
-6.06164224445819855e-02
-6.36661350727081299e-02
4.12188060581684113e-02
3.76248615793883801e-03
1.73991937190294266e-02
-8.80503952503204346e-02
-7.33132958412170410e-02
-3.09041496366262436e-02
2.63981660827994347e-03
1.66349709033966064e-02
-1.04549244046211243e-01
8.32488611340522766e-02
2.07904959097504616e-04
2.47553903609514236e-02
5.75639568269252777e-02
-7.30495154857635498e-02
-8.58616903424263000e-02
-7.57071152329444885e-02
-5.36416471004486084e-02
4.40966933965682983e-02
6.00285679101943970e-02
-9.18769836425781250e-02
6.80403262376785278e-02
2.22132243216037750e-02
-8.52465108036994934e-02
7.29882493615150452e-02
8.47953185439109802e-02
-4.12199199199676514e-02
4.68352884054183960e-02
-6.91547393798828125e-02
7.65420794486999512e-02
-3.03893536329269409e-02
-8.80083441734313965e-02
6.42594397068023682e-02
-3.79096716642379761e-02
3.55874262750148773e-02
-3.37603650987148285e-02
9.42979156970977783e-02
4.14253361523151398e-02
1.01524740457534790e-01
3.52028459310531616e-02
8.00297260284423828e-02
3.06181553751230240e-02
5.65860681235790253e-02
3.59496567398309708e-03
1.02591976523399353e-01
-4.60568480193614960e-02
4.22314554452896118e-02
5.78349782153964043e-03
8.65600556135177612e-02
-1.34529909119009972e-02
-2.65542026609182358e-02
1.08383363112807274e-02
4.85233291983604431e-02
6.47883489727973938e-02
-4.76681701838970184e-02
4.81030829250812531e-02
1.06376223266124725e-02
1.15017861127853394e-01
-1.56421586871147156e-02
6.90305531024932861e-02
3.39900664985179901e-02
4.37324121594429016e-02
-2.36369352787733078e-02
-1.81247033178806305e-02
8.88787489384412766e-03
2.23662443459033966e-02
4.04488742351531982e-02
-5.18027953803539276e-02
-8.29207152128219604e-02
-1.09972618520259857e-01
9.11285653710365295e-02
2.71145976148545742e-03
-8.40002819895744324e-02
5.33152557909488678e-02
-5.84486909210681915e-02
-4.44143973290920258e-02
-1.76411066204309464e-02
4.33667451143264771e-02
-1.41180157661437988e-01
6.05079531669616699e-02
-1.08494535088539124e-01
9.35899745672941208e-03
-1.09206754714250565e-02
-4.96795177459716797e-02
2.16615237295627594e-02
-6.27908334136009216e-02
-3.24311554431915283e-02
2.90717855095863342e-02
-5.83764091134071350e-02
-2.14941985905170441e-02
5.75748234987258911e-02
4.62064333260059357e-02
-6.48763999342918396e-02
-2.21061985939741135e-02
3.41972932219505310e-02
6.38366937637329102e-02
-7.59600102901458740e-02
-2.12962031364440918e-02
1.89068168401718140e-02
2.44545117020606995e-02
-1.23438425362110138e-02
7.30268582701683044e-02
6.97887614369392395e-02
-5.89491240680217743e-02
3.32122296094894409e-03
8.24318006634712219e-02
7.22620636224746704e-02
-1.04885473847389221e-01
3.07401847094297409e-02
4.30761883035302162e-03
3.92071902751922607e-02
-3.26975658535957336e-02
-1.73947997391223907e-02
-6.06009699404239655e-02
-2.39854529500007629e-02
-4.60277609527111053e-02
-8.89310091733932495e-02
3.41887511312961578e-02
-7.39040747284889221e-02
2.69987843930721283e-02
2.18536909669637680e-02
5.33169694244861603e-02
-3.53134237229824066e-02
2.54901219159364700e-03
2.06919107586145401e-02
-2.03712936490774155e-02
-6.74852505326271057e-02
3.91976116225123405e-03
2.51975506544113159e-02
5.33171370625495911e-03
-5.61869353987276554e-04
-5.84245733916759491e-02
3.48812155425548553e-02
3.28562296926975250e-02
-9.26702320575714111e-02
-5.16170077025890350e-02
9.01638120412826538e-02
5.89318275451660156e-02
6.95876479148864746e-02
-5.19650941714644432e-03
-1.13520510494709015e-01
-2.77933552861213684e-02
-3.02391778677701950e-02
9.36872363090515137e-02
-7.32211098074913025e-02
6.05109520256519318e-03
5.06886951625347137e-02
6.17806501686573029e-02
-5.39657250046730042e-02
-3.90091463923454285e-02
9.65127628296613693e-03
8.11503380537033081e-02
-7.18821510672569275e-02
7.82833769917488098e-02
8.87531563639640808e-02
5.73312453925609589e-02
4.08106446266174316e-02
-6.30593225359916687e-02
9.94841218926012516e-04
-5.62912188470363617e-02
-1.94648560136556625e-02
-9.88205298781394958e-02
-1.27650517970323563e-02
1.58004350960254669e-02
-2.21262965351343155e-02
-5.03041446208953857e-02
-3.47645990550518036e-02
-7.26234912872314453e-02
8.46479758620262146e-02
3.63334119319915771e-02
-6.46575316786766052e-02
3.47775369882583618e-02
-2.61532403528690338e-02
-6.89069032669067383e-02
-7.43413344025611877e-02
-5.94589114189147949e-02
-5.51093108952045441e-02
1.08453296124935150e-01
-7.66315013170242310e-02
-2.48830206692218781e-02
-4.62317280471324921e-03
9.64630618691444397e-02
-3.69326360523700714e-02
-1.36541761457920074e-02
7.80659541487693787e-03
7.75206014513969421e-02
-4.74354885518550873e-02
-4.01920191943645477e-02
1.20300345588475466e-03
4.55225929617881775e-02
7.30952993035316467e-02
-1.53348641470074654e-02
-4.14364458993077278e-03
3.40932458639144897e-02
-3.44386044889688492e-03
2.61675287038087845e-03
-5.71537315845489502e-02
-2.75788884609937668e-02
4.51655574142932892e-02
-4.22954671084880829e-02
-4.25775237381458282e-02
3.51129770278930664e-02
3.89509387314319611e-02
2.61526517570018768e-02
-4.97241653501987457e-02
-8.30878131091594696e-03
-3.00010517239570618e-02
-1.07578013557940722e-03
-1.29724740982055664e-01
4.76061105728149414e-02
-5.38595318794250488e-02
-6.30316808819770813e-02
-7.90535062551498413e-02
7.47197046875953674e-02
-1.10144438222050667e-02
-4.92019318044185638e-02
7.64700621366500854e-02
-4.41613122820854187e-02
6.38790652155876160e-02
-5.76399005949497223e-02
-3.28868143260478973e-02
-4.35501076281070709e-02
-2.05046180635690689e-02
8.01149196922779083e-03
5.61273582279682159e-02
-5.68893104791641235e-02
-7.67113938927650452e-02
9.27385762333869934e-02
6.93312287330627441e-02
-9.85021740198135376e-02
2.81161107122898102e-02
4.81709986925125122e-02
3.65972369909286499e-02
3.34921777248382568e-02
1.95512436330318451e-02
8.10743644833564758e-02
6.56769648194313049e-02
-1.56856048852205276e-02
2.61378102004528046e-02
-1.11960396170616150e-02
-4.57965619862079620e-02
3.28364521265029907e-02
3.22960875928401947e-03
1.05523532256484032e-02
-5.65029606223106384e-02
4.45472113788127899e-02
7.10680484771728516e-02
-9.99241396784782410e-02
-1.17864497005939484e-01
3.78095656633377075e-02
-2.63578351587057114e-02
-6.13851286470890045e-02
-1.70849561691284180e-02
-4.90037910640239716e-03
-5.11581823229789734e-02
-4.28777821362018585e-02
5.02659566700458527e-02
-4.48772571980953217e-02
-5.78332617878913879e-02
-4.57156933844089508e-02
5.07725700736045837e-02
-7.97960013151168823e-02
1.25468047335743904e-02
6.55673742294311523e-02
2.96271275728940964e-02
7.51717910170555115e-02
4.68212319537997246e-03
-2.04419940710067749e-02
2.13071107864379883e-02
2.49511878937482834e-02
-3.89037318527698517e-02
6.49464130401611328e-02
3.77884767949581146e-02
2.35635247081518173e-02
-2.09427289664745331e-02
5.58244399726390839e-02
-2.18818169087171555e-02
-9.38045978546142578e-02
-3.07028423994779587e-02
7.05032749101519585e-03
-4.95255831629037857e-03
8.95332731306552887e-03
-4.44167293608188629e-02
6.57827481627464294e-02
3.17315221764147282e-03
9.95820313692092896e-02
-8.45589675009250641e-03
-4.54978086054325104e-02
-7.30702280998229980e-02
-2.91651301085948944e-02
-1.00190993398427963e-02
-1.28471227362751961e-02
-3.61465327441692352e-02
5.41440863162279129e-03
-1.04815019294619560e-02
4.11881357431411743e-02
8.70408937335014343e-02
-1.25843599438667297e-01
-5.90392872691154480e-02
4.65750806033611298e-02
-2.55872216075658798e-02
1.70293531846255064e-03
-1.29383215680718422e-02
-8.92607495188713074e-02
1.42375215888023376e-01
7.40899741649627686e-02
1.15671521052718163e-02
-1.03672249242663383e-02
-5.25786951184272766e-02
-2.84471791237592697e-02
1.57959125936031342e-02
-3.83910238742828369e-02
1.63535382598638535e-02
2.18573343008756638e-02
-6.08928278088569641e-02
8.21973606944084167e-02
6.57733157277107239e-02
2.34336759895086288e-02
6.45926371216773987e-02
6.81827962398529053e-02
1.02535016834735870e-01
3.23740206658840179e-02
-4.45108041167259216e-02
5.16912341117858887e-02
-2.35154815018177032e-02
1.23809175565838814e-02
-4.14443127810955048e-02
-2.77235591784119606e-03
4.65582534670829773e-02
-3.37645225226879120e-02
5.99780716001987457e-02
1.85540807433426380e-03
-1.21130095794796944e-02
1.68643556535243988e-02
-5.90676516294479370e-02
2.60236058384180069e-02
-1.31395244970917702e-02
-7.91541486978530884e-03
4.85010482370853424e-02
6.72862902283668518e-02
8.33273772150278091e-03
-1.31829595193266869e-02
4.20490056276321411e-02
3.48138958215713501e-02
-3.95765416324138641e-02
1.38620259240269661e-02
-5.74168190360069275e-03
-8.53551104664802551e-02
-3.61428633332252502e-02
3.56679409742355347e-02
7.24886953830718994e-02
3.60570214688777924e-02
8.88787116855382919e-03
3.23216579854488373e-02
3.75855453312397003e-02
2.51460764557123184e-02
2.72818952798843384e-02
-8.35089460015296936e-02
2.87123471498489380e-02
4.91504073143005371e-02
6.85343891382217407e-02
7.95145693700760603e-04
1.44999688491225243e-02
-6.37919232249259949e-02
2.29491516947746277e-02
2.50502619892358780e-02
3.24416570365428925e-02
-1.74809768795967102e-02
1.08156250789761543e-02
8.87774452567100525e-02
6.15003108978271484e-02
1.59915443509817123e-02
-1.75514873117208481e-02
-3.78607138991355896e-02
1.00705318152904510e-01
1.72409582883119583e-02
-1.10793877393007278e-02
-6.73468261957168579e-02
-8.37846919894218445e-02
-1.54419261962175369e-02
8.46591952722519636e-04
-3.32946889102458954e-02
-1.07091553509235382e-02
-8.06802883744239807e-02
2.58508771657943726e-02
-3.15757058560848236e-02
8.14417842775583267e-03
1.00365839898586273e-01
3.41388247907161713e-02
4.85298670828342438e-02
1.01237826049327850e-01
7.20332935452461243e-02
-1.07756666839122772e-01
-1.87708530575037003e-02
-2.54669915884733200e-02
7.39408582448959351e-02
3.55252400040626526e-02
6.98866993188858032e-02
-7.86318778991699219e-02
-2.73343306034803391e-02
-1.07674546539783478e-01
2.87293493747711182e-02
5.05167804658412933e-02
5.90411759912967682e-02
6.48930668830871582e-02
6.12745247781276703e-02
-1.43901156261563301e-02
-1.24810002744197845e-01
6.43679173663258553e-03
-6.48116171360015869e-02
9.57981273531913757e-02
-4.68202084302902222e-02
-3.01946643739938736e-02
3.21691408753395081e-02
-8.97343307733535767e-02
4.24060486257076263e-02
4.68250513076782227e-02
-5.80003336071968079e-02
-6.66106259450316429e-03
3.30757275223731995e-02
5.19748553633689880e-02
5.44539131224155426e-02
-8.37747938930988312e-03
-3.94263193011283875e-02
-1.59326270222663879e-02
-3.34397591650485992e-02
-6.16093203425407410e-02
4.01854664087295532e-02
-1.09491042792797089e-01
8.46388265490531921e-02
-6.20507448911666870e-02
-6.95285052061080933e-02
6.17429055273532867e-02
2.41122283041477203e-02
-5.18866516649723053e-02
-3.47812920808792114e-02
-3.46827171742916107e-02
5.43624795973300934e-02
-3.09415366500616074e-02
-5.04961889237165451e-03
-7.65254348516464233e-02
-1.01018711924552917e-01
2.89663709700107574e-02
-2.36464887857437134e-02
6.02589808404445648e-02
8.41439142823219299e-02
-2.88875885307788849e-02
5.87806217372417450e-02
-1.37172639369964600e-02
-5.54485479369759560e-03
-1.07469975948333740e-01
4.84216809272766113e-02
-6.87616243958473206e-02
-4.39341887831687927e-02
-7.07404315471649170e-02
5.13944700360298157e-02
-1.97506509721279144e-02
4.56743836402893066e-02
-2.28343741036951542e-03
-9.08388495445251465e-02
-1.29695506766438484e-02
3.77889499068260193e-02
7.58176743984222412e-02
6.17353525012731552e-03
-5.17165334895253181e-03
6.59713372588157654e-02
8.46082642674446106e-02
-5.91712258756160736e-02
7.47030749917030334e-02
8.22535436600446701e-03
8.13334956765174866e-02
-1.61330655217170715e-01
-2.55679879337549210e-02
8.86258557438850403e-02
3.61935188993811607e-03
2.56666424684226513e-03
-5.28048686683177948e-02
-2.00630184262990952e-02
4.13061752915382385e-02
-5.56980930268764496e-02
6.24012947082519531e-02
-7.82016217708587646e-02
-2.13562212884426117e-02
-9.39577370882034302e-02
-3.24150733649730682e-02
4.04011271893978119e-02
9.34797525405883789e-02
4.74409870803356171e-02
3.89495752751827240e-02
1.91925503313541412e-02
1.07775675132870674e-02
-7.03273573890328407e-03
1.41693698242306709e-02
5.48817254602909088e-02
2.49023027718067169e-02
8.29179361462593079e-02
4.34564724564552307e-02
2.30089463293552399e-02
-6.94437138736248016e-03
-9.09750461578369141e-02
6.75220265984535217e-02
1.90432555973529816e-02
-7.00414776802062988e-02
9.52529311180114746e-02
-5.55365197360515594e-02
-8.77231657505035400e-02
3.76454219222068787e-02
2.62990035116672516e-02
2.62918919324874878e-02
-4.96573075652122498e-02
-4.29955869913101196e-02
2.23810393363237381e-02
8.42697247862815857e-02
8.33468809723854065e-02
-9.05129387974739075e-02
2.97005213797092438e-02
-4.14277836680412292e-02
4.11241352558135986e-02
1.53510114178061485e-02
4.56513091921806335e-02
6.10130093991756439e-02
-4.52370718121528625e-02
6.45319521427154541e-02
9.50569137930870056e-02
1.49078350514173508e-02
-7.57095813751220703e-02
-3.36225740611553192e-02
1.45410490222275257e-03
4.26467768847942352e-02
-9.11950394511222839e-02
2.45836675167083740e-02
8.79092365503311157e-02
8.89312252402305603e-02
7.85459578037261963e-02
4.95120063424110413e-02
6.66500851511955261e-02
-3.91306914389133453e-02
-1.51563249528408051e-03
-1.19408890604972839e-02
-1.68789811432361603e-02
7.46222212910652161e-02
-9.28454250097274780e-02
6.78348168730735779e-02
-1.03483386337757111e-01
5.55077381432056427e-02
6.32668510079383850e-02
-5.90050518512725830e-02
7.25626051425933838e-02
-5.26442863047122955e-02
-6.78362622857093811e-02
9.36354398727416992e-02
-4.55166809260845184e-02
2.89378897286951542e-03
5.50615638494491577e-02
-1.31034059450030327e-03
-7.22376853227615356e-02
3.40482369065284729e-02
-5.81324882805347443e-02
4.77318614721298218e-02
7.65594914555549622e-02
-1.06868900358676910e-01
7.88616240024566650e-02
-1.16243781521916389e-02
-8.35152622312307358e-03
6.47165477275848389e-02
-1.34009607136249542e-02
6.71180784702301025e-02
8.60600173473358154e-02
-3.15295718610286713e-02
8.53183344006538391e-02
-7.36916214227676392e-02
9.80309247970581055e-02
5.39737083017826080e-02
-8.88885334134101868e-02
2.84868236631155014e-02
1.07663333415985107e-01
9.23809856176376343e-02
-2.57453764788806438e-03
-3.68071766570210457e-03
3.36156971752643585e-02
-8.27253386378288269e-02
-2.49062869697809219e-02
7.28796562179923058e-03
-8.87420624494552612e-02
7.18725472688674927e-02
-1.09415892511606216e-02
4.88762836903333664e-03
-6.63593187928199768e-02
1.74531955271959305e-02
5.10234571993350983e-02
8.12164023518562317e-02
6.98942914605140686e-02
-5.30486926436424255e-02
3.32988463342189789e-02
1.33128948509693146e-02
1.87021251767873764e-02
7.93850272893905640e-02
-1.29625918343663216e-02
-4.75915335118770599e-03
2.98966336995363235e-02
-5.52859678864479065e-02
-8.31761881709098816e-02
-1.50507474318146706e-02
1.52816385030746460e-01
3.08470742311328650e-04
4.79313395917415619e-02
-2.42114420980215073e-02
6.86322376132011414e-02
4.16798032820224762e-02
9.79095175862312317e-02
-6.83535635471343994e-02
-3.21242436766624451e-02
1.77120789885520935e-02
6.44363686442375183e-02
-3.13515067100524902e-02
-2.47109252959489822e-02
1.35695878416299820e-02
-1.11785978078842163e-01
-4.77803386747837067e-02
1.23526090756058693e-02
1.13582955673336983e-02
1.23279131948947906e-01
-1.03747181594371796e-01
6.53355270624160767e-02
-3.36741767823696136e-02
7.26048126816749573e-02
-1.01425513625144958e-01
5.67703358829021454e-02
-5.27528859674930573e-02
9.35179460793733597e-03
3.15028093755245209e-02
-9.47638824582099915e-02
-1.98232270777225494e-02
4.54263873398303986e-02
-6.41393736004829407e-02
-6.38067945837974548e-02
-5.36260455846786499e-02
1.14820286631584167e-01
-4.31257151067256927e-02
9.11210849881172180e-03
-9.69836488366127014e-02
-2.39358171820640564e-02
-1.02795371785759926e-02
-5.85500113666057587e-02
-8.88957455754280090e-02
6.20014294981956482e-02
5.10687381029129028e-02
3.30863669514656067e-02
4.06971899792551994e-03
2.99749523401260376e-02
5.80089390277862549e-02
1.74999460577964783e-02
2.94624138623476028e-02
-2.39204452373087406e-03
-4.36393059790134430e-02
2.33826432377099991e-02
8.72438177466392517e-02
3.78766432404518127e-02
2.59369537234306335e-02
-6.31034001708030701e-02
-6.00512363016605377e-02
7.33954608440399170e-02
-4.36599887907505035e-02
1.48845970630645752e-01
-3.94570268690586090e-02
-5.73205389082431793e-02
-7.06650763750076294e-02
-5.22477217018604279e-02
-7.98092931509017944e-02
-4.02421988546848297e-02
-3.37008312344551086e-02
-1.24809071421623230e-02
-6.41334615647792816e-03
-3.38877998292446136e-02
5.86669780313968658e-02
4.71829809248447418e-02
-5.52600026130676270e-02
-1.13972343504428864e-01
-4.25026901066303253e-02
1.88158825039863586e-02
-4.64703775942325592e-02
5.41134700179100037e-02
5.33304400742053986e-02
-4.90292236208915710e-02
-2.41609825752675533e-03
5.19133172929286957e-02
6.63861408829689026e-02
-3.28544005751609802e-02
1.30620254203677177e-02
5.16187911853194237e-03
5.97059167921543121e-02
8.19676592946052551e-02
-4.80606667697429657e-02
9.28635299205780029e-02
-6.37296214699745178e-02
-1.17025841027498245e-02
6.22627697885036469e-02
-5.48842847347259521e-02
-2.81047318130731583e-02
7.79991075396537781e-02
-9.38287153840065002e-02
-7.89762660861015320e-03
-2.36506480723619461e-02
-1.13276019692420959e-01
6.37106271460652351e-03
-3.30785289406776428e-02
-1.16766272112727165e-02
-7.96499401330947876e-02
2.85253524780273438e-02
-3.05817406624555588e-02
1.56851522624492645e-02
-5.98762463778257370e-03
-8.87837558984756470e-02
3.52210551500320435e-02
-2.21745707094669342e-02
1.40401450917124748e-02
7.64340758323669434e-02
-8.71357023715972900e-02
-2.35840491950511932e-02
7.37184844911098480e-03
8.08736160397529602e-02
5.92692792415618896e-02
-4.37464043498039246e-02
-8.19251760840415955e-02
2.67360545694828033e-03
7.76875913143157959e-02
8.66924971342086792e-02
8.27306583523750305e-02
2.33339965343475342e-02
2.45084669440984726e-02
4.21477518975734711e-02
1.66335813701152802e-02
2.44378484785556793e-02
-1.36696156114339828e-02
7.30618536472320557e-02
8.09260457754135132e-02
1.48839965462684631e-01
-1.01868463680148125e-02
8.09936076402664185e-02
6.07597939670085907e-02
2.75710280984640121e-02
3.12058869749307632e-02
8.09388533234596252e-02
-6.77626878023147583e-02
-2.51195207238197327e-03
7.60569050908088684e-02
-5.95131479203701019e-02
1.20266690850257874e-01
9.18576717376708984e-02
7.83199444413185120e-02
7.62554779648780823e-02
8.33411589264869690e-02
1.29233449697494507e-01
5.73282726109027863e-02
-9.08816456794738770e-02
-7.04272016882896423e-02
-6.06773942708969116e-02
7.82363265752792358e-02
3.78189571201801300e-02
-4.41629290580749512e-02
6.80828243494033813e-02
4.00304347276687622e-02
3.72532829642295837e-02
-1.09780058264732361e-01
-1.27807781100273132e-01
-6.60633742809295654e-02
6.93215206265449524e-02
-1.17163434624671936e-01
-4.51020859181880951e-02
6.83989888057112694e-03
-3.72017212212085724e-02
-1.96404084563255310e-02
5.96035970374941826e-03
4.75131012499332428e-02
-2.72595807909965515e-02
-2.65433005988597870e-02
-7.39961415529251099e-02
1.20529934763908386e-01
1.62814650684595108e-02
-7.47474208474159241e-02
-3.61220585182309151e-03
9.02248322963714600e-02
7.16194286942481995e-02
3.21463532745838165e-02
-4.71823140978813171e-02
-6.59309104084968567e-02
9.51382815837860107e-02
-2.04715207219123840e-02
1.16257055196911097e-03
-6.00692629814147949e-03
-4.54827584326267242e-02
-8.23350772261619568e-02
7.02401921153068542e-02
8.32503736019134521e-02
-6.98450431227684021e-02
5.15263862907886505e-02
5.69461770355701447e-02
4.03498578816652298e-03
-1.27013167366385460e-02
8.35285261273384094e-02
1.10140321776270866e-02
-4.03217151761054993e-02
5.12089841067790985e-02
-9.40140187740325928e-02
1.91089883446693420e-02
-7.20631703734397888e-02
7.43507295846939087e-02
-2.22034212201833725e-02
-7.53971636295318604e-02
-1.98345221579074860e-02
-2.99320239573717117e-02
5.17928451299667358e-02
8.43245089054107666e-02
-2.49521117657423019e-02
6.76341727375984192e-02
2.12809233926236629e-03
-2.02104039490222931e-02
-1.28864496946334839e-02
7.09686847403645515e-03
3.16323041915893555e-02
5.08847981691360474e-02
5.69742396473884583e-02
-5.02274520695209503e-02
-7.56478905677795410e-02
8.13067778944969177e-02
4.54862415790557861e-02
3.70279960334300995e-02
5.70238344371318817e-02
-1.93817298859357834e-02
-3.73072698712348938e-02
8.89416858553886414e-02
3.86343002319335938e-02
6.87491819262504578e-02
1.24323770403862000e-01
-2.95010525733232498e-02
5.57535625994205475e-02
8.71947929263114929e-02
4.21139271929860115e-03
1.92861557006835938e-02
-7.82791599631309509e-02
-2.22098585218191147e-02
-6.90985918045043945e-02
-3.54032441973686218e-02
2.07840781658887863e-02
2.68666427582502365e-02
6.82669207453727722e-02
2.04808358103036880e-02
-8.77984017133712769e-02
-1.35641209781169891e-02
-8.43591913580894470e-02
-5.26935420930385590e-02
2.13684495538473129e-02
-6.02604763116687536e-04
-5.37977144122123718e-02
-2.39124502986669540e-02
4.69971261918544769e-02
5.32129369676113129e-02
2.68177110701799393e-02
-3.32537572830915451e-03
4.90442030131816864e-02
2.80964141711592674e-03
9.45056136697530746e-03
9.19442176818847656e-02
4.56819236278533936e-02
3.89928533695638180e-03
5.52322193980216980e-02
9.71885547041893005e-02
5.23228459060192108e-02
7.79751315712928772e-02
1.15500949323177338e-02
1.01528596132993698e-03
-3.52170653641223907e-02
-9.11501422524452209e-02
-2.10457406938076019e-02
1.66335888206958771e-02
-7.02808350324630737e-02
-1.35170975700020790e-02
7.56193324923515320e-02
8.45529697835445404e-03
5.04004694521427155e-02
-4.01977412402629852e-02
3.33820562809705734e-03
6.01772703230381012e-02
1.21206855401396751e-02
-2.79297027736902237e-03
-2.30280365794897079e-02
-1.70195028185844421e-02
-1.90305598080158234e-02
1.12534430809319019e-03
9.87019389867782593e-03
-7.04637169837951660e-02
-1.05362482368946075e-01
-3.79615575075149536e-02
1.97736732661724091e-03
8.73514711856842041e-02
4.23311293125152588e-02
-5.83145879209041595e-02
-5.08027374744415283e-02
8.60087722539901733e-02
1.29718417301774025e-02
-1.08630564063787460e-02
1.25555042177438736e-02
-4.02251556515693665e-02
-3.93308028578758240e-02
-6.10271319746971130e-02
-5.76759502291679382e-02
-2.74817063473165035e-03
-7.93620478361845016e-03
-3.60265597701072693e-02
1.81537456810474396e-02
1.06858335435390472e-01
-6.91403076052665710e-02
9.04121622443199158e-03
7.00271874666213989e-02
8.65466743707656860e-02
9.86220431514084339e-04
7.96596407890319824e-02
3.93748804926872253e-02
-8.25862139463424683e-02
-7.14530423283576965e-03
4.08843532204627991e-02
-8.93895849585533142e-02
-7.33818411827087402e-02
4.70710471272468567e-02
1.10808119177818298e-01
-7.59175345301628113e-02
-5.16294352710247040e-02
-8.12990441918373108e-02
-7.62298330664634705e-02
-2.07398347556591034e-02
9.58116054534912109e-02
2.02124775387346745e-03
5.97155615687370300e-02
-1.30539049860090017e-03
-4.21334914863109589e-02
-3.34494076669216156e-02
-7.46020451188087463e-02
5.45970834791660309e-02
-2.59180646389722824e-02
-1.40557913109660149e-02
-2.04946584999561310e-02
6.76698982715606689e-02
-5.33978678286075592e-02
-1.90586932003498077e-02
7.40487128496170044e-02
1.06040611863136292e-01
-5.97531674429774284e-03
-4.50698658823966980e-02
2.34957560896873474e-02
3.80605868995189667e-02
4.08992432057857513e-02
-4.24315817654132843e-02
1.01336978375911713e-01
6.90090060234069824e-02
-3.03079895675182343e-02
4.50720228254795074e-02
3.17277610301971436e-02
-7.04016955569386482e-03
2.35728658735752106e-02
-8.23426023125648499e-02
-6.00434020161628723e-02
-7.88160935044288635e-02
-4.58861067891120911e-02
-4.44275848567485809e-02
-3.42586189508438110e-02
-4.49422225356101990e-02
-1.05060882866382599e-01
1.40075180679559708e-02
9.26615819334983826e-02
-5.39328306913375854e-02
-4.40641008317470551e-02
-9.30093303322792053e-02
3.16387647762894630e-03
4.49675954878330231e-02
5.53671345114707947e-02
9.55610796809196472e-02
-2.32002721168100834e-03
1.04726120829582214e-01
-9.93996262550354004e-02
1.32672917097806931e-02
5.85761740803718567e-02
2.81652193516492844e-02
-6.32132589817047119e-02
-2.48365793377161026e-02
-1.07862222939729691e-02
3.80561016499996185e-02
-1.95912998169660568e-02
-7.51283392310142517e-02
-5.58904670178890228e-02
-3.55516932904720306e-02
-4.07352782785892487e-02
5.32211065292358398e-02
7.03105553984642029e-02
5.41138052940368652e-02
-1.05576053261756897e-01
-6.85979574918746948e-02
4.11605089902877808e-02
-1.02943060919642448e-02
-6.61840736865997314e-02
-5.03582432866096497e-02
4.71356846392154694e-02
5.69948069751262665e-02
3.18390666507184505e-04
-5.39752766489982605e-02
7.15591907501220703e-02
-3.09047922492027283e-02
-2.05903239548206329e-02
7.34280124306678772e-02
-8.98631289601325989e-02
-2.33811307698488235e-02
-4.43020351231098175e-02
5.32044970896095037e-04
-1.28678847104310989e-02
4.47565205395221710e-02
1.24253518879413605e-02
7.88881927728652954e-02
7.96096846461296082e-02
8.15825816243886948e-03
6.16373084485530853e-02
-6.25814348459243774e-02
-7.03853219747543335e-02
5.71421673521399498e-03
1.62967331707477570e-02
-4.09614332020282745e-02
-4.09404337406158447e-02
-1.15401363000273705e-02
-2.33480855822563171e-02
-2.67201270908117294e-02
7.07638412714004517e-02
4.08569090068340302e-02
-3.81379909813404083e-02
7.26789012551307678e-02
-7.33967497944831848e-03
-5.72879426181316376e-02
3.73718366026878357e-02
-8.57231989502906799e-02
8.86808857321739197e-02
-2.80311461538076401e-02
-6.69146850705146790e-02
1.09403030946850777e-02
-8.03567562252283096e-03
-1.55094293877482414e-02
4.17006015777587891e-02
3.36309187114238739e-02
5.95067590475082397e-02
-1.25606637448072433e-02
6.12677447497844696e-02
-3.53214591741561890e-02
-8.98821428418159485e-02
-7.06853047013282776e-02
-4.91284728050231934e-02
3.19724455475807190e-02
-2.68789846450090408e-02
4.72268313169479370e-02
-5.00928573310375214e-02
-3.43176238238811493e-02
-6.57770484685897827e-02
5.20138815045356750e-02
-3.61151769757270813e-02
-1.11654855310916901e-01
2.20400393009185791e-02
-6.79841935634613037e-02
-7.30210021138191223e-02
-5.68476207554340363e-02
7.54614323377609253e-02
6.31061494350433350e-02
-3.86817678809165955e-02
-4.24606837332248688e-02
5.51344500854611397e-03
1.47084500640630722e-02
8.67390707135200500e-02
-2.49128788709640503e-03
6.28670528531074524e-02
-4.00710590183734894e-02
-7.30870710685849190e-03
3.97107228636741638e-02
7.68431276082992554e-02
-4.24575433135032654e-02
-3.87260802090167999e-02
9.09311994910240173e-02
-4.07711528241634369e-02
-2.28616967797279358e-02
-1.91618921235203743e-03
8.13426151871681213e-02
-1.84730608016252518e-02
-7.68241882324218750e-02
-7.95970205217599869e-03
3.60513757914304733e-03
-1.22244738042354584e-01
5.00969253480434418e-02
-3.25512327253818512e-02
1.08207359910011292e-01
-6.65918141603469849e-02
-4.86391596496105194e-02
1.26781448721885681e-01
8.48272517323493958e-02
-6.99815675616264343e-02
-2.85916239954531193e-03
6.61647543311119080e-02
-5.53336516022682190e-02
-6.28718361258506775e-02
9.59374606609344482e-02
9.97189208865165710e-02
-6.47826418280601501e-02
6.48177862167358398e-02
-7.61355459690093994e-02
-7.14106252416968346e-03
4.55419681966304779e-02
6.04732148349285126e-02
-9.40973032265901566e-03
5.88441230356693268e-02
2.17407708987593651e-03
6.90226852893829346e-02
9.31956097483634949e-02
-1.06963798403739929e-01
-7.98704326152801514e-02
-9.13610588759183884e-03
-5.72248138487339020e-02
-9.25441738218069077e-03
-5.44118322432041168e-02
5.23966699838638306e-02
2.12786183692514896e-03
-3.00601888447999954e-02
7.91809558868408203e-02
7.20956549048423767e-02
6.99911266565322876e-02
-4.80563985183835030e-03
-7.16600865125656128e-02
7.43577769026160240e-03
-4.06497940421104431e-02
-8.53497609496116638e-02
7.71884173154830933e-02
-3.51817011833190918e-02
-7.44621232151985168e-02
-8.61966460943222046e-02
5.38577884435653687e-02
3.70419770479202271e-02
-6.43581226468086243e-02
-1.18144653737545013e-01
4.93149273097515106e-02
-2.18764822930097580e-02
9.44222062826156616e-02
-4.11458238959312439e-02
-2.80521586537361145e-02
-1.28084784373641014e-02
2.37868838012218475e-02
-8.90560168772935867e-03
1.00766338407993317e-01
2.46824882924556732e-02
2.03177761286497116e-02
8.16998537629842758e-03
-5.51775377243757248e-03
2.95368470251560211e-02
1.35923335328698158e-02
5.82480281591415405e-02
-1.19842123240232468e-02
5.50374425947666168e-02
6.90472796559333801e-02
2.49504595994949341e-02
-4.60456311702728271e-02
5.54061084985733032e-02
-5.56735917925834656e-02
-7.50878527760505676e-02
-4.17091362178325653e-02
5.28455898165702820e-03
1.96804106235504150e-02
-2.68240347504615784e-02
1.51790827512741089e-02
-4.51056100428104401e-03
-5.03004901111125946e-02
8.53271856904029846e-02
-1.76038648933172226e-02
-5.47772198915481567e-02
8.03302451968193054e-02
-4.41223829984664917e-02
-3.60048525035381317e-02
-3.67623269557952881e-02
2.99570262432098389e-02
9.16193574666976929e-02
-6.78963363170623779e-02
9.09303352236747742e-02
5.56965917348861694e-02
8.99707339704036713e-03
1.10835686326026917e-01
2.54696328192949295e-02
-2.29313736781477928e-03
-3.85901029221713543e-03
-5.75316697359085083e-02
2.22258660942316055e-02
4.81060296297073364e-02
-4.23645190894603729e-02
-3.02402907982468605e-03
-8.46901088953018188e-02
-1.98768619447946548e-02
-5.23239374160766602e-02
1.37263247743248940e-02
-2.64383796602487564e-02
7.92510509490966797e-02
1.69256832450628281e-02
-3.93893057480454445e-03
7.22833676263689995e-03
5.79829327762126923e-02
-3.04804351180791855e-02
-3.97287756204605103e-02
-3.08553725481033325e-02
1.10797258093953133e-02
-2.64202784746885300e-02
8.19946900010108948e-02
-4.03013564646244049e-02
3.26058603823184967e-02
1.08266450464725494e-01
4.51690256595611572e-02
-2.15136306360363960e-03
3.36803086102008820e-02
-4.10680845379829407e-03
-1.53265455737709999e-02
-7.69860818982124329e-02
-3.62800434231758118e-02
-4.19860333204269409e-02
4.83663156628608704e-02
6.80633485317230225e-02
-4.47775535285472870e-02
-6.83564171195030212e-02
9.50632430613040924e-03
-2.22277455031871796e-02
-2.36103143543004990e-02
6.95862919092178345e-02
-6.65603280067443848e-02
-1.11434541642665863e-01
8.51137861609458923e-02
-3.88230709359049797e-03
-6.19960166513919830e-02
-1.29770552739500999e-02
1.24632209539413452e-01
-3.81491407752037048e-02
7.82029405236244202e-02
9.24525409936904907e-03
1.94901585578918457e-01
2.72555393166840076e-04
-4.32876907289028168e-02
-1.19857881218194962e-02
-9.79971885681152344e-02
-1.06598719954490662e-01
3.56215760111808777e-02
5.08732087910175323e-02
-5.24832867085933685e-03
-3.24106626212596893e-02
1.57026220113039017e-02
3.36278714239597321e-02
-3.33070605993270874e-02
4.56300750374794006e-02
1.27056119963526726e-02
-3.77179235219955444e-02
4.10848371684551239e-02
-9.33711901307106018e-02
3.30552458763122559e-02
5.70607446134090424e-02
-1.96536276489496231e-02
-6.12413510680198669e-02
8.60239658504724503e-03
-8.70103314518928528e-02
-1.03676514700055122e-02
-4.76630441844463348e-02
1.25068109482526779e-02
2.60949805378913879e-02
3.08979973196983337e-02
-2.27330047637224197e-02
-7.46999308466911316e-02
-4.76747862994670868e-02
5.75737506151199341e-02
-4.46450039744377136e-02
-2.70279049873352051e-02
3.61158885061740875e-02
-5.60723431408405304e-02
-6.16511814296245575e-02
1.57945579849183559e-03
9.23560559749603271e-02
2.87048108875751495e-02
-8.62967222929000854e-02
-8.72594304382801056e-03
-5.00145107507705688e-02
7.76457041501998901e-02
3.31293302588164806e-03
9.07096266746520996e-02
-3.92061583697795868e-02
2.15339828282594681e-02
-2.02989876270294189e-02
3.24360094964504242e-03
9.39391031861305237e-02
-1.58765166997909546e-02
4.39620874822139740e-02
4.46088351309299469e-02
7.80922099947929382e-02
7.42564676329493523e-03
5.33366687595844269e-02
-3.82420681416988373e-02
3.43773812055587769e-02
-1.12450465559959412e-01
4.54188557341694832e-03
8.62473845481872559e-02
-4.70778234302997589e-02
-1.94820726756006479e-03
4.98481541872024536e-02
-6.26485124230384827e-02
-1.01746702566742897e-02
-1.14591561257839203e-01
-3.86275947093963623e-02
5.24998083710670471e-02
5.39734996855258942e-02
6.93246722221374512e-02
3.48463840782642365e-02
1.65462717413902283e-02
-6.60728737711906433e-02
-1.27194255590438843e-01
4.74067963659763336e-02
3.24581400491297245e-03
5.66331893205642700e-02
-2.48491000384092331e-02
-1.47391464561223984e-02
-1.65421403944492340e-02
-4.15394157171249390e-02
-7.20367580652236938e-02
4.56741936504840851e-02
3.37071716785430908e-02
3.03864199668169022e-02
9.92400869727134705e-02
1.04927845299243927e-01
-7.32727721333503723e-02
-7.96365067362785339e-02
-2.94108651578426361e-02
-3.90833765268325806e-02
1.31365582346916199e-02
-9.88172367215156555e-02
-7.50965252518653870e-02
-1.02137789130210876e-01
2.84669529646635056e-02
6.86341822147369385e-02
-9.76538956165313721e-02
-6.74708336591720581e-02
-1.02772332727909088e-01
-4.27102558314800262e-02
1.74037087708711624e-02
6.84346780180931091e-02
8.45692083239555359e-02
2.69235782325267792e-02
2.89508700370788574e-02
6.44276663661003113e-02
1.35083287954330444e-01
1.43433868885040283e-01
-2.91149597615003586e-03
1.29435705021023750e-02
2.06780787557363510e-02
-7.92340710759162903e-02
1.26997269690036774e-02
2.23831422626972198e-02
6.72512352466583252e-02
8.15095603466033936e-02
6.14361502230167389e-02
-5.95067441463470459e-02
-7.43993669748306274e-02
6.07622042298316956e-02
2.94311493635177612e-02
6.20147362351417542e-02
-4.80930060148239136e-02
-3.89142259955406189e-02
-5.95989599823951721e-02
2.57502222666516900e-04
-1.73656977713108063e-02
4.14895713329315186e-02
-2.28085722774267197e-02
1.19525650516152382e-02
-2.24172510206699371e-02
-5.84859848022460938e-02
-9.48568107560276985e-04
9.14555042982101440e-02
6.91997334361076355e-02
4.42517250776290894e-02
4.57414984703063965e-02
-4.94909323751926422e-02
-2.56283488124608994e-02
-5.52250593900680542e-02
-1.94169208407402039e-02
5.42784249410033226e-03
4.72804792225360870e-02
3.65246608853340149e-02
8.76022409647703171e-03
-5.04702478647232056e-02
-7.72187784314155579e-02
6.28869235515594482e-02
-2.92355418205261230e-02
-7.43090286850929260e-02
5.61921996995806694e-03
4.92398366332054138e-02
-5.20847812294960022e-02
-1.33507167920470238e-02
-5.87757788598537445e-02
4.42866748198866844e-03
7.02409520745277405e-02
1.65485986508429050e-03
2.75269392877817154e-02
-7.49905034899711609e-02
-9.21119228005409241e-02
-1.82235781103372574e-02
4.51249554753303528e-02
-5.92298153787851334e-03
-1.12251654267311096e-01
-1.19189925491809845e-01
-4.25496026873588562e-02
-1.04220546782016754e-02
6.50635734200477600e-02
-8.35669338703155518e-02
1.05257080867886543e-02
-1.18494689464569092e-01
-5.45396208763122559e-02
-4.05810140073299408e-02
-5.32606849446892738e-03
7.29654431343078613e-02
-5.85149461403489113e-03
-7.04002901911735535e-02
6.64239674806594849e-02
3.79207804799079895e-02
-6.45219460129737854e-02
-2.53632999956607819e-02
1.04174308478832245e-01
3.76474186778068542e-02
8.06240513920783997e-02
1.76063217222690582e-02
6.93104714155197144e-02
3.71902473270893097e-02
-5.65699040889739990e-02
8.53739380836486816e-02
-8.18471238017082214e-03
-9.38282161951065063e-02
3.54995317757129669e-02
6.95164799690246582e-02
8.35617184638977051e-02
-4.05741296708583832e-02
-1.07078902423381805e-01
4.61332201957702637e-02
-7.32207149267196655e-02
9.77873802185058594e-02
-2.73371078073978424e-02
3.80768254399299622e-02
1.14824242889881134e-01
2.92355865240097046e-02
7.81181752681732178e-02
9.13035217672586441e-03
-3.12582217156887054e-02
-2.21266821026802063e-02
6.28853291273117065e-02
-2.27320194244384766e-02
-1.30924843251705170e-02
-3.84580008685588837e-02
-1.68469268828630447e-02
-3.20388413965702057e-02
-6.97021484375000000e-02
1.72503211069852114e-03
1.65476314723491669e-02
-2.77969054877758026e-03
3.14142368733882904e-02
-2.73623201064765453e-03
7.02599296346306801e-03
6.10167831182479858e-02
-4.93720769882202148e-02
-1.18706233799457550e-01
-9.90971997380256653e-02
-1.11783361062407494e-02
-3.81438098847866058e-02
4.60162423551082611e-02
1.66097823530435562e-02
3.77090983092784882e-02
-1.99411883950233459e-02
-2.47766822576522827e-02
-1.67955476790666580e-02
8.94162654876708984e-02
7.48515427112579346e-02
8.17916635423898697e-03
-1.07606545090675354e-01
-7.70601350814104080e-03
5.16205169260501862e-02
5.72155043482780457e-03
-5.48490658402442932e-02
6.23398199677467346e-02
5.05234077572822571e-02
-7.85952061414718628e-02
-5.08998855948448181e-02
-2.99537535756826401e-02
2.40464718081057072e-03
-1.81267391890287399e-02
-1.19366953149437904e-02
1.64294857531785965e-02
-6.17199540138244629e-02
-1.08957057818770409e-02
1.70041117817163467e-02
-3.43157015740871429e-02
6.05561770498752594e-02
-6.97249472141265869e-02
2.89690066128969193e-02
4.27112132310867310e-02
5.42331114411354065e-02
-4.27916981279850006e-02
3.94167006015777588e-03
3.17053981125354767e-02
6.09088130295276642e-02
-1.02281585335731506e-01
1.80827043950557709e-02
4.62361723184585571e-02
5.26692047715187073e-02
2.95981578528881073e-02
-8.46124738454818726e-02
1.03096745908260345e-01
6.26499727368354797e-02
6.83905743062496185e-03
9.93864834308624268e-02
4.63210307061672211e-02
2.39388588815927505e-02
8.60257372260093689e-02
-8.10473486781120300e-02
-7.50434100627899170e-02
7.72926723584532738e-03
5.58409020304679871e-02
8.76648500561714172e-02
5.60444779694080353e-02
-4.25286404788494110e-03
-1.15515321493148804e-01
-5.64628280699253082e-02
-6.42195492982864380e-02
-9.28120091557502747e-02
-9.00217220187187195e-02
5.55365756154060364e-02
4.51075471937656403e-02
8.72719362378120422e-02
-6.35461416095495224e-03
-7.76666961610317230e-03
-6.19417354464530945e-02
-3.06421983987092972e-02
-3.46141755580902100e-02
-4.75027412176132202e-02
-8.41839388012886047e-02
-1.48718068376183510e-02
9.49227437376976013e-02
2.56140716373920441e-03
-6.52360841631889343e-02
1.19947548955678940e-02
2.69734952598810196e-02
-3.06104222545400262e-04
1.52100194245576859e-02
-4.57884706556797028e-02
2.19510439783334732e-02
-6.87791109085083008e-02
-8.14948976039886475e-02
2.07404363900423050e-02
5.57467117905616760e-02
-6.98086991906166077e-02
4.68746013939380646e-02
-6.46519288420677185e-02
4.79032145813107491e-03
-5.48134483397006989e-02
-3.53056155145168304e-02
4.24708761274814606e-02
-6.73614367842674255e-02
-4.02105040848255157e-02
-1.70017182826995850e-02
-3.77332791686058044e-02
8.24330821633338928e-02
7.68557712435722351e-02
9.16733685880899429e-03
9.10803792066872120e-04
6.28285855054855347e-02
-7.14491605758666992e-02
9.40269902348518372e-02
-1.48072510957717896e-01
2.09773499518632889e-02
-4.41337823867797852e-02
6.01624771952629089e-02
-7.04680755734443665e-02
5.35755306482315063e-02
-4.47811894118785858e-02
1.42695493996143341e-02
2.08460558205842972e-02
-3.74377369880676270e-02
-3.61361801624298096e-02
1.94404646754264832e-02
-8.08082595467567444e-02
-1.57812517136335373e-02
4.39935512840747833e-02
4.94951233267784119e-02
-5.87326027452945709e-02
-8.20480287075042725e-02
-6.44417479634284973e-02
-2.68424209207296371e-02
-2.49824263155460358e-02
-1.16227410733699799e-01
-8.06112680584192276e-03
7.28609114885330200e-02
3.12838405370712280e-02
8.82134437561035156e-02
-7.13366344571113586e-02
-4.84716221690177917e-02
-5.04615828394889832e-02
4.71829213201999664e-02
-1.51611689943820238e-03
5.52553124725818634e-02
-3.79306171089410782e-03
-2.32790242880582809e-02
-2.99623291939496994e-02
3.57227250933647156e-02
3.20248538628220558e-04
-3.32829132676124573e-02
4.65712994337081909e-02
1.12506851553916931e-01
1.88134796917438507e-02
9.54054370522499084e-02
-1.96914491243660450e-03
3.59043590724468231e-02
4.07265685498714447e-02
3.34664732217788696e-02
6.00280202925205231e-02
-6.21234662830829620e-02
6.88603669404983521e-02
-5.47422505915164948e-02
4.72155585885047913e-02
-1.17408940568566322e-02
-2.19944920390844345e-02
-1.02470219135284424e-02
-8.62582102417945862e-02
3.92926968634128571e-02
-8.27535837888717651e-02
-7.00381845235824585e-02
-6.79103508591651917e-02
2.66079939901828766e-02
-5.60955784749239683e-04
-4.43498678505420685e-02
9.95923653244972229e-02
-9.87303033471107483e-02
-3.03887352347373962e-02
5.60042411088943481e-02
5.77340833842754364e-02
-4.27786447107791901e-02
-6.62137269973754883e-02
5.57698681950569153e-02
-4.03833687305450439e-02
-6.54547363519668579e-02
7.45264813303947449e-02
8.28047171235084534e-02
-1.09679186716675758e-02
-4.84574399888515472e-02
-1.12913805060088634e-03
-7.10105150938034058e-02
-6.12362250685691833e-02
-1.87065973877906799e-02
-1.14345528185367584e-01
-3.24501618742942810e-02
5.84682039916515350e-02
1.02107644081115723e-01
-3.17353084683418274e-02
-3.17507311701774597e-02
-2.64040883630514145e-02
7.75644034147262573e-02
1.50309428572654724e-02
8.11720341444015503e-02
-2.76296939700841904e-02
-3.64440754055976868e-02
2.68598105758428574e-02
-4.78788465261459351e-02
-1.46667202934622765e-02
-2.93363328091800213e-03
9.06879454851150513e-02
2.35106926411390305e-02
5.05027212202548981e-02
-6.06916621327400208e-02
5.44742941856384277e-02
-9.02127325534820557e-02
-6.91806301474571228e-02
5.85152320563793182e-02
-6.06437772512435913e-02
6.33523464202880859e-02
-8.93904045224189758e-02
1.41130164265632629e-02
3.20960097014904022e-02
7.02441409230232239e-02
3.12589071691036224e-02
2.86925919353961945e-02
-2.95817572623491287e-02
-3.64212095737457275e-02
-2.70745120942592621e-02
-1.77087988704442978e-02
5.88457137346267700e-02
-6.64497166872024536e-02
-1.13711068406701088e-02
-4.83653917908668518e-02
-1.45934959873557091e-02
-9.08553786575794220e-03
-4.51764799654483795e-02
-9.05266322661191225e-04
8.72577503323554993e-02
-6.94268122315406799e-02
-1.43348611891269684e-02
-5.29113486409187317e-02
-4.82292994856834412e-02
-2.21254443749785423e-03
5.36444820463657379e-02
6.41293376684188843e-02
-3.53644229471683502e-02
6.75579756498336792e-02
-2.36943922936916351e-02
7.94097185134887695e-02
-5.18171899020671844e-02
1.75434872508049011e-02
-5.72331435978412628e-02
-1.43314069136977196e-02
-3.64024899899959564e-02
6.76959678530693054e-02
1.16065572947263718e-02
-5.74261620640754700e-02
3.78602147102355957e-02
-6.32268488407135010e-02
7.82766714692115784e-02
2.97377109527587891e-02
5.71044953539967537e-03
-6.03217557072639465e-02
-7.82214999198913574e-02
5.82826361060142517e-02
-3.81707884371280670e-02
5.33817522227764130e-02
-6.11475706100463867e-02
-2.72629559040069580e-02
2.67954301089048386e-02
7.46183544397354126e-02
-3.48702110350131989e-02
3.10449721291661263e-03
6.57680183649063110e-02
-8.26349705457687378e-02
3.54406684637069702e-02
5.54521568119525909e-02
-4.91558574140071869e-02
2.00793575495481491e-02
6.35149404406547546e-02
3.31801138818264008e-02
-8.08487385511398315e-02
3.89365926384925842e-02
5.56902363896369934e-02
-4.07767929136753082e-02
9.15579963475465775e-03
7.77281820774078369e-02
-2.67681363038718700e-03
-6.76910430192947388e-02
1.20045598596334457e-02
-9.37491431832313538e-02
7.91100189089775085e-02
-2.97527890652418137e-02
-6.98252767324447632e-02
-1.16980383172631264e-02
-8.26709792017936707e-02
8.83411429822444916e-03
5.77492602169513702e-02
-7.03953728079795837e-02
6.39674579724669456e-03
-5.47062978148460388e-02
-4.63381297886371613e-02
-1.07496082782745361e-02
-4.00074720382690430e-02
6.80372118949890137e-02
-1.10144051723182201e-03
-1.40862790867686272e-02
-8.31372011452913284e-03
8.15010219812393188e-02
2.80552543699741364e-02
-6.57882541418075562e-02
9.71081899479031563e-04
-4.41440306603908539e-02
-6.20521083474159241e-02
-2.47771199792623520e-02
7.36810415983200073e-02
-1.56992729753255844e-02
9.56073701381683350e-02
-1.53519790619611740e-02
-6.26557692885398865e-02
4.43999581038951874e-02
-6.62270188331604004e-02
7.38292336463928223e-02
7.55390748381614685e-02
1.49312225403264165e-04
-3.32445017993450165e-02
3.94782284274697304e-03
-9.92257520556449890e-03
-6.94773793220520020e-02
-4.83616143465042114e-02
3.64759080111980438e-02
-1.62375241052359343e-03
-2.30418574064970016e-02
6.41948822885751724e-03
4.07354384660720825e-02
-1.71557758003473282e-02
-1.72349102795124054e-02
1.90824363380670547e-02
7.38801881670951843e-02
-8.72706547379493713e-02
-3.00523662008345127e-03
-3.76960858702659607e-02
-7.30836316943168640e-02
5.71379903703927994e-03
1.89065206795930862e-02
-2.20707580447196960e-02
1.35346269235014915e-02
-4.50652875006198883e-02
6.53369650244712830e-02
-6.19736872613430023e-02
-7.12169855833053589e-02
-3.44022689387202263e-03
4.54065203666687012e-02
-5.66651821136474609e-02
5.84289431571960449e-02
-3.86629849672317505e-02
6.66738450527191162e-02
-1.07859270647168159e-02
7.74612352252006531e-02
-6.42443671822547913e-02
1.61333498544991016e-03
5.90279959142208099e-02
1.34194390848278999e-02
-1.01312167942523956e-01
-5.49103021621704102e-02
-1.53141282498836517e-03
4.41505759954452515e-02
-9.22749266028404236e-02
-6.58198148012161255e-02
2.67777945846319199e-02
-1.07030011713504791e-02
1.03397257626056671e-02
4.88348789513111115e-02
-4.89847916469443589e-05
-4.54842969775199890e-02
1.77327543497085571e-02
2.71752085536718369e-02
-4.32815626263618469e-02
-2.75481641292572021e-02
8.99236872792243958e-02
-3.30287590622901917e-02
-9.13959667086601257e-02
4.89382147789001465e-02
8.91099274158477783e-02
5.61889586970210075e-03
-7.75250941514968872e-02
3.15545909106731415e-02
-6.34072646498680115e-02
4.78822775185108185e-02
1.08724823221564293e-02
-2.79046241194009781e-02
-1.46856224164366722e-02
-5.66816842183470726e-03
-3.48184863105416298e-03
1.61423850804567337e-02
6.87323659658432007e-02
-1.11109642311930656e-02
4.51698377728462219e-02
-6.64145918563008308e-03
-3.25489672832190990e-03
9.39372777938842773e-02
8.19454714655876160e-02
-4.46355529129505157e-02
5.02193830907344818e-02
2.05229166895151138e-02
3.15183624625205994e-02
7.66761973500251770e-02
2.72712809965014458e-03
-5.26589937508106232e-02
1.85586791485548019e-02
-6.06920346617698669e-02
2.82103680074214935e-02
1.04590589180588722e-02
4.72906716167926788e-02
4.91352677345275879e-02
-5.33515810966491699e-02
2.06425823271274567e-02
-5.34013397991657257e-02
-3.52649427950382233e-02
6.74605742096900940e-02
4.43237535655498505e-02
-1.70569662004709244e-02
-4.48390059173107147e-02
6.99983984231948853e-02
-9.32975932955741882e-02
-3.41629274189472198e-02
-1.67588032782077789e-02
9.17669311165809631e-02
3.19566242396831512e-02
3.47497351467609406e-02
7.91761949658393860e-02
-3.43347378075122833e-02
-4.82119945809245110e-03
-4.67161275446414948e-03
-9.23238471150398254e-02
-3.11341453343629837e-02
3.40720601379871368e-02
-2.08619628101587296e-02
-9.63074564933776855e-02
-9.81322750449180603e-02
-3.59363928437232971e-02
-7.90454447269439697e-02
-2.92910914868116379e-02
-8.85527655482292175e-02
3.60400453209877014e-02
-2.84227430820465088e-02
-2.91284304112195969e-02
-1.43804587423801422e-02
-3.00853978842496872e-02
7.43400231003761292e-02
-8.35864171385765076e-02
2.35460493713617325e-02
3.19387391209602356e-02
-7.35183656215667725e-02
-2.89734136313199997e-02
1.05427959933876991e-02
9.84611213207244873e-02
2.04256195574998856e-02
4.07427102327346802e-02
9.69431549310684204e-02
1.50269217556342483e-04
-7.92385563254356384e-02
-2.37683597952127457e-02
7.18145743012428284e-02
-7.66297951340675354e-02
-1.04573115706443787e-01
7.67507851123809814e-02
6.89936131238937378e-02
3.28770801424980164e-02
4.08829115331172943e-02
5.12183047831058502e-02
-4.23510037362575531e-02
-5.52109852433204651e-02
-7.61188492178916931e-02
-5.92133738100528717e-02
-1.50190452113747597e-02
3.03046647459268570e-02
3.68020981550216675e-02
-3.63865420222282410e-02
1.29333762452006340e-02
-2.25026961416006088e-02
6.73698708415031433e-02
-2.14685145765542984e-02
6.60455748438835144e-02
6.08682110905647278e-02
1.03755638003349304e-01
-4.20317165553569794e-02
-3.80782186985015869e-02
8.24006125330924988e-02
-3.04216388612985611e-02
2.29350272566080093e-02
4.92111518979072571e-02
2.46000383049249649e-03
1.27057163044810295e-02
-8.52273851633071899e-02
-1.23413102701306343e-02
1.49563085287809372e-02
7.08131939172744751e-02
-6.48900866508483887e-02
5.79534471035003662e-02
-3.38339917361736298e-02
-1.97327621281147003e-02
1.76810920238494873e-02
-2.23457589745521545e-02
1.70246474444866180e-02
4.39812727272510529e-02
-8.81577748805284500e-03
-1.85161419212818146e-02
2.00045891106128693e-02
-9.16202664375305176e-02
-2.27440092712640762e-02
-4.81735393404960632e-02
-4.79841269552707672e-02
-9.11200139671564102e-03
4.29615750908851624e-02
-5.95556534826755524e-02
-2.52171121537685394e-02
-8.89491364359855652e-02
-7.91128799319267273e-02
-7.37452730536460876e-02
-1.18630141019821167e-01
-4.92161326110363007e-02
-4.82738614082336426e-02
7.92399197816848755e-02
-2.72696446627378464e-02
3.87124456465244293e-02
1.51654168963432312e-01
6.88212811946868896e-02
-1.41959041357040405e-02
-4.08570021390914917e-02
1.06386378407478333e-01
-3.71637456119060516e-02
4.10550981760025024e-02
-6.76521658897399902e-02
-3.64995300769805908e-02
2.86088865250349045e-02
5.54880797863006592e-02
4.27048094570636749e-02
6.29495754837989807e-02
-6.10685236752033234e-02
4.33717332780361176e-02
6.61452114582061768e-02
-8.30288082361221313e-02
5.05961440503597260e-02
-4.71215471625328064e-02
1.15864105522632599e-01
6.96980804204940796e-02
1.59548874944448471e-02
5.39862774312496185e-02
-7.16568008065223694e-02
1.38725126162171364e-02
-6.90996367484331131e-03
7.25041925907135010e-02
-6.04084180667996407e-03
-2.29048542678356171e-02
6.32002130150794983e-02
5.49219734966754913e-02
-3.54081615805625916e-02
-7.16819986701011658e-02
6.20041191577911377e-02
-6.49004429578781128e-02
5.95469512045383453e-02
-9.69248563051223755e-02
-8.12337473034858704e-02
-4.20586988329887390e-02
-9.72192063927650452e-02
1.58143684267997742e-01
8.98010004311800003e-03
8.63680243492126465e-02
-2.88180820643901825e-02
5.69386295974254608e-02
-8.75264555215835571e-02
2.33718026429414749e-02
-1.68839022517204285e-02
-1.25638013705611229e-02
-2.08916682749986649e-02
1.11584536731243134e-01
-3.68046835064888000e-02
-5.49369454383850098e-02
2.91967429220676422e-02
-2.21876595169305801e-02
-5.98229393362998962e-02
7.63401314616203308e-02
-3.40428501367568970e-02
-1.13779164850711823e-01
5.90910427272319794e-02
-3.52768115699291229e-02
-8.66821501404047012e-03
-8.81287734955549240e-04
2.27758102118968964e-02
-1.02501781657338142e-02
-1.09570823609828949e-01
5.45696914196014404e-02
-2.87375226616859436e-02
1.06821492314338684e-01
-8.57107788324356079e-02
-7.71300196647644043e-02
4.07870300114154816e-02
-5.32919988036155701e-02
-7.82525837421417236e-02
-3.82706895470619202e-02
-1.18384398519992828e-01
4.19252254068851471e-02
8.85346438735723495e-03
6.14062994718551636e-02
8.30156821757555008e-03
2.19245371408760548e-03
2.51600500196218491e-02
-2.17105746269226074e-02
-1.09437435865402222e-01
-3.04601900279521942e-02
1.87513639684766531e-03
-9.40551310777664185e-02
-9.82193276286125183e-03
-2.62742470949888229e-02
-6.29152581095695496e-02
5.60330785810947418e-02
-4.45072213187813759e-03
-5.80766797065734863e-02
-3.44772338867187500e-02
-4.97929714620113373e-02
1.73034667968750000e-02
5.94807416200637817e-02
6.97158649563789368e-02
4.80740293860435486e-02
-4.75166402757167816e-02
7.52985998988151550e-02
-1.36632099747657776e-02
-9.91881452500820160e-03
5.44654019176959991e-02
-1.32950887084007263e-01
1.94605551660060883e-02
-5.83805702626705170e-02
-7.88984969258308411e-02
1.70748736709356308e-02
-2.11608465760946274e-02
4.58223894238471985e-02
5.96634931862354279e-02
2.23136488348245621e-02
-1.09337605535984039e-02
3.62922698259353638e-02
7.11369216442108154e-02
-2.41051558405160904e-02
-7.60565400123596191e-02
7.19757527112960815e-02
-8.90287607908248901e-02
2.60758516378700733e-03
-7.57278576493263245e-02
6.03686645627021790e-02
4.93667647242546082e-02
1.18695475161075592e-01
5.13332989066839218e-03
8.03926121443510056e-03
-1.06023222208023071e-01
5.50265498459339142e-02
1.89109798520803452e-02
1.80564615875482559e-02
-7.33284205198287964e-02
-2.04768986441195011e-03
-9.68611706048250198e-03
5.27625456452369690e-02
1.02415665984153748e-01
-4.50685359537601471e-02
9.66097712516784668e-02
-6.35493695735931396e-02
7.50484541058540344e-02
4.48371246457099915e-02
-4.38985861837863922e-02
-7.23730027675628662e-02
6.46896883845329285e-02
-1.99038479477167130e-02
7.26999267935752869e-02
9.50156524777412415e-02
1.67028382420539856e-02
1.99587754905223846e-02
-8.08657929301261902e-02
3.19915916770696640e-03
-8.81975889205932617e-02
-7.69615545868873596e-02
-6.58081546425819397e-02
-2.01949244365096092e-03
4.70222048461437225e-02
-2.72317621856927872e-02
4.36861664056777954e-02
-7.73271918296813965e-02
9.26709249615669250e-02
2.62371171265840530e-02
-1.03024495765566826e-02
4.76608052849769592e-02
2.24446617066860199e-02
-9.26721841096878052e-02
-8.82105976343154907e-02
-5.03484308719635010e-02
6.93618580698966980e-02
6.70028626918792725e-02
9.67427641153335571e-02
-4.73453179001808167e-02
-1.73133332282304764e-03
9.69430580735206604e-02
4.15881946682929993e-02
2.92614810168743134e-02
-3.75470705330371857e-02
7.13732885196805000e-03
-3.22013050317764282e-02
4.35561090707778931e-02
2.47023217380046844e-02
8.56457650661468506e-02
9.44371223449707031e-02
-1.01005602627992630e-02
-6.46959897130727768e-03
-9.33334007859230042e-02
6.75661340355873108e-02
-8.21180194616317749e-02
1.08965458348393440e-02
6.93119466304779053e-02
-1.83888897299766541e-02
3.62849719822406769e-02
-5.74988983571529388e-02
-1.17903038859367371e-01
6.71311616897583008e-02
5.33085428178310394e-02
-7.16537013649940491e-02
-5.21441958844661713e-02
-5.03277778625488281e-02
3.33797261118888855e-02
4.28323931992053986e-02
-3.72896119952201843e-02
4.80906153097748756e-03
1.57936401665210724e-02
1.65229253470897675e-02
-2.39205267280340195e-02
-1.09797548502683640e-02
1.04250162839889526e-02
-2.25885491818189621e-02
2.19238381832838058e-02
-4.29390929639339447e-02
3.81475687026977539e-03
6.77034072577953339e-03
1.32718104869127274e-02
-5.22785410284996033e-02
7.34810158610343933e-02
3.66687891073524952e-03
-1.13362535834312439e-01
-7.01697263866662979e-03
-8.92011895775794983e-02
3.73690277338027954e-02
5.69726079702377319e-02
-5.33827627077698708e-03
-5.16192726790904999e-02
-2.68690772354602814e-02
1.12845316529273987e-01
-5.97751960158348083e-02
-3.43881212174892426e-02
1.27011183649301529e-02
9.05548706650733948e-02
-5.21218823269009590e-03
-5.38320504128932953e-02
-8.16559270024299622e-02
-6.17452934384346008e-02
-2.51532234251499176e-02
2.27940324693918228e-02
2.98686907626688480e-03
3.13984639942646027e-02
1.68249495327472687e-02
-6.33751675486564636e-02
-1.99200902134180069e-02
2.65688989311456680e-02
8.31918492913246155e-02
-3.83301936089992523e-02
1.80864986032247543e-02
2.00207959860563278e-02
1.66352670639753342e-02
-7.51012116670608521e-02
9.06465351581573486e-02
-5.79266110435128212e-03
-6.21528588235378265e-02
2.15970203280448914e-02
-5.86951635777950287e-02
-4.24486659467220306e-02
2.35205683857202530e-02
8.25357809662818909e-02
7.44026154279708862e-02
-7.47383981943130493e-02
-6.92661106586456299e-02
-1.15042245015501976e-02
-5.47228641808032990e-02
-6.07372820377349854e-02
-5.27766421437263489e-02
-3.86319425888359547e-03
-3.38216312229633331e-02
9.10580754280090332e-02
-4.57638762891292572e-02
-2.40010279230773449e-03
2.22495105117559433e-02
2.39874031394720078e-02
1.06222264468669891e-01
8.31162035465240479e-02
9.05015692114830017e-02
5.98961450159549713e-02
9.32716056704521179e-02
8.21657758206129074e-03
4.58788685500621796e-02
9.55867208540439606e-03
4.56230938434600830e-02
-3.28110195696353912e-02
1.05989851057529449e-01
-4.86811362206935883e-02
3.93484905362129211e-02
-7.63830468058586121e-02
-3.01937409676611423e-03
3.84695231914520264e-02
4.45490963757038116e-02
6.54562339186668396e-02
-1.48231089115142822e-02
-3.82006354629993439e-02
-6.02037198841571808e-02
-9.16190147399902344e-02
8.95778834819793701e-02
4.13728021085262299e-02
-2.83992346376180649e-02
-6.76486641168594360e-02
7.93055072426795959e-02
-9.48987714946269989e-03
6.48666918277740479e-02
-7.04758167266845703e-02
-1.61497276276350021e-02
-4.30377610027790070e-02
4.32036146521568298e-02
-5.31242713332176208e-02
7.91295617818832397e-03
9.43487063050270081e-02
7.05252662301063538e-02
7.79005438089370728e-02
9.45411622524261475e-02
-5.39055019617080688e-02
-8.87459665536880493e-02
-5.14879822731018066e-02
-6.48816823959350586e-02
-1.50975268334150314e-02
-7.21561387181282043e-02
-5.31322024762630463e-02
-2.76917647570371628e-02
8.59039202332496643e-02
4.40863147377967834e-02
3.54511924088001251e-02
-1.73958428204059601e-02
6.90314592793583870e-03
-8.82753804326057434e-02
6.40702918171882629e-02
8.46555978059768677e-02
-8.65730643272399902e-03
2.26052775979042053e-02
4.63870130479335785e-02
6.86125755310058594e-02
-4.71468828618526459e-03
4.06585410237312317e-02
-6.99376314878463745e-02
-6.87061399221420288e-02
-1.04686416685581207e-01
-5.16217425465583801e-02
3.65141369402408600e-02
4.27281484007835388e-03
-7.49921649694442749e-02
5.33168129622936249e-02
-7.63684660196304321e-02
-5.31328953802585602e-02
-5.32957576215267181e-02
-3.35772568359971046e-03
7.12643191218376160e-02
-7.77749046683311462e-02
-3.76520715653896332e-02
-2.88283936679363251e-02
-4.19089160859584808e-02
4.19383496046066284e-02
5.76376356184482574e-02
-1.14625796675682068e-01
1.06199651956558228e-01
-8.04447531700134277e-02
-6.28263950347900391e-02
-6.89187794923782349e-02
2.10428144782781601e-02
-6.11522570252418518e-02
-9.73681360483169556e-02
4.46056714281439781e-03
-4.30182665586471558e-02
2.18632444739341736e-02
-7.56270289421081543e-02
4.85732872039079666e-03
5.86371980607509613e-02
-4.66875545680522919e-02
1.04804508388042450e-01
-4.32635955512523651e-02
-3.52484136819839478e-02
6.46206438541412354e-02
7.16609135270118713e-02
5.32374605536460876e-02
3.52157875895500183e-02
-2.13094670325517654e-02
-5.98192289471626282e-02
1.30699640139937401e-02
2.75782477110624313e-02
1.03689931333065033e-01
-6.43253922462463379e-02
2.88788937032222748e-02
-1.20199983939528465e-02
4.05655503273010254e-02
-7.18659833073616028e-02
-8.37739035487174988e-02
5.84266968071460724e-02
-6.42550140619277954e-02
7.82917961478233337e-02
3.73919717967510223e-02
-4.17472608387470245e-02
8.93948897719383240e-02
-7.66395106911659241e-02
2.44286041706800461e-02
-4.52779531478881836e-02
-4.49609123170375824e-02
3.53112220764160156e-02
-5.47161661088466644e-02
-4.04923781752586365e-02
-6.43158629536628723e-02
-7.79810920357704163e-02
-6.33498802781105042e-02
2.06181537359952927e-02
-4.67687994241714478e-02
3.24806794524192810e-02
1.97190442122519016e-03
4.09894734621047974e-02
6.33384808897972107e-02
-6.03639557957649231e-02
-5.86225427687168121e-02
-2.74612539215013385e-04
-3.33177447319030762e-02
-3.04332915693521500e-02
1.74487568438053131e-02
-7.38413780927658081e-02
7.06580057740211487e-02
-1.33188217878341675e-02
-1.63631606847047806e-02
9.21468362212181091e-02
-8.70225876569747925e-02
-3.60166989266872406e-02
3.05259674787521362e-02
-1.03200726211071014e-01
-8.27430784702301025e-02
-4.47915270924568176e-02
-9.60582941770553589e-02
3.47257293760776520e-02
-3.22522991336882114e-03
-5.66926551982760429e-03
-2.04738434404134750e-02
1.75414029508829117e-02
-2.46044471859931946e-02
-5.63171356916427612e-02
-7.27945417165756226e-02
-4.41785380244255066e-02
6.38588219881057739e-02
-3.92982661724090576e-02
-9.63786616921424866e-04
-2.78992969542741776e-02
-7.26872161030769348e-02
8.68442133069038391e-02
6.24415837228298187e-02
6.71519413590431213e-02
5.64221516251564026e-02
3.77793386578559875e-02
6.13769032061100006e-02
-9.80964377522468567e-02
-9.67545434832572937e-03
5.22581338882446289e-02
6.24988675117492676e-02
4.21742983162403107e-02
-6.16688430309295654e-02
-1.44204255193471909e-02
-5.34474775195121765e-02
-3.04662287235260010e-02
-9.16232168674468994e-02
8.82528629153966904e-03
3.53866554796695709e-02
3.33845801651477814e-02
-3.12285777181386948e-03
7.63726275181397796e-05
-7.51429945230484009e-02
7.18959271907806396e-02
5.17947487533092499e-02
-3.42155955731868744e-02
1.40029080212116241e-02
-6.38760253787040710e-03
1.20547421276569366e-01
7.74625092744827271e-02
-4.90753613412380219e-02
-2.18822882743552327e-04
9.63299274444580078e-02
1.37716904282569885e-01
-9.24942865967750549e-02
4.23118025064468384e-02
-2.37293839454650879e-02
8.07975232601165771e-02
2.71788239479064941e-02
-1.67339313775300980e-02
8.49458053708076477e-02
2.15161684900522232e-02
-1.46528691053390503e-01
-5.93075118958950043e-02
2.21899896860122681e-03
6.22004494071006775e-02
-1.27494512125849724e-02
-1.12798228859901428e-01
1.52177643030881882e-02
-7.67301544547080994e-02
-3.55789996683597565e-03
-7.06939175724983215e-02
2.58547738194465637e-02
2.99035850912332535e-02
-3.47056351602077484e-02
-1.63813754916191101e-02
-1.92485209554433823e-02
1.03631146252155304e-01
-2.25858911871910095e-02
-2.50327959656715393e-02
6.45263418555259705e-02
-1.27448178827762604e-02
3.25829684734344482e-02
-1.98333859443664551e-02
-1.59514024853706360e-02
1.01010501384735107e-03
7.92063251137733459e-02
5.57994544506072998e-02
-5.45599013566970825e-02
-2.82002389430999756e-02
1.16344783455133438e-02
-6.83815330266952515e-02
6.52390271425247192e-02
2.03528814017772675e-02
6.31594508886337280e-02
8.97183492779731750e-02
-7.06228613853454590e-02
4.37499247491359711e-02
-3.96208763122558594e-02
1.53414346277713776e-02
-1.05779832229018211e-02
4.60857748985290527e-02
-3.97407375276088715e-02
-1.11937485635280609e-02
-1.66506413370370865e-02
1.00364953279495239e-01
-6.99014812707901001e-02
-8.49564447999000549e-02
-3.90338897705078125e-02
-6.20660856366157532e-02
6.95665627717971802e-02
-1.61623079329729080e-02
7.63690695166587830e-02
8.22831410914659500e-03
-4.08948026597499847e-02
-4.25536595284938812e-02
-8.66193547844886780e-02
-9.34309065341949463e-02
-1.13175481557846069e-01
2.54398342221975327e-02
4.54618111252784729e-02
7.56204947829246521e-02
-7.11096823215484619e-02
-8.43633636832237244e-02
7.53601044416427612e-02
-1.52601506561040878e-02
2.25130356848239899e-02
-1.29803732037544250e-01
-4.59426008164882660e-02
3.46892885863780975e-02
3.86828999035060406e-03
-3.84825393557548523e-02
-7.99986198544502258e-02
8.86204019188880920e-02
7.89280682802200317e-02
5.13067394495010376e-02
-1.81458145380020142e-02
4.84685320407152176e-03
-6.64874762296676636e-02
-3.55634577572345734e-02
-3.68340462446212769e-02
-7.22606331110000610e-02
5.86623549461364746e-02
1.21777122840285301e-02
3.41136641800403595e-02
-7.39863291382789612e-02
-3.32248508930206299e-02
2.41615250706672668e-02
-2.88999993354082108e-02
-2.33003534376621246e-02
6.24289847910404205e-02
-4.78652715682983398e-02
8.40294137597084045e-02
6.65240809321403503e-02
-3.83305326104164124e-02
-6.66607022285461426e-02
-5.51798380911350250e-02
8.03899541497230530e-02
-1.14159975200891495e-02
6.67219236493110657e-02
-8.77902507781982422e-02
8.10316801071166992e-02
7.55782574415206909e-02
-3.91676276922225952e-02
-4.26581501960754395e-02
6.49203136563301086e-02
-9.59212929010391235e-02
-5.62963001430034637e-02
-3.17931734025478363e-02
3.88539321720600128e-02
9.76177379488945007e-02
-4.52575683593750000e-02
1.03806499391794205e-02
-9.65607166290283203e-03
9.22016054391860962e-02
-4.81051728129386902e-02
6.16767965257167816e-02
-2.98146307468414307e-02
6.12118747085332870e-03
3.81634421646595001e-02
6.73914924263954163e-02
-7.72264227271080017e-03
3.02790030837059021e-02
7.62965297326445580e-03
-4.02925387024879456e-02
-7.57593512535095215e-02
-4.01343069970607758e-02
1.91076975315809250e-02
5.65884597599506378e-02
-7.74020925164222717e-02
-6.27152845263481140e-02
-1.32078304886817932e-02
1.09460674226284027e-01
-7.49820889905095100e-03
3.91744077205657959e-02
5.39265573024749756e-02
4.64021973311901093e-02
2.57369247265160084e-03
5.08110458031296730e-03
3.10951210558414459e-02
1.80503334850072861e-02
8.22449277620762587e-04
-2.29132920503616333e-02
3.60290147364139557e-02
-1.88906695693731308e-02
1.21665047481656075e-02
7.61226117610931396e-02
7.31555372476577759e-02
-7.13571012020111084e-02
-1.00848071277141571e-01
1.63058470934629440e-02
3.55757074430584908e-03
4.53958921134471893e-02
4.25452999770641327e-02
6.21091155335307121e-03
-9.57842022180557251e-02
5.99363446235656738e-02
4.83219809830188751e-02
-4.38359752297401428e-03
-4.49454151093959808e-02
4.22557778656482697e-02
4.42562140524387360e-02
6.61077871918678284e-02
9.97249130159616470e-03
3.30737270414829254e-02
5.44127374887466431e-02
-7.15415328741073608e-02
-2.02708430588245392e-02
2.27023400366306305e-02
8.99319648742675781e-02
-1.54731888324022293e-03
6.46766573190689087e-02
-7.92501792311668396e-02
1.29299357533454895e-01
-7.64451473951339722e-02
-9.94288269430398941e-03
6.88197836279869080e-02
-1.04325916618108749e-02
-9.87451523542404175e-02
-3.85450534522533417e-02
-5.90438283979892731e-02
-6.37582018971443176e-02
-3.48630063235759735e-02
4.67841178178787231e-02
-4.39041964709758759e-02
7.89233390241861343e-03
-4.74522113800048828e-02
-1.01250596344470978e-01
-2.46283113956451416e-02
6.61550927907228470e-03
9.93199273943901062e-02
4.47549745440483093e-02
3.57560515403747559e-02
-8.56684073805809021e-02
-4.42664436995983124e-02
-6.14028843119740486e-03
-4.50448989868164062e-02
9.79967787861824036e-02
-1.98691748082637787e-02
4.29523624479770660e-02
5.80409653484821320e-02
2.38789506256580353e-02
3.57268638908863068e-02
3.85556034743785858e-02
-9.97021049261093140e-03
8.73677581548690796e-02
7.91044756770133972e-02
8.55508074164390564e-02
-4.66455519199371338e-02
3.10419872403144836e-02
6.93761929869651794e-02
8.36067348718643188e-02
-1.39042362570762634e-01
-2.75479513220489025e-04
5.43117597699165344e-02
1.14157665520906448e-02
2.24741697311401367e-02
-6.31945133209228516e-02
2.83926464617252350e-02
-6.85771629214286804e-02
9.56434458494186401e-02
-2.56604366004467010e-02
5.44624291360378265e-02
-7.96667765825986862e-03
-7.70188942551612854e-02
4.08202297985553741e-02
-8.14392939209938049e-02
1.44401500001549721e-02
-1.18078244850039482e-02
8.54528471827507019e-02
-5.79738132655620575e-02
-7.40847960114479065e-02
5.30558042228221893e-02
-8.66061151027679443e-02
6.69582411646842957e-02
-7.97554180026054382e-02
8.42675417661666870e-02
7.30416104197502136e-02
8.69227498769760132e-02
-6.33608624339103699e-02
-4.86467406153678894e-02
1.00025206804275513e-01
-8.88186469674110413e-02
-5.64080476760864258e-03
3.19845378398895264e-02
-4.87015470862388611e-02
3.58137004077434540e-02
-1.58508494496345520e-02
8.69115665555000305e-02
1.57427024096250534e-02
6.79498910903930664e-02
-1.15663502365350723e-02
7.88129121065139771e-02
3.61952371895313263e-02
-8.69321525096893311e-02
-8.18576291203498840e-02
3.26326750218868256e-02
-1.00784189999103546e-01
1.44246639683842659e-02
-5.22325281053781509e-04
2.85511780530214310e-02
9.10254344344139099e-02
5.85607513785362244e-02
-4.66247461736202240e-02
-6.99890777468681335e-02
-9.13213789463043213e-02
7.89647456258535385e-03
-3.38511504232883453e-02
-6.77093043923377991e-02
-9.53946188092231750e-02
8.41665416955947876e-02
6.52011781930923462e-02
8.14925432205200195e-02
8.05312320590019226e-02
7.27504566311836243e-02
-8.91015082597732544e-02
-2.80463583767414093e-02
-2.53685116767883301e-02
-3.11500672250986099e-02
-1.00964516401290894e-01
1.12900529056787491e-02
-1.22489494970068336e-04
-1.43032427877187729e-03
-9.23929512500762939e-02
-9.03584584593772888e-02
-1.27290133386850357e-02
6.48797675967216492e-02
6.40496099367737770e-03
7.16167613863945007e-02
-1.17237903177738190e-01
-7.57612809538841248e-02
-1.84644348919391632e-02
9.70766041427850723e-03
7.62787982821464539e-02
-3.13927256502211094e-03
-5.14623932540416718e-02
-7.23372399806976318e-02
7.77245461940765381e-02
-2.13818042539060116e-03
-1.87816296238452196e-03
-8.26056823134422302e-02
7.78830572962760925e-02
5.61423413455486298e-02
8.96202400326728821e-03
2.99695171415805817e-02
5.91801945120096207e-03
-1.62759739905595779e-02
-7.52867981791496277e-02
-3.93464230000972748e-02
4.24218289554119110e-02
8.93897712230682373e-02
-1.82790437247604132e-03
-4.07433249056339264e-02
-1.01727680885232985e-04
-7.68026560544967651e-02
9.76139232516288757e-02
1.98611989617347717e-03
9.63979512453079224e-02
8.42534899711608887e-02
-1.53045228216797113e-03
1.38203073292970657e-02
-9.13379620760679245e-03
4.39113304018974304e-02
3.99440713226795197e-02
-2.83609274774789810e-02
-3.07707954198122025e-02
-7.66638591885566711e-02
-1.86332501471042633e-02
4.63535590097308159e-03
-2.45606712996959686e-02
-4.02057059109210968e-02
7.43381083011627197e-02
-5.27370385825634003e-02
6.09024688601493835e-02
-9.00480709969997406e-03
1.43856443464756012e-02
-3.04876379668712616e-02
2.45567057281732559e-02
8.83680116385221481e-03
4.27263081073760986e-02
-2.52330917865037918e-02
2.33564153313636780e-02
1.44463889300823212e-02
-1.90899032168090343e-03
5.38096204400062561e-02
-1.06381792575120926e-02
-3.30247841775417328e-02
-5.45301195234060287e-03
2.87569221109151840e-02
-2.28689890354871750e-02
6.45056590437889099e-02
-6.34649693965911865e-02
-1.15818791091442108e-02
-4.34961169958114624e-02
-5.72255626320838928e-02
-6.00956007838249207e-02
-1.11525657121092081e-03
-2.86954622715711594e-02
2.30211876332759857e-02
-1.36145707219839096e-02
-7.81572163105010986e-02
8.92633795738220215e-02
1.07416631653904915e-02
2.31831185519695282e-02
-1.11129023134708405e-02
6.85627013444900513e-02
-2.85905841737985611e-02
1.77206881344318390e-02
-5.01952245831489563e-02
-2.84759346395730972e-02
-2.89302784949541092e-02
-2.03390400856733322e-02
-2.88316626101732254e-02
-1.18175651878118515e-02
-4.40582334995269775e-02
8.10723751783370972e-02
2.62392181903123856e-02
3.18001247942447662e-02
-1.85382217168807983e-02
-3.06662195362150669e-03
3.88335809111595154e-02
-3.67619581520557404e-02
2.93847117573022842e-02
-6.14692419767379761e-02
5.07800048217177391e-03
-8.10815021395683289e-03
7.06766312941908836e-03
7.20151374116539955e-03
-4.70344722270965576e-02
-1.27591952681541443e-01
-2.76726111769676208e-02
3.78949120640754700e-02
1.06855724006891251e-02
8.49389284849166870e-03
-2.20892112702131271e-02
-2.02667992562055588e-02
-9.51621755957603455e-02
-4.39752973616123199e-02
1.10441502183675766e-02
1.06194717809557915e-02
-7.37511962652206421e-02
-2.31666117906570435e-03
3.20883020758628845e-02
-4.22204583883285522e-02
-2.54617612808942795e-02
-3.42675447463989258e-02
-3.17870602011680603e-02
-4.57465127110481262e-02
5.30046317726373672e-03
5.85301518440246582e-02
6.91115763038396835e-03
-1.67492143809795380e-02
2.40797679871320724e-02
2.34061945229768753e-02
1.52688631787896156e-02
1.57996583729982376e-02
4.27644513547420502e-02
-4.17780987918376923e-02
-9.03133489191532135e-03
4.15907688438892365e-02
5.68021961953490973e-04
7.65191093087196350e-02
1.42178367823362350e-02
-3.47241051495075226e-02
1.94530710577964783e-02
-7.15762898325920105e-02
3.39326895773410797e-02
-3.66285373456776142e-03
1.94995533674955368e-02
-3.47846448421478271e-02
2.64580231159925461e-02
-1.13038290292024612e-02
-2.11963877081871033e-02
-5.83483651280403137e-02
-4.17889654636383057e-02
1.81264746934175491e-02
-5.28993550688028336e-03
-1.25278001651167870e-02
2.50741597265005112e-02
6.25776872038841248e-02
9.26097200135700405e-05
7.15046301484107971e-02
-5.05829192698001862e-02
-1.34036848321557045e-02
-1.21720638126134872e-02
-4.97881695628166199e-02
-2.96474695205688477e-02
2.18605063855648041e-03
6.91014574840664864e-03
1.45145924761891365e-02
-2.17595584690570831e-02
-4.23831231892108917e-02
3.11520230025053024e-02
9.34446528553962708e-02
5.05725927650928497e-02
-2.61404141783714294e-02
-4.55872081220149994e-02
-1.56998671591281891e-02
-1.38539029285311699e-02
2.42776563391089439e-03
3.12439748086035252e-03
2.41311565041542053e-02
8.33836644887924194e-02
7.14149773120880127e-02
3.69621589779853821e-02
-6.86269700527191162e-02
8.68969038128852844e-02
-1.65780410170555115e-02
6.26656934618949890e-02
-4.33113873004913330e-02
3.87673545628786087e-03
1.33115770295262337e-02
3.66835482418537140e-02
1.02563397958874702e-02
4.19773086905479431e-02
-7.69905522465705872e-02
-2.39069592207670212e-02
-1.06989555060863495e-02
4.53804023563861847e-02
-2.50784046947956085e-02
-2.35139089636504650e-03
-2.49069817364215851e-02
-3.90610098838806152e-03
-3.40564642101526260e-03
-2.91876532137393951e-02
8.12194496393203735e-02
1.61795411258935928e-03
1.78900398313999176e-02
-7.95717686414718628e-02
2.55152862519025803e-02
-4.15925756096839905e-02
-1.81263461709022522e-02
2.63717398047447205e-02
-3.82574088871479034e-02
-1.78292803466320038e-02
9.57641657441854477e-03
7.65356719493865967e-02
-4.10947836935520172e-02
-3.32477353513240814e-02
-1.89332570880651474e-02
5.31013458967208862e-02
-4.06509824097156525e-02
2.96045113354921341e-02
1.67168583720922470e-02
-5.10029308497905731e-02
-1.37664489448070526e-02
-7.46928714215755463e-03
-1.20232487097382545e-02
6.75924569368362427e-02
-8.41835979372262955e-03
2.69258860498666763e-02
4.82488161651417613e-04
-2.18301825225353241e-02
-5.71384653449058533e-02
-4.81523834168910980e-02
2.87887416779994965e-02
2.94132456183433533e-02
8.95994827151298523e-02
-5.49838021397590637e-02
3.40426666662096977e-03
4.40328149124979973e-03
-8.44235066324472427e-03
3.88419255614280701e-02
1.04974374175071716e-01
3.66554073989391327e-02
-4.85018119215965271e-02
2.93211117386817932e-02
5.29299722984433174e-03
5.45367561280727386e-02
-5.86495734751224518e-03
6.72926977276802063e-02
1.83631908148527145e-02
6.58532232046127319e-02
-1.02850515395402908e-02
6.18615746498107910e-02
-3.18975336849689484e-02
2.44639385491609573e-02
-3.36765870451927185e-02
-6.03780634701251984e-02
-1.82152353227138519e-02
-2.98405662178993225e-02
-1.65867861360311508e-02
2.14859787374734879e-02
-4.85473349690437317e-02
-3.62973362207412720e-02
5.22040612995624542e-02
3.18611897528171539e-02
-1.10879149287939072e-02
-1.80870424956083298e-02
4.18001413345336914e-02
-1.12543452996760607e-03
6.64441958069801331e-02
1.38564407825469971e-02
3.61751765012741089e-02
4.03331220149993896e-02
-1.46590722724795341e-02
5.67846037447452545e-02
-4.71242889761924744e-03
-4.64457012712955475e-02
2.84846592694520950e-02
-3.63092981278896332e-02
2.37908642739057541e-02
-3.23708131909370422e-02
-5.79495877027511597e-02
1.46439047530293465e-02
1.34002389386296272e-02
-1.24127930030226707e-02
-1.40861170366406441e-02
5.37633933126926422e-02
-3.79424244165420532e-02
5.66939488053321838e-02
-1.42470486462116241e-02
1.29037145525217056e-02
9.20754373073577881e-02
-7.11347768083214760e-03
-4.94585111737251282e-02
-1.13110058009624481e-02
-6.03460967540740967e-02
3.41957225464284420e-03
-4.37484867870807648e-02
3.67780290544033051e-02
-4.63683791458606720e-02
-5.91468438506126404e-03
3.37634421885013580e-02
3.80252255126833916e-03
3.00513822585344315e-02
-1.28234410658478737e-03
-1.85056943446397781e-02
-6.24669343233108521e-02
-3.72856110334396362e-02
4.33969795703887939e-02
3.43009503558278084e-03
-2.81448196619749069e-02
-3.12356930226087570e-02
5.23317717015743256e-02
-1.40449674800038338e-02
3.64174097776412964e-02
2.01733466237783432e-02
3.42559441924095154e-02
-1.14132780581712723e-02
-2.44059637188911438e-02
-6.11123023554682732e-03
3.13279815018177032e-02
-2.75375097990036011e-02
1.41813987866044044e-02
9.50592830777168274e-02
2.93530579656362534e-02
4.77789789438247681e-02
-4.61393594741821289e-02
-7.62554034590721130e-02
1.25485770404338837e-02
-9.41778533160686493e-03
6.40160515904426575e-02
4.08333428204059601e-02
-3.09218727052211761e-02
4.57591898739337921e-02
-2.54601817578077316e-02
-4.02954071760177612e-02
-3.74642945826053619e-02
-1.32973231375217438e-02
-2.63090971857309341e-02
-6.59747794270515442e-02
2.00986117124557495e-01
1.08535408973693848e-01
-4.01297330856323242e-01
1.57611072063446045e-01
-3.71450901031494141e-01
-4.93486709892749786e-02
-1.39348044991493225e-01
-6.02798126637935638e-02
6.76202118396759033e-01
-4.06403765082359314e-02
-1.48319512605667114e-01
7.27293491363525391e-02
-2.00050845742225647e-02
-1.11278064548969269e-01
9.65148583054542542e-02
-1.29590272903442383e-01
-1.10062599182128906e-01
-1.40402942895889282e-01
2.27745771408081055e-01
-1.76907941699028015e-01
-1.13073803484439850e-01
-1.67450219392776489e-01
-2.86728173494338989e-01
3.26270818710327148e-01
-4.20066952705383301e-01
2.11840450763702393e-01
2.98233300447463989e-01
-2.03886181116104126e-01
-7.52290934324264526e-02
-1.07911154627799988e-01
6.81727156043052673e-02
-2.87763386964797974e-01
1.56479284167289734e-01
1.30831360816955566e-01
-1.98323428630828857e-01
-9.95777398347854614e-02
3.99830251932144165e-01
2.04087346792221069e-01
-7.49536901712417603e-02
-2.72436678409576416e-01
-4.97788488864898682e-02
3.03067088127136230e-01
-2.12601155042648315e-01
-7.00019001960754395e-02
2.87243008613586426e-01
4.63505499064922333e-02
5.02126701176166534e-02
-6.97220042347908020e-02
-1.08534894883632660e-01
2.52987388521432877e-02
-3.21555465459823608e-01
-3.77401769161224365e-01
1.97251409292221069e-01
1.84358116239309311e-02
3.14831435680389404e-01
6.41914457082748413e-02
2.75614351034164429e-01
-1.04966059327125549e-01
7.89611507207155228e-03
6.78486051037907600e-03
-8.40260535478591919e-02
-2.38646984100341797e-01
-1.99756138026714325e-02
-3.35639379918575287e-02
-3.27222645282745361e-02
-5.09677410125732422e-01
-7.75559544563293457e-02
2.73952245712280273e-01
-1.48266971111297607e-01
1.37815952301025391e-01
4.55166846513748169e-02
-3.65209579467773438e-01
2.08811044692993164e-01
1.89762711524963379e-01
9.71156731247901917e-02
3.48827779293060303e-01
-1.23530492186546326e-01
4.02580797672271729e-01
-2.75414615869522095e-01
-1.53419926762580872e-01
-1.65506228804588318e-01
3.32807078957557678e-02
4.04269665479660034e-01
-4.77610528469085693e-02
1.39330789446830750e-01
2.24391564726829529e-01
-1.08899630606174469e-01
5.62293648719787598e-01
1.61775186657905579e-01
3.44229817390441895e-01
1.25984638929367065e-01
-3.01800277084112167e-02
4.03791934251785278e-01
1.88498750329017639e-01
-1.38487834483385086e-02
-3.21992158889770508e-01
-2.10549101233482361e-01
-7.71060809493064880e-02
1.41225799918174744e-01
1.20624609291553497e-01
-4.65610116720199585e-01
1.05548627674579620e-01
2.18832075595855713e-01
-3.16323280334472656e-01
1.96983635425567627e-01
4.93668206036090851e-02
1.36430367827415466e-01
2.31872439384460449e-01
-3.48584532737731934e-01
-2.45159164071083069e-01
1.22098915278911591e-01
7.92392268776893616e-02
-6.18247799575328827e-02
-2.68489331007003784e-01
2.91401803493499756e-01
4.86213922500610352e-01
-3.41671675443649292e-01
-4.84953463077545166e-01
-7.56000354886054993e-03
-1.18923805654048920e-01
-1.78273186087608337e-01
-5.23934423923492432e-01
-7.55939409136772156e-02
1.70981772243976593e-02
3.98944951593875885e-02
1.04257300496101379e-01
2.47735083103179932e-01
7.60832726955413818e-02
-2.23580554127693176e-01
1.67798087000846863e-01
1.22189804911613464e-01
-3.45870703458786011e-01
-2.63273626565933228e-01
3.07177454233169556e-02
-1.72619093209505081e-02
-2.29040831327438354e-01
9.09838452935218811e-02
1.74604028463363647e-01
-3.02201896905899048e-01
-5.89844547212123871e-02
1.23933531343936920e-01
1.19602009654045105e-01
1.52346789836883545e-01
-2.16211974620819092e-01
-9.27833914756774902e-02
3.82323920726776123e-01
3.46873641014099121e-01
-5.26158288121223450e-02
-1.15371488034725189e-01
3.23972404003143311e-01
-2.58341640233993530e-01
-2.11589217185974121e-01
3.80838550627231598e-02
-2.02630996704101562e-01
-1.12272225320339203e-01
-3.68562698364257812e-01
2.44676647707819939e-03
3.22922110557556152e-01
1.13852687180042267e-01
-2.28125378489494324e-01
9.17453840374946594e-02
9.82130840420722961e-02
1.89107358455657959e-01
3.98385167121887207e-01
-3.21711212396621704e-01
2.79896110296249390e-01
2.40001395344734192e-01
4.69474010169506073e-02
4.21956777572631836e-01
4.82244223356246948e-01
-1.72591567039489746e-01
4.54155892133712769e-01
-1.28321409225463867e-01
-3.58894139528274536e-01
-3.96103449165821075e-02
-1.06702350080013275e-01
3.34787666797637939e-02
-3.04628878831863403e-01
-1.52392899617552757e-02
-1.56042769551277161e-01
-5.36953270435333252e-01
-3.26618254184722900e-02
-2.48562708497047424e-01
5.14371208846569061e-02
1.69480443000793457e-02
-3.06527793407440186e-01
2.09653213620185852e-01
1.78750157356262207e-01
-5.57548463344573975e-01
1.56875565648078918e-01
-1.54201000928878784e-01
3.15954908728599548e-02
3.80896255373954773e-02
-1.42302066087722778e-01
1.81121408939361572e-01
1.61973029375076294e-01
-2.46052041649818420e-01
-9.41836982965469360e-02
8.31821858882904053e-02
6.97368532419204712e-02
9.91341378539800644e-03
2.51853704452514648e-01
-2.84045159816741943e-01
-3.72479766607284546e-01
-9.15451049804687500e-02
5.48529736697673798e-02
-5.44369101524353027e-01
4.02159661054611206e-01
2.27668568491935730e-01
-2.94732246547937393e-02
-2.76269391179084778e-02
-2.64043986797332764e-01
-2.37046852707862854e-01
1.51374088600277901e-02
2.69313395023345947e-01
1.43069103360176086e-01
9.11288857460021973e-02
-1.28699820488691330e-02
-2.48541727662086487e-01
-3.98517429828643799e-01
-3.72934676706790924e-02
-8.24911706149578094e-03
-4.98715415596961975e-02
-7.31141388416290283e-01
3.31423878669738770e-01
1.29200786352157593e-01
-5.40615022182464600e-01
-8.66012871265411377e-02
-3.03279727697372437e-01
-2.39799946546554565e-01
-8.66971537470817566e-02
1.35727390646934509e-01
1.18378521874547005e-02
2.06861168146133423e-01
4.23840880393981934e-02
-1.51813417673110962e-01
-1.37483805418014526e-01
-1.66498601436614990e-01
1.62772879004478455e-01
2.50986695289611816e-01
1.38765469193458557e-01
-2.03369870781898499e-01
-1.25853702425956726e-01
2.01814711093902588e-01
2.39702127873897552e-02
-3.94695885479450226e-02
-1.26080244779586792e-01
-2.95693457126617432e-01
-1.37863487005233765e-01
4.56369340419769287e-01
1.35100428014993668e-02
-8.66148397326469421e-02
2.37582176923751831e-01
-5.70094645023345947e-01
-2.43987753987312317e-01
2.44948625564575195e-01
-2.19645440578460693e-01
2.11274236440658569e-01
-1.02312102913856506e-01
-8.33997055888175964e-02
6.40853822231292725e-01
-1.41246914863586426e-01
-1.14584490656852722e-01
2.98146959394216537e-02
-2.40928575396537781e-01
9.11050364375114441e-02
-1.11244194209575653e-01
3.05202126502990723e-01
-2.24918261170387268e-01
9.65579599142074585e-02
-3.32856997847557068e-02
-3.05507332086563110e-01
9.92828309535980225e-02
-6.80565983057022095e-02
-1.41433507204055786e-01
1.37764245271682739e-01
5.93205243349075317e-02
5.12453794479370117e-01
5.55013015400618315e-04
3.61475169658660889e-01
3.09851355850696564e-02
1.82314291596412659e-01
-2.33251094818115234e-01
-1.64625823497772217e-01
2.61196017265319824e-01
8.36349129676818848e-02
-4.15991961956024170e-01
-8.68375003337860107e-02
9.58072617650032043e-02
3.18720415234565735e-02
2.57218331098556519e-01
1.04651495814323425e-01
-1.84424072504043579e-01
-2.56071358919143677e-01
-1.07204169034957886e-01
-6.19083605706691742e-02
-2.30586037039756775e-01
-2.33216673135757446e-01
2.82764881849288940e-01
2.67906159162521362e-01
1.57278664410114288e-02
3.83866801857948303e-02
8.13862457871437073e-02
-1.08400573953986168e-02
-5.23022562265396118e-02
-5.85187077522277832e-02
